listing_id,city,neighbourhood,property_type,bedrooms,bathrooms,area_sqm,building_age_years,floor,has_generator,has_borehole,tiled,gated_security,furnished,listed_on,listing_source,monthly_rent_xaf
LS-00164,Yaounde,Golf,chambre moderne,2,3,63.8,0,1,FALSE,TRUE,TRUE,TRUE,FALSE,2026-04-26,informal,219794
LS-02883,Douala,Akwa,apartment,1,2,42.8,0,3,FALSE,FALSE,TRUE,TRUE,FALSE,2025-09-18,portal,222273
LS-03740,Douala,Akwa,villa,3,3,77.3,13,4,TRUE,TRUE,FALSE,FALSE,FALSE,2025-12-17,agency,196239
LS-03477,Douala,Ndokoti,studio,4,3,360.3,19,1,FALSE,FALSE,TRUE,FALSE,FALSE,2026-06-02,informal,
LS-00633,Douala,Ndokoti,apartment,2,2,58.9,14,1,FALSE,FALSE,FALSE,FALSE,FALSE,04/07/2026,portal,101872
LS-02512,Yaounde,Bastos,apartment,1,1,67.1,1,3,TRUE,FALSE,FALSE,FALSE,FALSE,2025-08-14,portal,264249
LS-05639,Yaounde,Etoudi,duplex,1,2,21.9,6,2,FALSE,FALSE,TRUE,TRUE,FALSE,2025-12-18,informal,87973
LS-06085,Douala,Bonanjo,apartment,3,3,108.1,2,1,TRUE,FALSE,TRUE,FALSE,FALSE,2025-08-08,informal,
LS-04351,Yaounde,Nkolbisson,villa,1,1,57.4,24,0,FALSE,FALSE,FALSE,FALSE,FALSE,2025-08-13,agency,71871
LS-04330,Douala,Deido,villa,2,2,87.0,18,1,FALSE,FALSE,FALSE,FALSE,FALSE,2026-08-06,agency,248571
LS-04606,Yaounde,Golf,villa,1,2,44.9,0,1,TRUE,TRUE,FALSE,FALSE,FALSE,15/12/2025,agency,193953
LS-03253,Yaounde,Bastos,apartment,2,2,69.4,27,4,TRUE,FALSE,TRUE,TRUE,FALSE,2026-02-22,agency,230271
LS-01660,Yaounde,Bastos,duplex,1,1,32.0,8,1,FALSE,TRUE,TRUE,TRUE,FALSE,2025-08-04,portal,177050
LS-00871,Yaounde,Nsam,chambre moderne,2,2,74.6,6,1,TRUE,FALSE,FALSE,FALSE,FALSE,2025-10-01,informal,214038
LS-01394,Douala,Ndokoti,apartment,1,2,44.4,9,3,FALSE,FALSE,TRUE,FALSE,FALSE,2026-08-24,agency,97484
LS-01483,Douala,New Bell,apartment,1,1,36.9,13,2,FALSE,TRUE,FALSE,FALSE,FALSE,09/12/2025,informal,69614
LS-03779,Douala,Bonamoussadi,chambre moderne,2,2,72.2,7,0,FALSE,FALSE,FALSE,FALSE,FALSE,23/05/2026,portal,318766
LS-04596,Douala,Makepe,chambre moderne,2,1,74.6,16,3,FALSE,FALSE,TRUE,FALSE,TRUE,2025-08-14,portal,161774
LS-00022,Douala,Bonamoussadi,apartment,1,1,54.7,4,1,FALSE,FALSE,FALSE,TRUE,FALSE,2025-12-09,agency,114213
LS-02198,Douala,PK14,apartment,0,1,16.2,33,3,TRUE,FALSE,FALSE,FALSE,FALSE,2025-09-04,informal,
LS-02568,Yaounde,Emana,apartment,1,1,53.7,28,4,TRUE,FALSE,FALSE,FALSE,FALSE,2025-12-03,agency,65101
LS-03290,Douala,Logpom,apartment,4,3,113.4,9,3,FALSE,FALSE,FALSE,FALSE,TRUE,2025-08-28,agency,345290
LS-00376,Douala,Bonapriso,chambre moderne,1,1,45.8,0,4,TRUE,FALSE,TRUE,TRUE,FALSE,2026-01-19,agency,203100
LS-05773,Yaounde,Golf,apartment,3,3,104.1,15,2,TRUE,FALSE,FALSE,TRUE,FALSE,2026-06-26,informal,
LS-02577,Douala,Bonamoussadi,villa,2,3,86.6,29,0,FALSE,TRUE,TRUE,FALSE,TRUE,2026-03-21,agency,253878
LS-04096,Douala,Bonamoussadi,apartment,1,1,33.6,17,0,FALSE,FALSE,TRUE,TRUE,FALSE,2026-03-17,portal,92472
LS-04861,Yaounde,Biyem-Assi,studio,1,2,49.7,21,3,FALSE,FALSE,TRUE,FALSE,FALSE,2025-10-31,portal,52075
LS-04920,Douala,Ndokoti,apartment,2,2,65.6,8,0,FALSE,TRUE,TRUE,FALSE,FALSE,30/08/2025,informal,98627
LS-03754,Yaounde,Mendong,duplex,4,3,126.3,3,0,FALSE,FALSE,FALSE,FALSE,FALSE,2025-08-24,agency,279900
LS-03919,Douala,Akwa,apartment,2,3,88.8,7,1,FALSE,FALSE,TRUE,FALSE,FALSE,27/05/2026,portal,"281,714"
LS-05527,Yaounde,Mendong,studio,2,3,76.1,0,1,FALSE,TRUE,TRUE,FALSE,FALSE,2026-02-19,agency,174930
LS-05901,Douala,Bepanda,apartment,3,2,102.4,3,0,FALSE,TRUE,TRUE,FALSE,FALSE,2026-05-12,agency,232410
LS-00613,Yaounde,Biyem-Assi,villa,2,2,74.2,7,2,TRUE,FALSE,TRUE,FALSE,FALSE,2026-02-26,agency,123610
LS-05064,Yaounde,Emana,apartment,3,3,115.4,6,2,no,FALSE,FALSE,FALSE,FALSE,2026-05-15,informal,189347
LS-05579,Douala,Deido,apartment,2,2,60.3,12,0,FALSE,FALSE,TRUE,FALSE,FALSE,2026-07-04,agency,153628
LS-00135,Yaounde,Mvog-Betsi,apartment,1,2,48.1,6,0,TRUE,FALSE,FALSE,TRUE,FALSE,10/08/2026,agency,105880
LS-02970,Douala,Bonapriso,studio,2,2,69.4,15,1,TRUE,FALSE,TRUE,TRUE,TRUE,2026-04-14,portal,271856
LS-04670,Douala,Akwa,duplex,2,2,68.4,25,0,TRUE,TRUE,FALSE,TRUE,TRUE,2025-10-20,portal,272127
LS-02191,Yaounde,Bastos,chambre moderne,3,2,117.0,23,1,TRUE,FALSE,TRUE,TRUE,FALSE,20/01/2026,agency,576055
LS-05246,Yaounde,Bastos,studio,5,4,143.7,10,3,TRUE,TRUE,TRUE,TRUE,TRUE,2025-10-28,agency,1277258
LS-01812,Douala,Deido,duplex,1,2,51.0,26,2,TRUE,FALSE,TRUE,TRUE,TRUE,2025-12-12,agency,118310
LS-04049,Douala,Bonaberi,apartment,2,2,75.4,10,0,FALSE,FALSE,FALSE,FALSE,TRUE,2026-07-06,informal,
LS-02865,Douala,Makepe,apartment,2,2,60.0,22,3,FALSE,FALSE,TRUE,FALSE,FALSE,2025-07-10,portal,121627
LS-00813,Yaounde,Emana,studio,1,2,40.5,9,0,FALSE,FALSE,TRUE,FALSE,FALSE,28/01/2026,agency,108076
LS-00289,Yaounde,Bastos,apartment,3,3,77.9,13,0,TRUE,FALSE,TRUE,TRUE,TRUE,2026-08-11,agency,352532
LS-00304,Douala,Ndokoti,chambre moderne,3,2,90.5,0,3,FALSE,FALSE,TRUE,FALSE,FALSE,2025-08-29,portal,171599
LS-04828,Douala,Bonapriso,villa,0,1,21.0,18,2,TRUE,FALSE,TRUE,FALSE,TRUE,2025-07-19,agency,98537
LS-01458,Yaounde,Nkolbisson,villa,2,2,67.7,24,1,FALSE,FALSE,TRUE,FALSE,FALSE,2026-03-23,informal,
LS-00532,Yaounde,Mvan,apartment,2,2,58.3,10,3,TRUE,FALSE,FALSE,FALSE,FALSE,2026-01-09,portal,102096
LS-02721,Yaounde,Nsam,apartment,3,2,104.1,11,1,FALSE,FALSE,FALSE,FALSE,FALSE,03/01/2026,agency,181179
LS-05832,Douala,Bonanjo,studio,3,3,100.8,15,4,FALSE,TRUE,TRUE,TRUE,FALSE,2025-07-09,portal,412537
LS-03211,Yaounde,Etoudi,studio,1,1,34.6,20,4,TRUE,FALSE,TRUE,FALSE,FALSE,2025-08-30,informal,51451
LS-03617,Douala,Deido,apartment,2,2,62.9,8,0,FALSE,TRUE,FALSE,TRUE,TRUE,2025-08-13,portal,"132,467"
LS-03695,Douala,Bonamoussadi,duplex,4,2,119.7,28,2,TRUE,TRUE,TRUE,TRUE,TRUE,2026-04-21,portal,389360
LS-01848,Yaounde,Emana,studio,2,2,76.7,12,3,TRUE,FALSE,FALSE,FALSE,FALSE,2026-06-27,informal,116997
LS-03606,Yaounde,Mvog-Betsi,studio,3,2,93.6,13,1,FALSE,FALSE,FALSE,FALSE,FALSE,2026-07-13,agency,153857
LS-00462,Douala,Akwa,chambre moderne,1,2,48.9,19,0,TRUE,FALSE,FALSE,FALSE,FALSE,2026-02-14,portal,89746
LS-03333,Douala,Akwa,duplex,0,1,27.3,26,2,TRUE,FALSE,TRUE,TRUE,FALSE,2025-10-04,agency,120295
LS-03761,Douala,Bonapriso,duplex,2,2,55.8,17,0,TRUE,TRUE,TRUE,FALSE,FALSE,2026-01-25,informal,
LS-04308,Yaounde,Mendong,studio,0,1,14.0,15,1,FALSE,FALSE,FALSE,FALSE,FALSE,2026-02-22,agency,48502
LS-03090,Douala,Bonamoussadi,duplex,2,2,67.0,17,1,FALSE,FALSE,FALSE,TRUE,FALSE,2026-04-03,informal,
LS-04820,Yaounde,Nsam,apartment,0,1,19.5,19,3,FALSE,FALSE,FALSE,FALSE,FALSE,31/10/2025,agency,54711
LS-05716,Douala,New Bell,studio,4,3,148.1,15,1,no,FALSE,TRUE,FALSE,FALSE,2025-07-20,informal,420670
LS-00774,Yaounde,Mendong,studio,4,3,144.2,21,0,TRUE,FALSE,TRUE,FALSE,FALSE,2026-05-18,informal,396632
LS-00697,Douala,Bonanjo,apartment,5,3,146.7,8,0,FALSE,TRUE,TRUE,FALSE,FALSE,09/04/2026,agency,989796
LS-01902,Yaounde,Nsam,apartment,1,2,56.5,0,0,FALSE,FALSE,TRUE,FALSE,FALSE,2025-08-25,agency,61606
LS-04187,Yaounde,Nsam,studio,3,3,95.7,20,1,FALSE,TRUE,TRUE,FALSE,FALSE,2026-02-26,agency,145276
LS-05200,Douala,New Bell,apartment,3,3,103.0,10,4,FALSE,TRUE,FALSE,FALSE,FALSE,2026-04-29,informal,178926
LS-04957,Yaounde,Nkolbisson,apartment,2,2,72.2,10,1,TRUE,FALSE,FALSE,FALSE,FALSE,2025-11-22,agency,144759
LS-03028,Douala,Ndokoti,villa,2,2,75.0,2,1,FALSE,FALSE,TRUE,FALSE,FALSE,2026-07-26,agency,72998
LS-03473,Yaounde,Mendong,apartment,3,3,91.6,17,0,FALSE,FALSE,TRUE,FALSE,FALSE,2025-12-14,agency,233133
LS-05792,Douala,Logpom,apartment,5,5,152.9,36,0,FALSE,TRUE,TRUE,FALSE,FALSE,2026-07-19,informal,
LS-04383,Yaounde,Mendong,apartment,0,1,14.0,15,4,FALSE,FALSE,TRUE,FALSE,FALSE,2025-10-30,agency,43357
LS-00606,Yaounde,Biyem-Assi,apartment,2,2,80.8,8,4,TRUE,TRUE,FALSE,TRUE,FALSE,2026-07-24,portal,297670
LS-01509,Yaounde,Emana,villa,1,2,42.0,8,2,FALSE,FALSE,FALSE,FALSE,FALSE,2025-08-15,agency,92326
LS-01754,Douala,PK14,studio,2,2,70.3,16,0,TRUE,FALSE,FALSE,TRUE,FALSE,2026-04-23,informal,
LS-02522,Douala,Bonapriso,studio,1,2,24.8,28,3,TRUE,TRUE,FALSE,FALSE,FALSE,2026-05-29,agency,84084
LS-01678,Yaounde,Biyem-Assi,apartment,1,1,42.3,4,0,FALSE,FALSE,FALSE,FALSE,TRUE,2026-08-02,agency,123340
LS-05700,Douala,Deido,villa,0,1,14.0,9,0,FALSE,FALSE,TRUE,FALSE,FALSE,23/08/2026,agency,56917
LS-01912,Yaounde,Biyem-Assi,apartment,1,1,38.0,27,0,FALSE,FALSE,TRUE,FALSE,FALSE,2025-09-17,agency,74461
LS-01567,Douala,Bonaberi,studio,3,2,91.7,15,0,FALSE,TRUE,FALSE,FALSE,FALSE,2026-02-27,agency,197390
LS-05149,Douala,Bonamoussadi,studio,2,3,100.6,21,0,FALSE,TRUE,TRUE,FALSE,TRUE,2026-08-11,agency,258834
LS-05987,Yaounde,Nsam,chambre moderne,1,1,41.0,15,0,FALSE,FALSE,TRUE,FALSE,FALSE,2026-01-17,portal,71752
LS-05634,Douala,Bonapriso,chambre moderne,4,3,98.1,10,0,TRUE,TRUE,TRUE,TRUE,FALSE,2026-06-18,informal,512124
LS-00194,Yaounde,Emana,chambre moderne,4,3,125.9,5,1,FALSE,FALSE,FALSE,FALSE,FALSE,09/07/2026,agency,229824
LS-02989,Douala,PK14,villa,0,1,26.1,4,0,FALSE,FALSE,FALSE,TRUE,FALSE,14/09/2025,portal,56524
LS-02411,Yaounde,Bastos,apartment,2,2,72.3,11,2,FALSE,FALSE,TRUE,FALSE,FALSE,2025-08-26,agency,274680
LS-00681,Yaounde,Omnisport,apartment,2,2,85.5,10,0,TRUE,TRUE,TRUE,TRUE,TRUE,2026-04-24,portal,293046
LS-00792,Yaounde,Mimboman,apartment,2,2,61.8,5,1,FALSE,FALSE,TRUE,FALSE,FALSE,2025-10-25,portal,"114,661"
LS-02614,Yaounde,Etoudi,chambre moderne,1,1,43.3,6,3,FALSE,FALSE,TRUE,TRUE,FALSE,31/08/2025,informal,127623
LS-06148,Yaounde,Mimboman,duplex,3,2,103.4,12,1,FALSE,FALSE,FALSE,FALSE,FALSE,2025-07-28,portal,141167
LS-02268,Douala,Logpom,villa,4,3,115.4,11,0,FALSE,FALSE,TRUE,FALSE,FALSE,2026-04-26,agency,352109
LS-04877,Yaounde,Etoudi,apartment,0,1,14.0,30,0,FALSE,FALSE,FALSE,FALSE,FALSE,2025-07-17,agency,55934
LS-05241,Douala,Bonaberi,apartment,1,2,48.0,0,2,FALSE,FALSE,TRUE,FALSE,FALSE,2026-02-28,portal,89582
LS-05212,Yaounde,Nkolbisson,apartment,1,1,33.5,4,2,TRUE,FALSE,FALSE,FALSE,FALSE,2025-10-01,informal,66890
LS-00845,Douala,Ndokoti,villa,1,1,43.7,14,4,FALSE,FALSE,FALSE,FALSE,FALSE,2025-11-30,portal,78406
LS-03730,Yaounde,Biyem-Assi,villa,1,2,29.0,13,1,FALSE,TRUE,TRUE,FALSE,FALSE,2026-02-05,portal,82642
LS-02664,Douala,Akwa,apartment,2,1,83.0,13,0,yes,FALSE,TRUE,FALSE,TRUE,2025-09-07,agency,276122
LS-03306,Yaounde,Bastos,apartment,1,1,38.5,10,0,TRUE,TRUE,TRUE,TRUE,FALSE,2026-07-23,informal,180596
LS-00063,Yaounde,Biyem-Assi,duplex,2,1,72.2,3,2,FALSE,FALSE,FALSE,FALSE,FALSE,2025-12-05,agency,145668
LS-05921,Douala,Deido,villa,1,1,37.4,9,0,TRUE,FALSE,TRUE,FALSE,FALSE,26/04/2026,agency,64075
LS-02657,Douala,Deido,apartment,4,2,118.9,24,1,FALSE,FALSE,TRUE,FALSE,FALSE,2025-07-19,portal,371215
LS-05932,Yaounde,Nsam,villa,2,2,86.4,12,4,FALSE,FALSE,FALSE,FALSE,FALSE,2026-01-04,agency,102341
LS-04094,Douala,New Bell,studio,1,1,63.4,16,1,FALSE,FALSE,FALSE,FALSE,FALSE,2025-08-09,agency,58092
LS-02746,Yaounde,Mendong,apartment,3,3,106.6,23,1,FALSE,FALSE,FALSE,FALSE,FALSE,2025-10-19,portal,141357
LS-02314,Douala,Bonapriso,studio,3,3,96.3,27,2,TRUE,FALSE,TRUE,TRUE,FALSE,2026-05-25,portal,"464,480"
LS-04163,Yaounde,Mimboman,duplex,2,2,77.8,31,1,FALSE,TRUE,FALSE,FALSE,FALSE,2026-04-07,agency,131171
LS-02783,Yaounde,Etoudi,chambre moderne,0,1,34.7,10,4,FALSE,TRUE,FALSE,TRUE,FALSE,2025-10-30,agency,103856
LS-03200,Yaounde,Golf,chambre moderne,2,2,65.9,18,1,TRUE,FALSE,TRUE,TRUE,FALSE,2026-07-21,informal,
LS-04388,Douala,Logpom,duplex,2,2,57.8,16,2,FALSE,TRUE,TRUE,FALSE,FALSE,2025-10-16,informal,199829
LS-06086,Douala,Makepe,chambre moderne,1,1,32.7,0,0,FALSE,FALSE,TRUE,FALSE,FALSE,2026-01-01,agency,91455
LS-01631,Yaounde,Biyem-Assi,villa,3,3,106.9,13,2,FALSE,FALSE,TRUE,FALSE,FALSE,2026-01-06,agency,349265
LS-01728,Yaounde,Etoudi,studio,1,1,32.6,26,1,FALSE,TRUE,TRUE,FALSE,FALSE,2026-04-23,agency,51520
LS-03970,Douala,Bonanjo,apartment,3,4,105.0,15,0,FALSE,FALSE,TRUE,TRUE,FALSE,2026-01-18,portal,488665
LS-02663,Yaounde,Mimboman,apartment,1,2,194.3,16,0,FALSE,FALSE,FALSE,TRUE,FALSE,2026-03-23,agency,349859
LS-03847,Yaounde,Mvog-Betsi,apartment,5,3,143.7,15,1,TRUE,FALSE,FALSE,FALSE,FALSE,2026-08-13,agency,"462,240"
LS-01762,Yaounde,Bastos,apartment,3,4,99.1,0,3,no,TRUE,TRUE,FALSE,TRUE,2025-09-24,agency,758079
LS-02672,Yaounde,Golf,apartment,4,2,137.3,14,0,no,FALSE,TRUE,TRUE,FALSE,2026-08-02,informal,605695
LS-00508,Yaounde,Mvog-Betsi,chambre moderne,1,2,52.9,22,0,FALSE,FALSE,FALSE,FALSE,FALSE,03/07/2026,informal,44896
LS-01330,Douala,Deido,apartment,3,2,88.9,3,4,FALSE,FALSE,TRUE,FALSE,FALSE,2025-11-21,informal,
LS-03906,Douala,Akwa,duplex,3,3,108.0,23,1,FALSE,FALSE,TRUE,FALSE,FALSE,30/10/2025,agency,329957
LS-03310,Yaounde,Omnisport,apartment,3,3,97.1,38,0,TRUE,FALSE,FALSE,TRUE,FALSE,2026-05-26,agency,348092
LS-00719,Yaounde,Omnisport,villa,4,4,119.0,21,4,TRUE,TRUE,TRUE,FALSE,FALSE,01/05/2026,informal,500089
LS-02207,Douala,PK14,chambre moderne,2,1,81.5,11,2,FALSE,TRUE,FALSE,FALSE,FALSE,2026-08-01,portal,136837
LS-01637,Yaounde,Mvog-Betsi,studio,3,3,108.3,19,1,FALSE,TRUE,TRUE,FALSE,FALSE,05/04/2026,informal,
LS-02628,Yaounde,Mvan,apartment,2,1,74.4,21,4,FALSE,FALSE,FALSE,FALSE,FALSE,2026-05-03,portal,116511
LS-06153,Douala,Bonanjo,apartment,3,2,91.6,9,0,TRUE,TRUE,FALSE,FALSE,FALSE,2026-04-30,portal,338280
LS-03584,Yaounde,Omnisport,apartment,2,2,80.6,19,1,FALSE,FALSE,TRUE,FALSE,FALSE,2025-08-17,agency,161290
LS-02281,Yaounde,Mendong,apartment,3,2,111.6,2,1,FALSE,TRUE,FALSE,TRUE,FALSE,2026-08-21,portal,197401
LS-01770,Yaounde,Biyem-Assi,apartment,0,1,19.1,17,0,FALSE,FALSE,FALSE,TRUE,FALSE,2026-07-09,agency,44170
LS-01647,Douala,Logpom,apartment,1,1,42.0,13,1,FALSE,TRUE,TRUE,FALSE,FALSE,2026-06-02,portal,54572
LS-03430,Douala,New Bell,apartment,2,3,69.3,0,1,FALSE,FALSE,FALSE,FALSE,FALSE,2026-03-21,informal,118677
LS-03664,Yaounde,Etoudi,apartment,3,2,103.8,7,3,TRUE,TRUE,FALSE,FALSE,FALSE,2026-04-09,portal,267394
LS-04408,Yaounde,Nsam,studio,2,3,89.1,8,0,FALSE,FALSE,FALSE,FALSE,FALSE,2026-05-19,informal,139268
LS-01864,Yaounde,Mendong,apartment,5,3,151.9,7,0,no,FALSE,FALSE,TRUE,FALSE,2026-05-10,portal,511153
LS-00938,Douala,PK14,apartment,3,2,92.5,15,4,no,TRUE,FALSE,FALSE,FALSE,2026-02-16,informal,
LS-04745,Yaounde,Nkolbisson,apartment,1,1,36.6,9,3,FALSE,TRUE,FALSE,FALSE,FALSE,24/05/2026,portal,71807
LS-00292,Yaounde,Mvan,apartment,1,2,36.8,23,2,FALSE,FALSE,FALSE,FALSE,TRUE,2025-08-08,agency,"69,246"
LS-05650,Yaounde,Omnisport,apartment,2,2,84.6,15,2,FALSE,FALSE,FALSE,FALSE,FALSE,2025-09-13,portal,204217
LS-03062,Yaounde,Mvan,duplex,2,3,67.2,22,1,FALSE,FALSE,TRUE,FALSE,FALSE,2026-06-20,agency,128817
LS-03100,Yaounde,Bastos,duplex,2,1,90.8,18,3,FALSE,FALSE,FALSE,TRUE,TRUE,2026-06-10,agency,295120
LS-04441,Douala,Ndokoti,duplex,1,1,49.3,26,4,TRUE,FALSE,FALSE,FALSE,FALSE,2025-08-06,informal,
LS-00535,Yaounde,Mimboman,villa,1,1,69.7,2,0,FALSE,FALSE,TRUE,FALSE,FALSE,26/11/2025,agency,98996
LS-02852,Douala,Bonanjo,apartment,3,3,96.0,23,0,FALSE,TRUE,FALSE,FALSE,FALSE,2026-02-26,agency,314445
LS-00667,Douala,Makepe,duplex,2,3,82.9,6,2,FALSE,TRUE,FALSE,TRUE,TRUE,2025-07-22,informal,557032
LS-02358,Yaounde,Nkolbisson,villa,2,3,80.1,6,4,FALSE,FALSE,TRUE,FALSE,FALSE,23/06/2026,agency,117727
LS-00364,Douala,PK14,duplex,2,1,72.8,14,1,FALSE,FALSE,FALSE,FALSE,FALSE,18/08/2026,informal,
LS-03716,Douala,Bonapriso,villa,1,1,46.8,0,1,TRUE,FALSE,FALSE,FALSE,FALSE,2026-03-20,informal,185456
LS-06130,Yaounde,Mvog-Betsi,villa,2,1,58.7,9,1,FALSE,FALSE,TRUE,FALSE,FALSE,2025-10-02,agency,149114
LS-03733,Yaounde,Golf,apartment,4,2,137.6,20,1,TRUE,FALSE,TRUE,TRUE,TRUE,2026-08-14,agency,737616
LS-01881,Yaounde,Golf,apartment,3,3,100.8,24,1,FALSE,FALSE,TRUE,FALSE,FALSE,2026-01-25,agency,430721
LS-00978,Yaounde,Nsam,apartment,1,2,53.6,29,0,FALSE,TRUE,FALSE,FALSE,FALSE,2025-07-06,agency,81070
LS-01664,Douala,Bonanjo,studio,0,1,30.8,20,1,TRUE,FALSE,FALSE,FALSE,FALSE,2025-11-30,agency,"101,187"
LS-05871,Douala,Bonaberi,studio,2,2,75.4,29,0,TRUE,TRUE,TRUE,FALSE,FALSE,2025-07-22,agency,130490
LS-00019,Yaounde,Etoudi,chambre moderne,2,3,58.6,19,0,FALSE,FALSE,TRUE,FALSE,FALSE,2025-08-30,agency,120180
LS-01404,Yaounde,Mvog-Betsi,chambre moderne,2,2,81.2,23,4,FALSE,FALSE,FALSE,FALSE,FALSE,18/06/2026,portal,119754
LS-04597,Douala,Bonaberi,apartment,0,1,14.0,4,4,FALSE,FALSE,TRUE,FALSE,FALSE,2025-08-10,informal,42414
LS-02509,Yaounde,Bastos,apartment,3,3,104.7,12,3,TRUE,FALSE,TRUE,FALSE,FALSE,2025-09-14,agency,426237
LS-03420,Douala,PK14,apartment,3,3,107.6 m2,18,0,FALSE,FALSE,TRUE,FALSE,FALSE,2026-01-01,agency,251448
LS-05865,Yaounde,Biyem-Assi,apartment,3,4,92.3,6,1,FALSE,TRUE,FALSE,FALSE,FALSE,2026-06-29,agency,244507
LS-06029,Yaounde,Omnisport,apartment,1,2,44.1,22,0,TRUE,FALSE,TRUE,TRUE,FALSE,2026-06-14,agency,124847
LS-05936,Yaounde,Nsam,apartment,3,2,92.7,8,0,TRUE,FALSE,TRUE,FALSE,FALSE,2026-06-05,agency,294479
LS-02333,Yaounde,Mvan,apartment,2,2,91.6,30,4,FALSE,FALSE,TRUE,TRUE,FALSE,2026-04-12,agency,196603
LS-03669,Yaounde,Emana,apartment,3,2,79.6,8,3,FALSE,FALSE,TRUE,FALSE,FALSE,31/05/2026,portal,228425
LS-05105,Douala,Bonanjo,duplex,1,1,47.5,12,0,TRUE,FALSE,FALSE,TRUE,FALSE,2026-02-19,agency,"243,303"
LS-03976,Douala,Bonanjo,villa,4,3,127.1,34,3,TRUE,FALSE,TRUE,TRUE,FALSE,2026-05-29,agency,"576,853"
LS-00818,Yaounde,Mvan,apartment,3,2,90.0,23,3,FALSE,FALSE,FALSE,TRUE,FALSE,2026-01-22,agency,150612
LS-02330,Douala,Bonapriso,duplex,2,2,68.7,22,0,FALSE,TRUE,TRUE,FALSE,TRUE,16/08/2026,agency,245976
LS-00904,Yaounde,Nsam,villa,0,1,19.1,12,1,TRUE,FALSE,TRUE,FALSE,FALSE,2026-01-16,portal,57028
LS-02189,Yaounde,Mvan,chambre moderne,1,1,46.8,11,1,FALSE,FALSE,FALSE,FALSE,FALSE,2025-08-16,agency,53701
LS-03677,Douala,Bonamoussadi,apartment,1,1,53.0,1,2,FALSE,FALSE,TRUE,TRUE,FALSE,2026-08-18,agency,87175
LS-00125,Yaounde,Emana,apartment,3,2,99.2,13,1,FALSE,FALSE,FALSE,FALSE,FALSE,2025-09-16,informal,281076
LS-03378,Yaounde,Mimboman,apartment,3,3,121.8,16,0,FALSE,FALSE,FALSE,FALSE,FALSE,2025-12-16,portal,"227,851"
LS-03645,Douala,Bepanda,apartment,3,2,113.0,9,1,TRUE,FALSE,FALSE,FALSE,FALSE,2026-02-14,portal,246300
LS-01703,Douala,Bonamoussadi,apartment,2,1,71.2,26,0,FALSE,TRUE,FALSE,FALSE,TRUE,2026-02-08,agency,228645
LS-02815,Yaounde,Nsam,apartment,4,4,130.0,27,4,FALSE,FALSE,FALSE,FALSE,FALSE,2025-08-06,informal,
LS-05235,Douala,Akwa,apartment,4,3,108.3 m2,5,1,FALSE,FALSE,FALSE,FALSE,FALSE,2026-08-07,agency,360929
LS-00672,Yaounde,Biyem-Assi,apartment,3,3,100.2,23,0,FALSE,FALSE,TRUE,TRUE,FALSE,2025-09-29,portal,262592
LS-00481,Yaounde,Etoudi,studio,1,1,55.6,0,4,FALSE,FALSE,FALSE,FALSE,TRUE,2026-06-07,agency,"145,951"
LS-02795,Yaounde,Mimboman,duplex,2,2,78.0 m2,15,3,FALSE,FALSE,FALSE,FALSE,FALSE,2026-05-03,portal,89488
LS-01447,Douala,Bonamoussadi,apartment,4,3,141.1,5,0,FALSE,FALSE,FALSE,FALSE,TRUE,2025-09-08,agency,840450
LS-00865,Douala,Makepe,villa,2,1,73.2,22,2,TRUE,TRUE,TRUE,FALSE,FALSE,2025-08-28,agency,155244
LS-01434,Yaounde,Mimboman,studio,1,2,67.8,3,2,FALSE,FALSE,FALSE,FALSE,TRUE,2025-09-05,portal,"128,095"
LS-06199,Douala,Bonamoussadi,studio,1,1,31.8,6,1,FALSE,TRUE,TRUE,TRUE,FALSE,14/07/2026,portal,98860
LS-00213,Yaounde,Golf,villa,2,1,55.6,10,4,FALSE,TRUE,TRUE,TRUE,FALSE,2025-10-12,portal,121394
LS-00193,Yaounde,Mimboman,chambre moderne,4,3,119.1,23,1,FALSE,FALSE,TRUE,FALSE,FALSE,2026-05-09,informal,298367
LS-05324,Yaounde,Biyem-Assi,villa,4,4,134.5,22,4,FALSE,FALSE,FALSE,FALSE,FALSE,2026-07-08,agency,372962
LS-05633,Yaounde,Mendong,duplex,1,2,55.8,6,3,FALSE,TRUE,FALSE,FALSE,FALSE,2025-09-22,agency,138433
LS-02694,Yaounde,Golf,chambre moderne,2,2,83.9,19,0,TRUE,FALSE,TRUE,TRUE,FALSE,2026-01-01,agency,274602
LS-02287,Douala,Makepe,apartment,3,3,94.1,11,3,TRUE,FALSE,TRUE,TRUE,FALSE,2026-04-16,portal,412784
LS-03586,Douala,Bonamoussadi,apartment,2,3,45.7,22,0,FALSE,FALSE,FALSE,TRUE,FALSE,2025-07-17,informal,109702
LS-03911,Douala,Bonanjo,duplex,2,3,86.4,9,1,TRUE,FALSE,TRUE,TRUE,FALSE,2026-01-02,agency,399506
LS-04722,Yaounde,Bastos,duplex,3,3,95.4,31,0,FALSE,FALSE,FALSE,TRUE,FALSE,2025-12-21,agency,343117
LS-00357,Yaounde,Omnisport,duplex,3,2,118.0,12,0,FALSE,TRUE,TRUE,FALSE,TRUE,2026-08-04,agency,589418
LS-02925,Douala,Logpom,apartment,3,3,108.8,26,1,TRUE,FALSE,FALSE,FALSE,FALSE,04/02/2026,agency,192310
LS-05138,Yaounde,Omnisport,villa,2,1,200.4,10,1,FALSE,TRUE,FALSE,FALSE,TRUE,23/08/2025,informal,
LS-00577,Yaounde,Etoudi,duplex,3,3,89.4,19,3,FALSE,FALSE,TRUE,FALSE,FALSE,2025-08-23,informal,214146
LS-04208,Yaounde,Omnisport,apartment,3,3,86.2,20,0,FALSE,FALSE,TRUE,TRUE,TRUE,2025-11-20,agency,375949
LS-04679,Yaounde,Nkolbisson,apartment,1,1,44.4,6,3,FALSE,FALSE,TRUE,FALSE,FALSE,2026-08-10,portal,87780
LS-00539,Douala,Bonaberi,chambre moderne,3,2,99.6,0,4,FALSE,TRUE,FALSE,FALSE,FALSE,2025-08-29,informal,275799
LS-05104,Douala,Logpom,villa,3,2,117.1,10,1,FALSE,TRUE,TRUE,FALSE,FALSE,2025-09-06,portal,"299,951"
LS-04484,Yaounde,Nkolbisson,chambre moderne,1,1,33.2,7,2,FALSE,FALSE,FALSE,FALSE,FALSE,2026-06-17,agency,105244
LS-04170,Douala,Ndokoti,chambre moderne,3,3,111.5,3,0,FALSE,FALSE,FALSE,TRUE,FALSE,2026-03-10,agency,244799
LS-05846,Douala,PK14,studio,3,2,96.4,11,4,FALSE,TRUE,TRUE,FALSE,FALSE,2026-04-06,agency,155750
LS-01097,Yaounde,Mvan,studio,1,2,54.4,0,3,FALSE,FALSE,FALSE,FALSE,FALSE,2025-09-14,portal,138037
LS-04188,Yaounde,Bastos,apartment,1,1,69.3,30,3,no,TRUE,TRUE,TRUE,TRUE,2026-02-17,portal,403480
LS-02313,Douala,Bonaberi,villa,1,1,42.9,1,3,FALSE,TRUE,FALSE,FALSE,TRUE,2026-07-22,agency,112618
LS-01311,Douala,Bonapriso,apartment,1,1,64.5,2,1,FALSE,FALSE,TRUE,TRUE,TRUE,2026-05-18,agency,"324,232"
LS-01847,Douala,Akwa,apartment,0,1,27.5,15,0,TRUE,TRUE,FALSE,TRUE,FALSE,2025-11-14,informal,
LS-02819,Yaounde,Biyem-Assi,apartment,4,3,131.3,0,1,FALSE,FALSE,TRUE,FALSE,FALSE,2025-08-31,agency,559546
LS-00816,Yaounde,Mimboman,chambre moderne,2,2,54.5,16,1,FALSE,FALSE,TRUE,FALSE,FALSE,11/12/2025,agency,55096
LS-01484,Yaounde,Biyem-Assi,chambre moderne,2,2,80.1 m2,23,0,FALSE,FALSE,FALSE,FALSE,FALSE,19/10/2025,portal,105194
LS-02367,Yaounde,Biyem-Assi,villa,2,2,81.9,28,0,FALSE,FALSE,FALSE,FALSE,FALSE,2026-04-23,agency,132929
LS-02920,Yaounde,Biyem-Assi,villa,2,2,82.3,20,4,FALSE,FALSE,TRUE,FALSE,TRUE,2026-01-16,portal,189835
LS-03934,Douala,Ndokoti,apartment,1,1,58.3,9,4,TRUE,FALSE,FALSE,FALSE,FALSE,2025-08-05,agency,127626
LS-05734,Yaounde,Bastos,chambre moderne,2,1,73.9,8,2,TRUE,TRUE,TRUE,TRUE,TRUE,2025-11-29,portal,321429
LS-03033,Douala,Bonanjo,apartment,2,2,62.0,2,1,TRUE,TRUE,TRUE,TRUE,FALSE,2026-06-22,agency,202817
LS-01347,Douala,Logpom,apartment,1,2,45.8,3,0,FALSE,FALSE,FALSE,TRUE,FALSE,2026-08-06,agency,106395
LS-02613,Yaounde,Bastos,studio,2,2,73.0,1,3,FALSE,TRUE,TRUE,TRUE,FALSE,2025-12-12,informal,
LS-05813,Yaounde,Etoudi,duplex,0,1,18.7,11,3,TRUE,FALSE,TRUE,FALSE,FALSE,2026-08-13,agency,72235
LS-04106,Douala,Bonanjo,duplex,2,2,75.6,16,3,TRUE,FALSE,TRUE,FALSE,TRUE,2025-10-15,portal,349206
LS-01738,Yaounde,Omnisport,villa,1,2,53.8,17,3,no,TRUE,TRUE,TRUE,FALSE,2025-09-25,portal,131030
LS-04560,Yaounde,Nkolbisson,chambre moderne,1,1,43.4,9,0,no,FALSE,FALSE,FALSE,FALSE,2025-07-19,portal,120289
LS-05983,Douala,Makepe,chambre moderne,4,3,125.7,20,4,FALSE,TRUE,TRUE,FALSE,TRUE,2026-02-19,informal,
LS-01556,Yaounde,Omnisport,studio,2,2,84.2,11,1,FALSE,FALSE,FALSE,FALSE,TRUE,2025-08-09,portal,252494
LS-03191,Douala,Bonapriso,chambre moderne,1,1,54.0,20,0,TRUE,TRUE,TRUE,TRUE,TRUE,2025-12-27,informal,322343
LS-04446,Douala,Ndokoti,apartment,3,2,104.5,1,1,no,TRUE,FALSE,FALSE,FALSE,03/10/2025,portal,237295
LS-05549,Douala,Akwa,apartment,3,2,106.5,5,3,TRUE,FALSE,TRUE,FALSE,TRUE,2026-02-10,informal,
LS-03823,Yaounde,Golf,chambre moderne,2,2,69.9,17,2,FALSE,TRUE,TRUE,FALSE,TRUE,2025-08-08,portal,257706
LS-05170,Douala,Akwa,apartment,3,2,79.2,11,1,TRUE,FALSE,FALSE,FALSE,FALSE,2026-08-19,informal,
LS-01956,Douala,New Bell,villa,2,2,97.3,0,3,FALSE,FALSE,FALSE,FALSE,TRUE,2026-06-09,informal,117520
LS-02660,Yaounde,Biyem-Assi,chambre moderne,5,3,143.5,5,2,FALSE,FALSE,FALSE,FALSE,FALSE,2026-04-17,agency,885044
LS-04979,Douala,Bonamoussadi,chambre moderne,2,2,71.4,14,0,FALSE,FALSE,FALSE,FALSE,FALSE,2025-09-21,agency,211952
LS-06129,Yaounde,Mimboman,apartment,0,1,20.0,14,1,FALSE,FALSE,TRUE,FALSE,TRUE,2025-09-17,portal,49686
LS-01780,Yaounde,Mendong,villa,1,2,117.2,13,2,FALSE,TRUE,FALSE,FALSE,FALSE,2026-06-02,informal,300015
LS-03942,Douala,Bonanjo,apartment,4,3,102.1,5,3,TRUE,FALSE,TRUE,TRUE,FALSE,07/03/2026,portal,516500
LS-04687,Douala,Bepanda,duplex,3,2,108.0,16,0,FALSE,TRUE,TRUE,FALSE,FALSE,11/09/2025,agency,238425
LS-04301,Yaounde,Mimboman,apartment,3,2,98.4,15,0,FALSE,FALSE,FALSE,FALSE,FALSE,2026-04-01,informal,
LS-06197,Yaounde,Etoudi,apartment,0,1,20.3,10,1,TRUE,FALSE,TRUE,FALSE,FALSE,2026-03-10,agency,68722
LS-00894,Yaounde,Mendong,villa,2,2,89.2,5,2,FALSE,TRUE,FALSE,FALSE,FALSE,2025-09-21,informal,
LS-04973,Yaounde,Nsam,apartment,4,2,130.8,17,4,FALSE,TRUE,FALSE,TRUE,FALSE,2026-06-03,agency,278768
LS-01207,Douala,PK14,apartment,2,1,74.8,20,1,FALSE,FALSE,FALSE,FALSE,FALSE,2026-03-17,agency,57055
LS-03814,Yaounde,Mvog-Betsi,apartment,3,3,111.2,15,4,FALSE,FALSE,TRUE,FALSE,FALSE,10/04/2026,informal,238838
LS-00636,Douala,Bonamoussadi,duplex,3,3,82.7,0,1,TRUE,TRUE,FALSE,TRUE,FALSE,2026-08-07,agency,293540
LS-01880,Douala,Logpom,apartment,1,1,55.5,9,3,TRUE,TRUE,FALSE,FALSE,TRUE,2025-08-19,informal,136150
LS-03598,Yaounde,Mvog-Betsi,apartment,1,2,50.3 m2,22,0,FALSE,FALSE,FALSE,TRUE,FALSE,2026-04-08,agency,68023
LS-00056,Douala,PK14,apartment,3,3,76.4,6,4,FALSE,FALSE,FALSE,FALSE,FALSE,2026-01-03,agency,85647
LS-05766,Yaounde,Mvan,villa,2,3,38.4,9,1,FALSE,FALSE,TRUE,FALSE,TRUE,2025-12-20,agency,201365
LS-02359,Yaounde,Biyem-Assi,chambre moderne,1,2,55.9,22,0,TRUE,TRUE,TRUE,FALSE,FALSE,2026-07-14,portal,77302
LS-05369,Douala,New Bell,duplex,5,3,151.6 m2,14,0,FALSE,FALSE,FALSE,FALSE,FALSE,2025-11-11,agency,376055
LS-05178,Douala,Bonanjo,duplex,0,1,14.0 m2,24,0,FALSE,FALSE,TRUE,TRUE,TRUE,2026-08-12,portal,97408
LS-02510,Douala,New Bell,apartment,2,1,89.3,8,4,FALSE,FALSE,FALSE,FALSE,FALSE,02/08/2026,informal,137876
LS-00684,Yaounde,Mimboman,apartment,4,3,137.8,4,2,TRUE,FALSE,FALSE,FALSE,FALSE,2025-11-03,portal,"370,066"
LS-00958,Douala,Bonapriso,apartment,3,2,96.8,5,1,TRUE,FALSE,TRUE,FALSE,FALSE,2026-07-14,agency,226334
LS-00258,Douala,Ndokoti,villa,2,1,62.3,25,1,FALSE,TRUE,TRUE,FALSE,FALSE,2026-05-07,agency,86540
LS-04234,Douala,Akwa,apartment,4,3,132.7,9,1,TRUE,TRUE,FALSE,TRUE,FALSE,27/11/2025,agency,557133
LS-00270,Yaounde,Mendong,apartment,4,3,113.1,13,1,FALSE,TRUE,FALSE,FALSE,FALSE,2026-03-04,portal,244004
LS-04151,Yaounde,Nsam,duplex,2,1,80.8,0,0,TRUE,FALSE,FALSE,FALSE,FALSE,2026-06-20,portal,224220
LS-04630,Douala,PK14,apartment,3,3,80.1,13,1,FALSE,TRUE,FALSE,FALSE,FALSE,2026-04-09,agency,126808
LS-01468,Douala,PK14,apartment,2,2,63.5,24,2,FALSE,FALSE,FALSE,FALSE,FALSE,2026-05-27,agency,63945
LS-05396,Douala,Akwa,villa,1,2,54.0,16,1,TRUE,TRUE,FALSE,FALSE,FALSE,31/08/2025,informal,193994
LS-05543,Douala,Bonamoussadi,duplex,1,1,37.4,19,4,TRUE,FALSE,FALSE,TRUE,FALSE,2026-01-23,agency,78443
LS-01488,Douala,Makepe,studio,1,2,43.8,7,4,TRUE,TRUE,TRUE,FALSE,FALSE,2026-07-21,portal,104051
LS-04507,Douala,Logpom,apartment,2,2,71.6,34,0,TRUE,TRUE,FALSE,FALSE,FALSE,2025-12-03,agency,139371
LS-01818,Douala,Bonaberi,chambre moderne,1,2,37.2,25,1,FALSE,FALSE,FALSE,FALSE,TRUE,2025-08-06,agency,106528
LS-02838,Yaounde,Emana,chambre moderne,3,4,98.8,15,3,FALSE,FALSE,FALSE,FALSE,FALSE,2025-07-27,portal,237254
LS-00572,Yaounde,Mendong,apartment,2,2,81.3,32,0,FALSE,FALSE,FALSE,FALSE,FALSE,2026-05-28,portal,88784
LS-03525,Yaounde,Mvog-Betsi,apartment,1,2,46.6,13,3,FALSE,FALSE,FALSE,FALSE,TRUE,2025-10-15,informal,65898
LS-05586,Douala,Bonapriso,studio,1,1,52.6,24,0,FALSE,TRUE,TRUE,TRUE,TRUE,11/09/2025,agency,265381
LS-01047,Yaounde,Etoudi,studio,2,2,64.2,10,0,FALSE,TRUE,TRUE,FALSE,TRUE,2025-09-05,agency,166349
LS-04796,Yaounde,Biyem-Assi,villa,4,4,120.5,9,0,no,TRUE,FALSE,FALSE,FALSE,2025-11-06,agency,417810
LS-01969,Yaounde,Emana,apartment,2,3,75.7,11,3,FALSE,FALSE,TRUE,FALSE,FALSE,2025-07-10,agency,124538
LS-02924,Douala,Akwa,studio,3,3,108.2,0,1,FALSE,FALSE,TRUE,FALSE,FALSE,2026-01-07,informal,
LS-03827,Yaounde,Biyem-Assi,villa,0,1,32.9,16,3,FALSE,TRUE,TRUE,FALSE,FALSE,2025-11-23,portal,71286
LS-01501,Yaounde,Golf,chambre moderne,1,2,48.4,9,3,TRUE,FALSE,TRUE,TRUE,FALSE,2026-06-03,agency,214424
LS-03294,Yaounde,Omnisport,apartment,2,2,63.8,19,3,FALSE,FALSE,TRUE,TRUE,FALSE,2025-07-31,agency,317184
LS-00777,Yaounde,Bastos,duplex,3,2,115.2 m2,8,0,TRUE,FALSE,TRUE,TRUE,TRUE,2025-07-25,agency,610636
LS-01877,Douala,Bonamoussadi,villa,1,2,187.8,19,0,yes,FALSE,FALSE,TRUE,FALSE,2026-04-24,agency,700259
LS-02240,Yaounde,Emana,chambre moderne,3,3,108.7,5,1,FALSE,TRUE,FALSE,FALSE,FALSE,2026-05-29,informal,291960
LS-00230,Yaounde,Emana,apartment,3,3,98.3,4,1,FALSE,FALSE,FALSE,FALSE,TRUE,04/07/2026,agency,215645
LS-03727,Yaounde,Bastos,duplex,4,2,135.0,17,2,TRUE,TRUE,TRUE,FALSE,FALSE,2025-12-09,portal,719532
LS-05622,Yaounde,Omnisport,villa,1,2,44.1,9,4,TRUE,TRUE,FALSE,FALSE,FALSE,2026-08-05,portal,123041
LS-05679,Yaounde,Nkolbisson,apartment,3,2,95.1,4,0,FALSE,FALSE,TRUE,FALSE,FALSE,2025-08-22,portal,187311
LS-02684,Douala,Bonapriso,studio,3,2,113.4,17,0,FALSE,FALSE,TRUE,FALSE,TRUE,2026-01-17,agency,785006
LS-01569,Yaounde,Golf,chambre moderne,0,1,23.6,26,0,FALSE,FALSE,TRUE,TRUE,TRUE,2025-07-12,informal,
LS-03527,Yaounde,Mvog-Betsi,duplex,3,2,115.7,0,0,FALSE,FALSE,FALSE,FALSE,FALSE,2026-03-06,agency,"327,917"
LS-06059,Douala,Bepanda,studio,3,2,98.7,20,4,TRUE,FALSE,FALSE,FALSE,FALSE,2025-08-28,agency,101920
LS-04254,Douala,Bonaberi,villa,3,2,98.8,0,3,TRUE,FALSE,TRUE,FALSE,FALSE,10/12/2025,agency,160655
LS-01219,Yaounde,Biyem-Assi,apartment,4,3,118.1,20,0,FALSE,FALSE,FALSE,FALSE,TRUE,2025-12-07,agency,297679
LS-05534,Douala,Bonapriso,apartment,3,2,123.5,14,1,TRUE,TRUE,TRUE,FALSE,FALSE,2026-01-09,agency,458169
LS-00403,Yaounde,Etoudi,chambre moderne,2,2,68.9,21,0,FALSE,TRUE,FALSE,FALSE,FALSE,2026-08-06,agency,110020
LS-01884,Douala,Ndokoti,villa,2,3,56.8,13,2,TRUE,FALSE,TRUE,FALSE,TRUE,2026-08-12,portal,97294
LS-06050,Yaounde,Mendong,apartment,1,2,61.7,9,4,FALSE,FALSE,TRUE,FALSE,FALSE,2026-04-13,portal,169205
LS-04043,Yaounde,Mimboman,apartment,1,1,62.1,10,3,FALSE,TRUE,TRUE,FALSE,FALSE,2025-07-03,informal,65982
LS-03688,Douala,Bonamoussadi,duplex,1,1,33.5,6,4,FALSE,FALSE,TRUE,FALSE,FALSE,2026-06-30,agency,119865
LS-04611,Douala,Bonamoussadi,apartment,1,1,44.7,34,1,FALSE,FALSE,FALSE,FALSE,TRUE,2025-10-25,informal,
LS-02753,Yaounde,Emana,chambre moderne,1,2,48.4,12,3,no,FALSE,FALSE,FALSE,FALSE,2025-07-04,agency,100770
LS-03207,Yaounde,Mimboman,villa,3,2,82.5,24,2,FALSE,TRUE,FALSE,FALSE,FALSE,2026-01-08,agency,159064
LS-04735,Yaounde,Mimboman,studio,1,2,40.4,26,2,FALSE,FALSE,TRUE,FALSE,FALSE,2026-06-02,portal,63230
LS-03231,Douala,Bonapriso,studio,2,3,78.0,19,1,TRUE,TRUE,FALSE,TRUE,TRUE,2026-08-07,agency,403180
LS-00906,Yaounde,Omnisport,apartment,0,1,22.9,18,1,FALSE,TRUE,FALSE,TRUE,FALSE,23/02/2026,agency,"106,782"
LS-00216,Yaounde,Golf,apartment,5,5,150.1,0,1,TRUE,FALSE,FALSE,FALSE,FALSE,2026-01-30,informal,1184751
LS-02373,Yaounde,Mimboman,studio,3,2,110.2,20,0,FALSE,TRUE,TRUE,FALSE,FALSE,2026-08-02,portal,"164,153"
LS-04487,Douala,Makepe,apartment,2,2,78.8,12,1,FALSE,FALSE,FALSE,TRUE,FALSE,2026-02-05,portal,224831
LS-05590,Douala,Bonanjo,villa,3,2,83.9,10,2,TRUE,FALSE,TRUE,TRUE,TRUE,23/10/2025,agency,285372
LS-03301,Douala,Bepanda,apartment,0,1,20.7,16,1,TRUE,FALSE,FALSE,FALSE,FALSE,2026-05-24,portal,55973
LS-01932,Yaounde,Omnisport,duplex,2,2,78.1,10,4,TRUE,FALSE,TRUE,TRUE,FALSE,2025-11-06,portal,199011
LS-01474,Yaounde,Mimboman,villa,3,3,77.7,10,1,FALSE,FALSE,TRUE,FALSE,FALSE,2025-10-22,agency,189871
LS-05894,Douala,Bonaberi,apartment,1,1,29.0,26,0,FALSE,TRUE,FALSE,FALSE,FALSE,09/10/2025,informal,61606
LS-05661,Yaounde,Omnisport,villa,1,1,70.1,4,0,FALSE,TRUE,TRUE,TRUE,FALSE,2026-01-27,portal,116405
LS-02412,Yaounde,Mvan,studio,2,2,57.1,4,1,FALSE,FALSE,FALSE,FALSE,FALSE,2025-12-23,informal,
LS-00181,Yaounde,Mvog-Betsi,chambre moderne,4,4,104.1,20,3,FALSE,TRUE,TRUE,FALSE,FALSE,2025-09-13,agency,371533
LS-00630,Yaounde,Mendong,apartment,2,1,68.0,8,3,FALSE,TRUE,FALSE,FALSE,FALSE,2025-12-10,agency,163286
LS-00374,Douala,Bonapriso,chambre moderne,3,3,99.7,9,1,FALSE,TRUE,TRUE,FALSE,FALSE,26/07/2026,portal,360249
LS-04584,Yaounde,Mendong,villa,2,3,86.4,19,0,FALSE,FALSE,FALSE,TRUE,FALSE,2025-09-12,informal,
LS-05743,Douala,Bonaberi,duplex,0,1,40.7,28,4,FALSE,FALSE,FALSE,FALSE,FALSE,27/07/2025,agency,68409
LS-01555,Douala,Makepe,villa,1,1,46.4,22,1,FALSE,TRUE,FALSE,FALSE,FALSE,06/04/2026,agency,102594
LS-00943,Yaounde,Nsam,duplex,2,1,75.9,18,1,TRUE,FALSE,FALSE,TRUE,FALSE,2025-11-11,informal,146045
LS-02420,Yaounde,Mvan,apartment,3,3,94.8,0,3,FALSE,TRUE,TRUE,FALSE,TRUE,2025-11-23,informal,"371,123"
LS-04271,Yaounde,Mvog-Betsi,villa,3,2,96.8,24,1,TRUE,FALSE,TRUE,FALSE,FALSE,22/04/2026,agency,139671
LS-03646,Yaounde,Mvog-Betsi,apartment,1,1,59.4,0,3,FALSE,FALSE,TRUE,FALSE,FALSE,2026-02-14,portal,99015
LS-00102,Yaounde,Nsam,studio,2,3,70.3,9,0,TRUE,FALSE,FALSE,FALSE,FALSE,2026-03-30,portal,129708
LS-00159,Yaounde,Nsam,apartment,1,1,55.3,22,1,FALSE,FALSE,FALSE,FALSE,FALSE,02/02/2026,agency,101093
LS-02498,Yaounde,Bastos,apartment,4,3,114.5,16,2,TRUE,TRUE,TRUE,FALSE,FALSE,2025-11-25,informal,583372
LS-01895,Yaounde,Golf,studio,0,1,23.3,13,0,FALSE,TRUE,TRUE,TRUE,FALSE,2025-08-01,portal,128320
LS-00212,Yaounde,Mvog-Betsi,villa,2,1,65.6,12,0,FALSE,FALSE,FALSE,TRUE,FALSE,2025-12-29,agency,156778
LS-04477,Douala,Bepanda,villa,2,2,82.0,11,1,FALSE,TRUE,FALSE,FALSE,TRUE,2025-10-11,informal,173842
LS-03615,Douala,PK14,villa,2,1,69.1,13,0,FALSE,FALSE,FALSE,FALSE,FALSE,2025-12-02,agency,101259
LS-06055,Douala,Bepanda,apartment,0,1,14.0,0,0,FALSE,FALSE,TRUE,FALSE,FALSE,2025-11-07,informal,56969
LS-04276,Yaounde,Mvog-Betsi,chambre moderne,1,1,71.2,30,1,TRUE,FALSE,FALSE,FALSE,FALSE,2025-12-19,agency,110177
LS-02639,Douala,Bonamoussadi,apartment,2,1,74.1,2,1,no,FALSE,TRUE,FALSE,FALSE,2025-07-22,portal,92901
LS-03486,Douala,Bonanjo,villa,2,2,67.9,0,1,TRUE,FALSE,TRUE,TRUE,TRUE,2025-10-31,portal,456099
LS-04715,Yaounde,Etoudi,chambre moderne,5,4,157.1,19,1,TRUE,TRUE,FALSE,FALSE,FALSE,2026-02-19,informal,
LS-01067,Yaounde,Mimboman,studio,3,3,106.3,7,0,FALSE,TRUE,TRUE,FALSE,FALSE,2025-08-25,informal,348683
LS-04087,Yaounde,Biyem-Assi,apartment,3,2,76.0,20,4,FALSE,FALSE,FALSE,FALSE,FALSE,2026-06-04,portal,108352
LS-03321,Yaounde,Mvan,apartment,2,1,79.6,14,4,TRUE,TRUE,FALSE,FALSE,FALSE,2026-08-22,informal,
LS-05763,Yaounde,Mimboman,apartment,0,1,146.3,18,0,FALSE,FALSE,FALSE,FALSE,FALSE,2026-05-22,agency,"451,195"
LS-02690,Douala,Bonaberi,apartment,0,1,14.0,18,2,FALSE,FALSE,FALSE,FALSE,FALSE,09/07/2026,agency,29389
LS-03184,Douala,Bonapriso,chambre moderne,0,1,18.6,2,4,TRUE,TRUE,TRUE,FALSE,TRUE,2026-02-07,agency,174285
LS-03067,Yaounde,Mvog-Betsi,villa,0,1,33.4,20,2,FALSE,FALSE,FALSE,FALSE,FALSE,2025-12-22,agency,47073
LS-01472,Yaounde,Biyem-Assi,chambre moderne,3,3,110.0,0,4,TRUE,TRUE,TRUE,TRUE,FALSE,27/12/2025,portal,405646
LS-02205,Yaounde,Omnisport,apartment,3,1,126.5,3,0,FALSE,FALSE,FALSE,FALSE,FALSE,21/07/2025,agency,369862
LS-02504,Douala,Logpom,duplex,2,2,80.7,13,3,FALSE,FALSE,TRUE,FALSE,FALSE,2025-07-04,informal,
LS-01764,Douala,PK14,studio,3,2,102.6,24,4,FALSE,FALSE,TRUE,FALSE,FALSE,2026-04-15,portal,132489
LS-05847,Douala,Deido,apartment,1,2,54.3,22,4,FALSE,FALSE,FALSE,TRUE,FALSE,2026-05-13,informal,"129,382"
LS-06138,Douala,Akwa,studio,3,3,115.7,14,0,TRUE,FALSE,FALSE,TRUE,FALSE,2025-12-25,portal,555969
LS-03913,Douala,Bepanda,chambre moderne,2,3,82.9,11,0,FALSE,FALSE,TRUE,FALSE,FALSE,09/08/2025,portal,181840
LS-03470,Douala,Bonapriso,studio,2,3,55.8,46,4,FALSE,FALSE,TRUE,FALSE,FALSE,2025-11-17,portal,176114
LS-03506,Yaounde,Biyem-Assi,chambre moderne,3,2,84.0,0,0,FALSE,FALSE,TRUE,FALSE,FALSE,2026-03-10,portal,198346
LS-02017,Yaounde,Mimboman,chambre moderne,5,3,167.1,11,2,FALSE,FALSE,TRUE,FALSE,FALSE,2026-02-28,portal,538750
LS-01020,Douala,Bonapriso,apartment,2,2,73.9,24,0,TRUE,TRUE,TRUE,FALSE,FALSE,2025-08-22,portal,152666
LS-02323,Douala,Akwa,apartment,1,1,51.2,7,0,FALSE,TRUE,TRUE,FALSE,FALSE,2025-10-31,portal,128030
LS-05872,Yaounde,Omnisport,chambre moderne,1,2,33.5,5,0,TRUE,FALSE,TRUE,TRUE,FALSE,2025-10-02,agency,148543
LS-04511,Douala,Bonamoussadi,studio,0,1,14.0,14,2,TRUE,TRUE,TRUE,FALSE,FALSE,2025-09-30,portal,56170
LS-04012,Douala,Bonanjo,apartment,2,2,56.4,6,0,no,TRUE,TRUE,FALSE,TRUE,2026-07-01,agency,182427
LS-04566,Yaounde,Golf,duplex,1,2,48.4,29,4,FALSE,FALSE,TRUE,TRUE,FALSE,13/03/2026,agency,116327
LS-05708,Douala,Bonaberi,studio,1,2,46.2,12,1,TRUE,FALSE,FALSE,FALSE,FALSE,2025-11-09,agency,62159
LS-01301,Douala,PK14,studio,2,2,75.8,7,0,FALSE,FALSE,FALSE,FALSE,FALSE,2026-07-30,portal,123657
LS-00435,Yaounde,Nsam,apartment,2,1,68.1,0,1,FALSE,FALSE,TRUE,FALSE,FALSE,2026-08-17,portal,136627
LS-00464,Douala,New Bell,apartment,3,3,103.9,14,2,FALSE,FALSE,FALSE,FALSE,FALSE,2025-08-19,informal,178367
LS-04752,Douala,Bonamoussadi,apartment,3,2,100.6,19,0,FALSE,FALSE,TRUE,FALSE,FALSE,2026-02-05,informal,167852
LS-05202,Douala,Akwa,duplex,3,3,98.7,16,1,TRUE,FALSE,TRUE,FALSE,TRUE,2025-09-12,agency,607754
LS-03297,Yaounde,Nkolbisson,apartment,2,3,67.9,26,0,FALSE,FALSE,FALSE,FALSE,FALSE,2025-12-07,informal,174102
LS-03115,Yaounde,Emana,chambre moderne,3,3,108.3,6,0,FALSE,FALSE,TRUE,FALSE,FALSE,2026-07-24,portal,184644
LS-03551,Yaounde,Omnisport,villa,2,3,65.6,31,0,FALSE,FALSE,FALSE,TRUE,FALSE,2025-08-01,portal,145473
LS-03471,Douala,Bonamoussadi,apartment,1,1,50.5,10,1,FALSE,FALSE,FALSE,TRUE,FALSE,2026-06-12,agency,113723
LS-05827,Douala,Akwa,apartment,1,1,36.4,8,0,TRUE,FALSE,TRUE,FALSE,FALSE,2025-10-03,agency,"107,134"
LS-04019,Yaounde,Mendong,studio,4,3,128.4,29,1,FALSE,FALSE,FALSE,FALSE,FALSE,2025-07-18,informal,269839
LS-03025,Yaounde,Emana,studio,2,2,72.8,15,1,FALSE,FALSE,FALSE,FALSE,TRUE,2025-07-25,agency,107879
LS-01937,Douala,Logpom,apartment,2,1,70.2,14,0,TRUE,TRUE,FALSE,FALSE,FALSE,2025-09-19,agency,125970
LS-00824,Douala,Ndokoti,duplex,0,1,23.0,21,4,FALSE,TRUE,FALSE,TRUE,FALSE,02/09/2025,agency,58887
LS-03314,Yaounde,Golf,apartment,3,2,112.5,10,2,TRUE,TRUE,TRUE,FALSE,FALSE,2025-07-11,agency,606527
LS-01495,Douala,Bonapriso,chambre moderne,2,1,70.6,17,1,FALSE,TRUE,TRUE,FALSE,FALSE,2026-04-23,agency,412647
LS-04070,Yaounde,Mendong,apartment,3,3,100.4,14,2,TRUE,FALSE,TRUE,FALSE,FALSE,19/07/2025,agency,268714
LS-01371,Douala,Deido,apartment,2,2,55.7,5,2,TRUE,FALSE,TRUE,FALSE,FALSE,24/08/2026,agency,245887
LS-03039,Yaounde,Mvog-Betsi,duplex,3,3,99.4,27,3,FALSE,TRUE,FALSE,FALSE,FALSE,2026-05-03,portal,226459
LS-05648,Douala,New Bell,studio,2,1,70.0,21,0,TRUE,FALSE,FALSE,FALSE,FALSE,2026-02-28,agency,80425
LS-03497,Douala,Bonamoussadi,apartment,2,3,78.3,6,0,TRUE,FALSE,TRUE,FALSE,FALSE,2026-05-23,agency,196289
LS-03210,Yaounde,Mvog-Betsi,chambre moderne,1,1,59.2 m2,14,1,no,FALSE,FALSE,FALSE,FALSE,2026-07-11,informal,
LS-01941,Douala,Akwa,apartment,2,2,73.2,6,1,FALSE,FALSE,TRUE,TRUE,TRUE,2026-07-30,agency,191500
LS-00708,Douala,Bonanjo,apartment,2,1,85.2,3,1,no,TRUE,TRUE,TRUE,TRUE,2026-06-24,agency,342773
LS-04762,Douala,PK14,duplex,0,1,14.0,11,0,FALSE,TRUE,FALSE,FALSE,TRUE,2025-09-30,portal,53929
LS-05214,Douala,PK14,apartment,2,1,82.8,39,1,FALSE,FALSE,TRUE,FALSE,FALSE,2026-02-27,portal,116472
LS-03180,Douala,Bonaberi,apartment,1,1,52.5,19,0,FALSE,FALSE,FALSE,FALSE,FALSE,2025-08-20,portal,68947
LS-02735,Douala,Bonaberi,villa,2,2,74.7,20,0,FALSE,TRUE,FALSE,FALSE,FALSE,2025-09-16,informal,163352
LS-03084,Yaounde,Nsam,villa,3,3,94.8,8,4,FALSE,FALSE,TRUE,FALSE,FALSE,2026-08-09,agency,250578
LS-05470,Yaounde,Mvan,apartment,0,1,27.1,1,1,FALSE,TRUE,FALSE,FALSE,FALSE,2026-05-07,informal,76148
LS-06118,Yaounde,Mvan,apartment,4,3,120.7,12,3,TRUE,FALSE,TRUE,FALSE,FALSE,2026-06-09,agency,387643
LS-01262,Yaounde,Nkolbisson,apartment,2,3,71.9,18,1,FALSE,TRUE,FALSE,FALSE,TRUE,2025-09-22,portal,218346
LS-02343,Douala,Bonanjo,villa,4,3,130.4,20,0,TRUE,TRUE,TRUE,FALSE,FALSE,2026-03-22,portal,992469
LS-02858,Yaounde,Nsam,villa,1,2,44.6,5,2,FALSE,FALSE,FALSE,FALSE,FALSE,2025-12-24,agency,113752
LS-02543,Douala,Logpom,studio,3,2,111.0,5,4,FALSE,TRUE,TRUE,FALSE,FALSE,2026-02-24,informal,186278
LS-01795,Douala,Bonapriso,apartment,1,2,35.0,28,1,TRUE,FALSE,FALSE,TRUE,FALSE,2026-01-19,informal,
LS-01114,Yaounde,Golf,apartment,1,2,52.6,16,0,TRUE,FALSE,FALSE,FALSE,FALSE,2026-05-06,agency,216404
LS-01345,Douala,New Bell,apartment,2,3,88.7,23,1,FALSE,FALSE,FALSE,FALSE,FALSE,2026-05-26,informal,
LS-03765,Yaounde,Emana,studio,2,2,94.3,33,2,TRUE,FALSE,FALSE,FALSE,FALSE,2026-05-02,informal,
LS-05272,Yaounde,Biyem-Assi,villa,1,2,45.4,15,3,FALSE,FALSE,FALSE,FALSE,FALSE,02/01/2026,agency,86284
LS-00668,Douala,Bonapriso,studio,4,3,105.2 m2,10,1,FALSE,TRUE,TRUE,TRUE,FALSE,2026-01-10,portal,390817
LS-06057,Douala,Bonaberi,apartment,1,1,30.0,19,4,no,TRUE,FALSE,FALSE,FALSE,2026-03-18,agency,79197
LS-01508,Douala,Bonanjo,apartment,2,1,63.1,15,0,TRUE,FALSE,TRUE,FALSE,FALSE,2026-03-05,agency,309184
LS-01821,Douala,Bonanjo,apartment,3,3,104.6,15,3,no,FALSE,TRUE,TRUE,FALSE,2025-08-21,informal,408556
LS-04579,Douala,PK14,villa,1,2,45.7,7,1,TRUE,FALSE,FALSE,FALSE,FALSE,2025-11-21,agency,84943
LS-02990,Yaounde,Etoudi,apartment,1,2,40.6,1,0,FALSE,FALSE,FALSE,TRUE,TRUE,2026-03-20,portal,139354
LS-04340,Yaounde,Omnisport,apartment,4,4,114.5,21,4,FALSE,TRUE,FALSE,FALSE,TRUE,04/12/2025,informal,613967
LS-01589,Douala,Bepanda,apartment,0,1,41.7,0,1,no,TRUE,FALSE,TRUE,FALSE,2026-01-05,portal,70637
LS-01723,Yaounde,Bastos,villa,3,3,109.0,19,2,FALSE,TRUE,TRUE,TRUE,FALSE,2026-04-03,agency,765023
LS-05331,Douala,New Bell,apartment,2,2,65.3,6,1,FALSE,FALSE,TRUE,FALSE,FALSE,2025-12-15,portal,128127
LS-01213,Yaounde,Omnisport,duplex,1,2,31.8 m2,18,2,FALSE,FALSE,TRUE,TRUE,FALSE,2026-07-03,agency,130428
LS-03966,Yaounde,Nsam,duplex,1,2,43.2,8,0,FALSE,TRUE,TRUE,FALSE,FALSE,2026-05-15,agency,85872
LS-00429,Yaounde,Etoudi,apartment,1,2,50.4,6,1,FALSE,FALSE,FALSE,TRUE,FALSE,17/09/2025,agency,129712
LS-03163,Douala,Ndokoti,apartment,5,3,154.9 m2,0,4,FALSE,TRUE,TRUE,FALSE,FALSE,2026-01-16,agency,832871
LS-00597,Yaounde,Nkolbisson,villa,2,2,60.2,23,4,FALSE,FALSE,TRUE,TRUE,FALSE,2025-11-30,agency,80827
LS-01903,Douala,New Bell,apartment,3,2,89.2,10,2,TRUE,FALSE,TRUE,FALSE,FALSE,2026-08-19,agency,164313
LS-05051,Douala,Akwa,duplex,2,2,70.8,22,0,TRUE,TRUE,TRUE,TRUE,FALSE,2026-05-26,informal,
LS-02101,Yaounde,Bastos,apartment,1,1,38.0,5,2,FALSE,TRUE,TRUE,TRUE,FALSE,2026-01-06,portal,122621
LS-05790,Douala,Bonaberi,apartment,1,1,58.0 m2,25,2,FALSE,TRUE,FALSE,FALSE,FALSE,2025-11-25,portal,91932
LS-04026,Yaounde,Mendong,studio,1,1,36.6,10,1,FALSE,FALSE,FALSE,FALSE,FALSE,2026-02-16,portal,64207
LS-00781,Yaounde,Bastos,studio,2,1,70.0,15,1,FALSE,TRUE,TRUE,TRUE,FALSE,2025-07-18,agency,"195,558"
LS-01761,Douala,Bonapriso,studio,3,3,117.6,13,1,TRUE,FALSE,TRUE,TRUE,FALSE,2025-08-20,agency,849939
LS-06157,Yaounde,Mvog-Betsi,duplex,1,1,54.2,18,0,no,FALSE,TRUE,FALSE,FALSE,2026-01-02,informal,77231
LS-05500,Douala,Logpom,chambre moderne,4,3,131.6,39,0,FALSE,FALSE,TRUE,FALSE,FALSE,2026-07-23,portal,537277
LS-02615,Yaounde,Nkolbisson,apartment,0,1,28.1,1,4,FALSE,FALSE,FALSE,FALSE,FALSE,2026-08-07,agency,62150
LS-01280,Yaounde,Nsam,apartment,4,4,148.7,9,0,FALSE,FALSE,TRUE,FALSE,FALSE,07/08/2026,agency,398152
LS-00371,Yaounde,Mimboman,apartment,1,2,55.6,16,3,FALSE,FALSE,FALSE,FALSE,FALSE,2026-04-19,portal,87036
LS-01548,Yaounde,Emana,duplex,4,3,122.3,11,1,FALSE,FALSE,FALSE,TRUE,FALSE,2026-03-22,agency,288456
LS-05361,Douala,PK14,chambre moderne,1,2,43.2,20,2,FALSE,TRUE,FALSE,FALSE,FALSE,2025-07-13,informal,
LS-04599,Yaounde,Mendong,apartment,3,3,95.4,11,0,FALSE,FALSE,FALSE,FALSE,FALSE,2026-01-22,agency,186666
LS-01359,Douala,Bonamoussadi,chambre moderne,3,2,92.4,30,1,FALSE,FALSE,TRUE,FALSE,FALSE,2025-12-05,portal,261862
LS-05231,Douala,Logpom,apartment,4,3,120.0,9,3,FALSE,TRUE,FALSE,FALSE,FALSE,2026-08-08,portal,550550
LS-01405,Yaounde,Biyem-Assi,studio,1,1,50.0,11,0,FALSE,FALSE,FALSE,TRUE,FALSE,2026-02-14,agency,65866
LS-02625,Yaounde,Mimboman,chambre moderne,2,2,59.3,12,2,FALSE,FALSE,TRUE,FALSE,FALSE,2025-10-18,agency,100700
LS-05806,Yaounde,Bastos,apartment,0,1,14.0,5,2,TRUE,FALSE,FALSE,FALSE,FALSE,2025-11-12,agency,"153,697"
LS-01220,Douala,Logpom,duplex,2,2,74.4,8,2,TRUE,TRUE,FALSE,FALSE,FALSE,2026-04-22,agency,178875
LS-02382,Yaounde,Biyem-Assi,apartment,3,2,100.7,17,0,FALSE,TRUE,FALSE,FALSE,FALSE,15/07/2025,agency,163591
LS-04524,Yaounde,Nkolbisson,apartment,0,1,19.1,12,1,FALSE,FALSE,FALSE,FALSE,FALSE,2026-04-22,agency,28080
LS-03266,Yaounde,Emana,duplex,3,3,104.2,7,0,FALSE,FALSE,FALSE,FALSE,FALSE,2025-07-02,informal,
LS-05342,Douala,Deido,chambre moderne,1,1,53.4,15,4,FALSE,FALSE,TRUE,FALSE,FALSE,2026-01-07,agency,143727
LS-01831,Douala,Bonamoussadi,chambre moderne,2,2,75.8,23,4,FALSE,TRUE,FALSE,FALSE,FALSE,2026-06-20,agency,266128
LS-04206,Yaounde,Mvan,apartment,0,1,29.9,0,0,FALSE,FALSE,TRUE,FALSE,FALSE,2026-06-08,agency,68823
LS-00074,Douala,Bepanda,chambre moderne,1,1,61.1,15,1,FALSE,FALSE,FALSE,FALSE,FALSE,2026-01-12,informal,
LS-02020,Yaounde,Nkolbisson,villa,1,1,44.8,20,1,FALSE,FALSE,TRUE,FALSE,FALSE,2025-07-29,agency,68629
LS-03848,Douala,Logpom,chambre moderne,3,3,96.7,23,4,FALSE,FALSE,TRUE,TRUE,FALSE,2026-04-11,informal,
LS-00166,Douala,Bonamoussadi,chambre moderne,0,1,42.0,9,0,FALSE,TRUE,FALSE,TRUE,TRUE,2026-07-29,agency,106295
LS-04757,Douala,Logpom,villa,3,2,117.3,9,1,TRUE,FALSE,TRUE,FALSE,TRUE,26/03/2026,agency,480711
LS-01467,Yaounde,Mendong,apartment,4,3,100.6,29,0,FALSE,TRUE,FALSE,FALSE,FALSE,2025-09-12,portal,167898
LS-02481,Douala,Makepe,duplex,2,3,65.5,0,0,FALSE,TRUE,FALSE,FALSE,FALSE,2025-09-04,agency,228024
LS-00352,Yaounde,Mendong,chambre moderne,4,3,111.6,0,4,TRUE,FALSE,FALSE,FALSE,FALSE,2026-06-18,informal,
LS-04685,Yaounde,Nkolbisson,duplex,1,2,77.9,3,2,FALSE,FALSE,FALSE,FALSE,FALSE,30/04/2026,portal,87140
LS-02120,Douala,Bonamoussadi,chambre moderne,2,1,70.1,7,3,FALSE,FALSE,FALSE,FALSE,FALSE,2025-08-24,portal,230513
LS-02126,Yaounde,Omnisport,studio,3,3,123.6,4,4,FALSE,TRUE,TRUE,FALSE,FALSE,2025-10-12,agency,460087
LS-04250,Douala,New Bell,apartment,1,2,36.4,14,1,FALSE,FALSE,FALSE,FALSE,FALSE,16/07/2025,portal,80018
LS-05641,Yaounde,Nkolbisson,apartment,1,2,34.7,2,2,FALSE,FALSE,TRUE,FALSE,FALSE,2025-12-16,agency,58190
LS-00487,Douala,New Bell,apartment,3,4,96.3,2,2,FALSE,FALSE,FALSE,FALSE,FALSE,2026-03-17,informal,230984
LS-05405,Yaounde,Bastos,apartment,2,1,60.4,3,0,FALSE,TRUE,FALSE,FALSE,TRUE,04/08/2025,portal,275273
LS-01721,Douala,Bonanjo,studio,3,3,107.5,24,1,FALSE,FALSE,TRUE,FALSE,FALSE,2026-06-09,agency,383922
LS-03595,Yaounde,Mvog-Betsi,apartment,3,3,84.4,20,0,TRUE,FALSE,FALSE,FALSE,FALSE,2026-03-11,agency,159031
LS-03368,Yaounde,Nsam,apartment,0,1,14.0,10,0,FALSE,FALSE,TRUE,TRUE,TRUE,2026-03-12,agency,90744
LS-04305,Yaounde,Mendong,duplex,3,2,101.9,20,4,FALSE,TRUE,FALSE,FALSE,FALSE,2026-04-08,agency,271227
LS-00412,Douala,Deido,apartment,3,3,106.1,4,1,FALSE,TRUE,TRUE,FALSE,FALSE,2026-05-18,agency,338090
LS-05665,Douala,PK14,apartment,3,3,106.4,17,1,FALSE,FALSE,TRUE,FALSE,FALSE,2025-12-21,agency,239035
LS-06167,Yaounde,Bastos,apartment,4,3,128.3,26,1,TRUE,FALSE,TRUE,TRUE,FALSE,2026-04-01,agency,501623
LS-04216,Douala,Bepanda,duplex,2,3,85.3,0,1,FALSE,FALSE,FALSE,TRUE,FALSE,2025-08-28,portal,226672
LS-03015,Yaounde,Nkolbisson,villa,2,3,74.5,22,0,FALSE,FALSE,TRUE,FALSE,FALSE,2025-10-12,agency,73636
LS-01679,Douala,Deido,apartment,2,2,88.3,0,2,TRUE,FALSE,FALSE,FALSE,FALSE,20/07/2025,portal,"352,628"
LS-01286,Yaounde,Mendong,apartment,2,2,68.2,2,2,FALSE,TRUE,TRUE,FALSE,FALSE,2025-08-09,agency,159546
LS-01430,Douala,Ndokoti,apartment,3,4,102.1,0,0,FALSE,FALSE,FALSE,FALSE,FALSE,24/03/2026,agency,324258
LS-02724,Douala,Bepanda,apartment,2,3,75.5,19,1,yes,FALSE,TRUE,TRUE,TRUE,2025-08-17,informal,135997
LS-01398,Yaounde,Nsam,studio,5,2,158.7,11,4,no,TRUE,TRUE,FALSE,FALSE,2025-08-15,informal,589427
LS-02713,Yaounde,Emana,duplex,2,1,70.0,25,1,FALSE,FALSE,TRUE,FALSE,TRUE,2025-09-05,informal,
LS-04463,Douala,Bonaberi,villa,3,3,96.5,8,0,FALSE,FALSE,FALSE,FALSE,FALSE,2026-06-03,portal,"237,600"
LS-02395,Yaounde,Nsam,studio,2,2,72.2,14,2,FALSE,FALSE,FALSE,FALSE,TRUE,2026-05-30,informal,170067
LS-04334,Yaounde,Etoudi,chambre moderne,5,3,155.6,10,4,FALSE,TRUE,FALSE,FALSE,TRUE,2025-07-06,informal,638411
LS-03469,Douala,Bonamoussadi,studio,3,2,95.0,6,4,FALSE,FALSE,FALSE,TRUE,FALSE,2026-06-06,portal,337302
LS-02532,Douala,Ndokoti,studio,1,1,34.1,22,3,FALSE,FALSE,FALSE,FALSE,FALSE,2026-03-04,agency,38211
LS-04915,Douala,Logpom,apartment,3,2,101.8,20,1,TRUE,TRUE,FALSE,FALSE,TRUE,2025-10-21,agency,252812
LS-03117,Yaounde,Nkolbisson,duplex,0,1,19.1,15,1,FALSE,FALSE,FALSE,FALSE,FALSE,2025-08-13,informal,39004
LS-03734,Douala,Bonamoussadi,studio,2,3,74.0,15,4,TRUE,TRUE,TRUE,FALSE,TRUE,2026-03-05,portal,283385
LS-00407,Douala,Bonapriso,studio,1,2,59.4,8,1,yes,TRUE,FALSE,TRUE,TRUE,2026-01-05,portal,274978
LS-00851,Yaounde,Mvan,villa,0,1,14.0,10,4,FALSE,FALSE,FALSE,FALSE,FALSE,2026-04-12,portal,58715
LS-03339,Douala,New Bell,villa,1,2,46.4,1,4,TRUE,FALSE,FALSE,FALSE,FALSE,2025-08-18,agency,106545
LS-00507,Douala,Ndokoti,chambre moderne,3,3,108.6,12,0,FALSE,FALSE,FALSE,FALSE,FALSE,2026-02-22,agency,179024
LS-03119,Yaounde,Etoudi,duplex,1,2,42.1,2,3,FALSE,FALSE,FALSE,FALSE,FALSE,2025-12-29,agency,114118
LS-03128,Douala,Bonaberi,apartment,2,1,82.3,32,3,FALSE,TRUE,FALSE,FALSE,FALSE,2026-06-08,agency,116305
LS-02380,Douala,Bonamoussadi,studio,3,2,98.0,0,4,FALSE,FALSE,FALSE,TRUE,FALSE,2025-07-16,agency,355636
LS-00798,Yaounde,Mendong,chambre moderne,4,3,114.9,26,1,FALSE,FALSE,TRUE,FALSE,FALSE,2026-05-05,informal,
LS-04154,Yaounde,Bastos,villa,2,2,64.5,8,4,FALSE,FALSE,TRUE,TRUE,FALSE,2026-07-30,agency,171455
LS-03390,Yaounde,Golf,studio,3,2,75.6,0,0,TRUE,FALSE,FALSE,TRUE,FALSE,2025-11-24,agency,254773
LS-06020,Douala,PK14,villa,3,2,78.6,10,1,FALSE,FALSE,TRUE,FALSE,FALSE,2026-05-10,informal,
LS-05401,Yaounde,Mvan,duplex,2,1,79.9,19,1,FALSE,FALSE,FALSE,FALSE,FALSE,2025-07-29,agency,111141
LS-05699,Yaounde,Etoudi,duplex,2,2,64.7,9,1,FALSE,TRUE,TRUE,FALSE,FALSE,2026-06-05,informal,"120,552"
LS-02453,Douala,Bepanda,apartment,1,2,52.1,1,2,FALSE,FALSE,TRUE,FALSE,FALSE,2026-08-07,agency,100540
LS-05482,Douala,Ndokoti,apartment,3,1,99.8,25,0,FALSE,TRUE,TRUE,FALSE,FALSE,2025-08-11,agency,156518
LS-06049,Douala,Akwa,villa,2,2,64.1,10,3,TRUE,FALSE,TRUE,FALSE,TRUE,2025-12-19,informal,196556
LS-02833,Yaounde,Mvan,apartment,3,3,75.5,9,0,FALSE,TRUE,TRUE,FALSE,FALSE,2025-10-16,portal,154319
LS-04203,Yaounde,Mimboman,apartment,1,1,54.5,11,3,FALSE,TRUE,FALSE,FALSE,FALSE,2026-03-26,portal,60390
LS-05147,Douala,Ndokoti,apartment,2,3,77.9,8,3,FALSE,FALSE,FALSE,FALSE,FALSE,2026-05-05,agency,142204
LS-02438,Yaounde,Mendong,studio,2,1,74.4,2,1,FALSE,FALSE,TRUE,FALSE,FALSE,2026-02-12,agency,164395
LS-05334,Douala,Bonapriso,apartment,2,3,70.3,0,1,TRUE,FALSE,TRUE,TRUE,FALSE,2025-08-13,agency,257935
LS-03691,Yaounde,Mvog-Betsi,apartment,2,2,62.4,27,0,TRUE,FALSE,TRUE,FALSE,FALSE,2025-08-24,portal,86657
LS-01332,Douala,PK14,villa,2,2,92.5,12,2,FALSE,FALSE,FALSE,FALSE,FALSE,2025-09-27,portal,161737
LS-06160,Yaounde,Bastos,apartment,2,2,63.1,19,1,TRUE,FALSE,TRUE,FALSE,FALSE,2025-10-02,agency,136477
LS-00423,Douala,Makepe,apartment,2,3,76.7,4,3,TRUE,FALSE,FALSE,FALSE,FALSE,2026-08-15,agency,212089
LS-01594,Yaounde,Emana,chambre moderne,2,2,54.9,19,1,FALSE,FALSE,TRUE,FALSE,FALSE,05/10/2025,portal,119233
LS-04885,Douala,Ndokoti,apartment,4,2,119.1,11,2,FALSE,FALSE,FALSE,FALSE,FALSE,2026-04-29,agency,310029
LS-06133,Yaounde,Mimboman,duplex,1,1,67.8,13,1,FALSE,FALSE,FALSE,FALSE,FALSE,2026-07-20,informal,120658
LS-05724,Douala,PK14,apartment,2,2,59.7,17,0,FALSE,FALSE,TRUE,FALSE,FALSE,17/07/2025,agency,105337
LS-03839,Douala,Deido,studio,4,2,117.3,5,0,FALSE,FALSE,FALSE,FALSE,FALSE,2025-09-15,informal,368843
LS-01196,Yaounde,Golf,apartment,1,2,22.1,9,1,TRUE,FALSE,FALSE,TRUE,FALSE,08/03/2026,agency,105005
LS-02467,Douala,Deido,apartment,4,4,120.8 m2,6,1,FALSE,FALSE,FALSE,FALSE,TRUE,2025-08-12,agency,459930
LS-01459,Douala,Bonanjo,studio,0,1,23.4,22,0,no,FALSE,TRUE,TRUE,TRUE,2025-10-26,portal,87993
LS-04697,Douala,Bepanda,apartment,4,4,96.1,7,0,FALSE,FALSE,TRUE,TRUE,FALSE,2026-08-17,informal,260585
LS-05230,Yaounde,Mimboman,villa,2,2,80.9,3,1,FALSE,FALSE,FALSE,FALSE,FALSE,2025-07-20,agency,170001
LS-04042,Douala,Deido,duplex,1,1,25.7,12,2,FALSE,FALSE,FALSE,FALSE,FALSE,2025-11-30,agency,48835
LS-00177,Douala,PK14,duplex,3,3,105.4,4,0,no,TRUE,TRUE,FALSE,FALSE,2026-06-11,portal,358908
LS-00517,Douala,Deido,studio,2,3,98.1,7,2,FALSE,FALSE,FALSE,FALSE,FALSE,2026-02-18,portal,584196
LS-02861,Douala,PK14,apartment,3,3,129.3,26,0,FALSE,FALSE,FALSE,FALSE,FALSE,2025-08-26,agency,143507
LS-01140,Yaounde,Nkolbisson,duplex,3,3,94.3,10,1,FALSE,FALSE,FALSE,FALSE,FALSE,2026-01-03,portal,141858
LS-05638,Yaounde,Etoudi,villa,2,2,61.3,4,1,FALSE,FALSE,TRUE,FALSE,FALSE,2026-04-02,informal,
LS-04318,Douala,Bonaberi,studio,3,4,111.4,15,0,FALSE,FALSE,FALSE,FALSE,FALSE,2025-08-01,informal,
LS-05487,Douala,Bonaberi,apartment,2,1,73.8,9,2,FALSE,FALSE,FALSE,FALSE,FALSE,11/07/2025,informal,99576
LS-00834,Douala,Akwa,apartment,1,1,22.9 m2,18,0,FALSE,FALSE,FALSE,TRUE,FALSE,2025-07-05,agency,90896
LS-05306,Douala,Bepanda,studio,3,3,88.2,0,2,TRUE,FALSE,FALSE,FALSE,FALSE,2026-04-25,portal,188681
LS-02071,Yaounde,Emana,duplex,3,2,109.3,7,0,TRUE,FALSE,FALSE,FALSE,TRUE,2025-07-29,agency,237803
LS-04126,Yaounde,Mendong,duplex,1,1,47.9 m2,13,1,FALSE,FALSE,FALSE,FALSE,FALSE,2025-11-16,agency,86710
LS-04729,Yaounde,Biyem-Assi,duplex,1,2,43.2,14,4,FALSE,FALSE,FALSE,FALSE,FALSE,2025-10-07,agency,103748
LS-05931,Yaounde,Omnisport,studio,5,5,134.9,23,0,FALSE,TRUE,FALSE,FALSE,TRUE,2025-10-07,informal,898154
LS-02306,Douala,New Bell,villa,2,3,71.2,19,3,FALSE,TRUE,TRUE,FALSE,FALSE,2026-03-19,informal,81360
LS-03091,Douala,PK14,villa,0,1,19.3,0,3,FALSE,FALSE,TRUE,FALSE,FALSE,2025-09-10,informal,71698
LS-00318,Yaounde,Nkolbisson,chambre moderne,2,2,60.0,0,0,FALSE,TRUE,FALSE,TRUE,TRUE,2026-03-23,agency,87098
LS-00831,Douala,Deido,studio,0,1,27.4,0,3,no,FALSE,FALSE,TRUE,FALSE,23/05/2026,agency,92884
LS-03633,Douala,Bonamoussadi,apartment,1,1,61.1,41,1,FALSE,FALSE,TRUE,FALSE,FALSE,2026-04-09,agency,136026
LS-06164,Yaounde,Etoudi,apartment,0,1,38.7,2,3,FALSE,TRUE,TRUE,FALSE,FALSE,2026-05-14,portal,71168
LS-01328,Douala,Bonapriso,duplex,3,2,97.7,0,3,TRUE,FALSE,TRUE,TRUE,FALSE,2026-02-03,agency,462675
LS-00651,Douala,Makepe,apartment,3,2,94.5,12,0,FALSE,TRUE,TRUE,FALSE,FALSE,11/12/2025,agency,211109
LS-00206,Yaounde,Emana,villa,2,3,84.1,22,1,FALSE,FALSE,FALSE,FALSE,FALSE,2025-09-29,portal,137351
LS-04085,Douala,Bepanda,apartment,2,2,81.2,30,0,FALSE,FALSE,FALSE,FALSE,FALSE,2026-02-03,agency,125587
LS-00638,Douala,Logpom,apartment,1,2,53.6,12,0,FALSE,FALSE,TRUE,TRUE,FALSE,2026-03-04,portal,145845
LS-05698,Yaounde,Golf,apartment,3,2,98.1,28,0,FALSE,TRUE,TRUE,FALSE,FALSE,06/03/2026,agency,476785
LS-04731,Douala,Logpom,apartment,4,3,132.1,19,4,TRUE,FALSE,TRUE,FALSE,FALSE,24/11/2025,agency,533855
LS-04398,Douala,New Bell,studio,2,2,78.0,7,4,TRUE,FALSE,TRUE,FALSE,FALSE,2025-11-23,informal,94493
LS-03686,Douala,Bepanda,duplex,1,1,22.0,5,1,FALSE,FALSE,FALSE,FALSE,TRUE,2025-08-13,portal,74417
LS-02710,Douala,PK14,villa,2,2,93.3,21,2,FALSE,FALSE,TRUE,FALSE,FALSE,2026-05-24,portal,79195
LS-05395,Yaounde,Golf,studio,3,2,118.4,7,1,yes,FALSE,TRUE,TRUE,FALSE,2025-12-24,agency,363457
LS-04914,Douala,Logpom,duplex,3,4,109.7,5,4,FALSE,TRUE,FALSE,TRUE,FALSE,2025-09-14,portal,555887
LS-03715,Yaounde,Mimboman,villa,1,2,40.6,26,0,FALSE,FALSE,FALSE,FALSE,FALSE,2025-09-10,agency,"65,747"
LS-00972,Douala,Bepanda,chambre moderne,2,3,64.4,16,1,TRUE,FALSE,FALSE,FALSE,FALSE,2026-05-26,agency,223365
LS-04934,Yaounde,Emana,studio,3,2,102.1,15,0,no,FALSE,TRUE,FALSE,FALSE,2026-06-02,agency,186203
LS-02312,Yaounde,Omnisport,villa,2,2,61.1,0,1,FALSE,FALSE,TRUE,TRUE,FALSE,2025-07-29,informal,186642
LS-05243,Douala,Makepe,apartment,0,1,31.7,12,4,TRUE,TRUE,TRUE,FALSE,FALSE,2026-03-25,agency,72097
LS-06150,Douala,Akwa,apartment,4,2,131.4,7,4,TRUE,FALSE,FALSE,TRUE,TRUE,2026-03-25,informal,"672,668"
LS-04226,Douala,Ndokoti,villa,5,3,154.8,8,0,FALSE,FALSE,FALSE,FALSE,FALSE,2026-02-24,agency,573709
LS-02747,Douala,Bonamoussadi,chambre moderne,3,3,109.3,0,4,TRUE,FALSE,TRUE,TRUE,TRUE,2026-02-10,portal,499076
LS-06109,Douala,Bonapriso,studio,4,2,127.2,18,0,FALSE,TRUE,FALSE,TRUE,TRUE,2025-12-15,agency,912574
LS-01258,Yaounde,Mimboman,duplex,1,2,50.2,30,0,FALSE,TRUE,TRUE,FALSE,FALSE,2025-08-30,portal,98665
LS-02193,Yaounde,Mendong,duplex,1,2,49.5,10,1,FALSE,FALSE,FALSE,FALSE,FALSE,2026-06-07,portal,91933
LS-03404,Douala,New Bell,apartment,1,1,67.5,13,3,FALSE,FALSE,TRUE,FALSE,FALSE,09/07/2026,informal,74666
LS-03661,Yaounde,Emana,apartment,2,2,76.9,27,0,FALSE,FALSE,FALSE,FALSE,FALSE,2025-11-11,agency,"83,213"
LS-03394,Douala,Bonamoussadi,studio,4,3,123.2,18,3,FALSE,TRUE,FALSE,FALSE,FALSE,22/08/2026,informal,283873
LS-03358,Douala,Deido,studio,5,3,163.0,0,0,FALSE,FALSE,TRUE,FALSE,FALSE,2025-08-05,agency,661796
LS-01416,Yaounde,Bastos,chambre moderne,0,1,14.0,15,3,FALSE,TRUE,TRUE,FALSE,TRUE,11/05/2026,portal,"84,560"
LS-05746,Yaounde,Etoudi,apartment,3,3,102.2,0,4,TRUE,TRUE,FALSE,TRUE,FALSE,2026-02-18,agency,296437
LS-04118,Douala,Bepanda,apartment,5,3,154.5,15,0,FALSE,FALSE,TRUE,FALSE,FALSE,2026-06-01,informal,
LS-04958,Douala,Deido,apartment,2,2,75.6,21,2,FALSE,FALSE,FALSE,FALSE,FALSE,08/11/2025,agency,189074
LS-04966,Yaounde,Omnisport,apartment,2,3,71.7,26,0,FALSE,FALSE,FALSE,TRUE,FALSE,2026-05-04,agency,138598
LS-00226,Douala,Ndokoti,apartment,5,3,138.6,15,2,FALSE,FALSE,FALSE,FALSE,FALSE,2026-05-06,agency,490327
LS-04039,Douala,Bonanjo,apartment,1,1,63.4,29,3,FALSE,FALSE,FALSE,FALSE,TRUE,2025-09-23,informal,
LS-01570,Yaounde,Mimboman,villa,4,3,101.9,14,1,FALSE,FALSE,FALSE,FALSE,FALSE,2026-07-04,agency,185133
LS-00361,Douala,Bonapriso,duplex,3,4,101.0,7,0,FALSE,TRUE,TRUE,FALSE,FALSE,2026-07-29,informal,
LS-01289,Douala,Logpom,duplex,2,3,74.1,2,0,TRUE,FALSE,TRUE,FALSE,TRUE,13/06/2026,agency,184135
LS-04337,Douala,Deido,chambre moderne,1,1,37.4,25,0,FALSE,FALSE,FALSE,FALSE,FALSE,2025-10-29,agency,84575
LS-01933,Douala,PK14,villa,1,2,37.5,24,2,FALSE,TRUE,TRUE,FALSE,FALSE,2026-07-19,agency,81650
LS-02135,Douala,Logpom,duplex,1,2,39.3,22,3,FALSE,FALSE,TRUE,TRUE,TRUE,2025-11-21,agency,136973
LS-05589,Yaounde,Omnisport,apartment,2,2,81.0,7,2,TRUE,FALSE,FALSE,FALSE,FALSE,2026-02-13,informal,
LS-03519,Yaounde,Mimboman,villa,2,2,60.4,20,1,FALSE,FALSE,FALSE,FALSE,FALSE,2025-10-24,informal,71601
LS-04089,Yaounde,Mvog-Betsi,duplex,2,3,66.4,20,0,TRUE,FALSE,TRUE,FALSE,FALSE,2026-08-01,informal,99756
LS-01124,Yaounde,Mendong,apartment,1,1,59.5,24,2,FALSE,TRUE,TRUE,FALSE,FALSE,2026-02-28,portal,145454
LS-00444,Yaounde,Mendong,villa,1,2,49.6,16,1,TRUE,TRUE,TRUE,FALSE,FALSE,18/05/2026,agency,111830
LS-06169,Douala,Bonapriso,studio,1,1,56.7,25,2,TRUE,FALSE,TRUE,TRUE,FALSE,2026-05-23,agency,151241
LS-05182,Yaounde,Golf,villa,2,2,52.1,0,3,TRUE,FALSE,TRUE,TRUE,FALSE,2025-08-18,agency,134011
LS-05730,Douala,PK14,chambre moderne,1,1,42.8,22,2,FALSE,TRUE,FALSE,FALSE,FALSE,2026-05-09,agency,52470
LS-00887,Douala,Makepe,villa,2,3,79.3,16,2,FALSE,FALSE,FALSE,TRUE,FALSE,2026-01-23,agency,154393
LS-00119,Douala,Ndokoti,duplex,1,2,32.7,26,3,FALSE,FALSE,FALSE,FALSE,FALSE,2026-06-04,portal,51425
LS-05337,Yaounde,Emana,apartment,2,2,74.2,2,1,TRUE,FALSE,FALSE,FALSE,FALSE,2026-08-13,agency,105019
LS-02850,Yaounde,Omnisport,studio,1,2,28.2,10,2,TRUE,FALSE,TRUE,TRUE,TRUE,2025-10-17,agency,138945
LS-04202,Douala,PK14,chambre moderne,2,3,62.3,21,1,TRUE,FALSE,FALSE,FALSE,FALSE,2025-10-26,portal,139650
LS-02766,Douala,Bonamoussadi,chambre moderne,0,1,14.0,19,2,FALSE,FALSE,FALSE,FALSE,FALSE,2025-07-06,informal,50059
LS-05027,Yaounde,Nkolbisson,apartment,2,2,77.0,20,1,FALSE,FALSE,FALSE,TRUE,FALSE,2026-04-04,agency,"170,584"
LS-04385,Douala,Makepe,duplex,2,2,97.3,4,0,TRUE,TRUE,FALSE,FALSE,FALSE,28/01/2026,agency,443522
LS-00264,Douala,PK14,apartment,3,3,105.8,0,2,FALSE,FALSE,FALSE,FALSE,FALSE,2025-11-15,agency,182294
LS-00082,Douala,Akwa,apartment,2,3,75.2,4,0,TRUE,TRUE,TRUE,FALSE,FALSE,2026-02-10,portal,188358
LS-02446,Yaounde,Bastos,apartment,5,3,159.1,17,0,FALSE,TRUE,TRUE,FALSE,TRUE,2026-07-27,agency,1436051
LS-05839,Yaounde,Golf,chambre moderne,5,4,159.0,24,0,FALSE,TRUE,TRUE,FALSE,FALSE,2026-07-24,informal,1417582
LS-02320,Yaounde,Nkolbisson,studio,0,1,14.6,14,0,FALSE,FALSE,TRUE,FALSE,FALSE,2026-06-11,informal,55612
LS-03773,Douala,Bonamoussadi,chambre moderne,3,2,105.3,26,4,FALSE,TRUE,TRUE,FALSE,FALSE,27/08/2025,agency,267824
LS-03935,Douala,Ndokoti,duplex,2,2,92.0,11,4,FALSE,FALSE,TRUE,FALSE,FALSE,2026-05-14,portal,203166
LS-00191,Douala,Bonanjo,apartment,2,2,80.7,13,3,FALSE,TRUE,TRUE,TRUE,TRUE,2026-05-03,portal,420437
LS-01878,Douala,Bonamoussadi,villa,4,3,132.2,6,1,FALSE,TRUE,TRUE,FALSE,FALSE,2026-06-02,agency,1120839
LS-00969,Douala,Makepe,duplex,2,2,58.6,24,1,FALSE,FALSE,TRUE,TRUE,FALSE,2025-09-25,informal,151385
LS-06033,Yaounde,Mvan,apartment,1,1,34.6,12,0,FALSE,FALSE,FALSE,FALSE,FALSE,2026-04-03,agency,69089
LS-02698,Douala,Deido,villa,0,1,36.0,8,1,TRUE,FALSE,FALSE,FALSE,FALSE,2026-01-16,informal,87640
LS-01252,Douala,New Bell,chambre moderne,3,3,96.0,8,0,FALSE,FALSE,TRUE,FALSE,FALSE,2026-06-21,portal,161295
LS-05999,Yaounde,Bastos,apartment,2,2,79.3,13,4,FALSE,TRUE,TRUE,FALSE,TRUE,2025-07-27,agency,306483
LS-03895,Douala,Logpom,villa,2,2,78.5,10,0,FALSE,FALSE,TRUE,FALSE,TRUE,2025-07-19,agency,203273
LS-04533,Douala,Makepe,apartment,2,1,52.2,33,4,FALSE,FALSE,FALSE,TRUE,FALSE,28/01/2026,informal,70842
LS-01591,Yaounde,Emana,apartment,5,3,132.1,23,0,FALSE,FALSE,TRUE,FALSE,FALSE,22/01/2026,agency,256335
LS-00169,Douala,Bonapriso,duplex,1,1,53.3,12,1,FALSE,FALSE,TRUE,FALSE,TRUE,2026-07-07,agency,171995
LS-05942,Yaounde,Bastos,chambre moderne,2,3,76.9,7,4,TRUE,TRUE,FALSE,TRUE,TRUE,2026-02-27,informal,452244
LS-05769,Yaounde,Nkolbisson,chambre moderne,5,2,141.3,9,1,FALSE,FALSE,FALSE,FALSE,FALSE,2025-07-29,agency,352540
LS-03458,Douala,Makepe,apartment,3,3,100.4,20,1,TRUE,FALSE,TRUE,TRUE,FALSE,2026-02-01,portal,"225,499"
LS-05478,Douala,PK14,duplex,3,2,86.4,10,4,FALSE,FALSE,FALSE,FALSE,FALSE,2026-01-21,informal,178629
LS-01234,Douala,Deido,studio,2,2,77.3,19,1,FALSE,TRUE,FALSE,FALSE,FALSE,2026-04-27,agency,184733
LS-00334,Yaounde,Omnisport,villa,1,2,33.7,16,0,yes,FALSE,TRUE,FALSE,FALSE,2026-07-18,agency,81592
LS-00360,Douala,Deido,chambre moderne,1,2,77.6,16,0,FALSE,FALSE,TRUE,FALSE,FALSE,2025-11-15,agency,106245
LS-03972,Douala,Bonamoussadi,duplex,2,2,73.5,19,4,TRUE,TRUE,FALSE,FALSE,FALSE,2025-12-03,informal,189127
LS-03830,Douala,Bonapriso,apartment,2,1,77.5 m2,11,0,TRUE,TRUE,FALSE,TRUE,TRUE,2026-01-14,informal,
LS-04007,Yaounde,Nkolbisson,apartment,3,3,110.4 m2,8,2,TRUE,FALSE,TRUE,FALSE,FALSE,2025-08-30,agency,293274
LS-05483,Yaounde,Mvan,apartment,2,2,63.0,1,0,TRUE,FALSE,FALSE,FALSE,FALSE,2026-06-12,agency,146192
LS-04192,Douala,Bepanda,villa,4,2,122.5,20,1,TRUE,FALSE,FALSE,TRUE,FALSE,22/03/2026,portal,291694
LS-03959,Yaounde,Golf,studio,1,1,34.6,0,1,TRUE,FALSE,TRUE,FALSE,FALSE,2026-05-27,portal,153144
LS-04313,Yaounde,Omnisport,apartment,3,2,97.1,22,2,FALSE,FALSE,TRUE,FALSE,FALSE,2025-11-30,agency,238289
LS-03170,Douala,Logpom,apartment,3,1,96.2,22,3,FALSE,FALSE,FALSE,FALSE,FALSE,2026-06-01,informal,194836
LS-02620,Yaounde,Golf,apartment,2,3,46.4,22,1,yes,FALSE,FALSE,TRUE,TRUE,2025-11-03,agency,191145
LS-03075,Douala,Bonapriso,apartment,3,3,108.9 m2,0,1,TRUE,TRUE,TRUE,FALSE,TRUE,2025-10-21,portal,837517
LS-03265,Douala,Akwa,studio,2,1,61.1,24,0,FALSE,FALSE,TRUE,FALSE,FALSE,2026-04-15,informal,186286
LS-02270,Yaounde,Nkolbisson,apartment,0,1,14.0,7,0,FALSE,TRUE,TRUE,FALSE,FALSE,2026-07-05,informal,41215
LS-04653,Douala,Logpom,apartment,2,1,75.6,13,1,FALSE,FALSE,FALSE,FALSE,FALSE,2025-11-22,informal,"182,201"
LS-03194,Douala,Deido,apartment,5,4,146.3,0,4,TRUE,TRUE,TRUE,FALSE,FALSE,2026-01-09,informal,620458
LS-00313,Douala,Deido,apartment,3,3,86.9,16,4,FALSE,FALSE,TRUE,FALSE,TRUE,2026-08-17,informal,
LS-04097,Douala,Makepe,studio,3,3,68.9,18,2,TRUE,FALSE,TRUE,TRUE,TRUE,2026-06-02,agency,206319
LS-02478,Yaounde,Bastos,duplex,3,3,84.9,25,1,no,FALSE,TRUE,TRUE,FALSE,2026-02-27,portal,267831
LS-04376,Yaounde,Etoudi,apartment,4,4,143.5,6,1,FALSE,FALSE,FALSE,FALSE,TRUE,2025-11-01,agency,646401
LS-03289,Yaounde,Mvog-Betsi,apartment,3,2,86.8,10,4,FALSE,FALSE,TRUE,FALSE,FALSE,2025-12-18,informal,156506
LS-00442,Douala,Bonapriso,duplex,0,1,31.3,1,0,TRUE,FALSE,TRUE,TRUE,TRUE,2025-08-17,informal,
LS-01237,Yaounde,Nsam,studio,2,2,63.9,16,1,no,FALSE,TRUE,FALSE,FALSE,2025-07-26,agency,175220
LS-04663,Douala,New Bell,apartment,4,4,113.0,12,1,FALSE,FALSE,FALSE,FALSE,TRUE,2025-08-30,portal,359981
LS-05197,Douala,Akwa,duplex,3,3,118.1,14,1,FALSE,FALSE,TRUE,TRUE,FALSE,2026-04-02,informal,636666
LS-04628,Yaounde,Biyem-Assi,villa,0,1,29.9,16,3,TRUE,FALSE,FALSE,FALSE,FALSE,2026-05-08,informal,62573
LS-00799,Yaounde,Biyem-Assi,villa,3,4,89.5,3,1,FALSE,TRUE,FALSE,FALSE,FALSE,2025-11-08,informal,243058
LS-02834,Douala,New Bell,apartment,0,1,19.6,22,2,TRUE,TRUE,FALSE,FALSE,FALSE,2026-06-01,portal,67203
LS-03307,Yaounde,Mvog-Betsi,villa,2,3,76.7,27,2,TRUE,FALSE,FALSE,FALSE,TRUE,2026-05-27,portal,162799
LS-02069,Yaounde,Mendong,studio,3,3,103.3,10,0,FALSE,TRUE,FALSE,FALSE,FALSE,20/01/2026,informal,281143
LS-01334,Douala,Bonamoussadi,apartment,3,2,96.0,2,1,FALSE,TRUE,FALSE,FALSE,FALSE,14/01/2026,informal,478670
LS-05667,Yaounde,Mvog-Betsi,duplex,1,2,46.3,7,0,no,TRUE,FALSE,FALSE,FALSE,2026-05-23,agency,104960
LS-05739,Yaounde,Nsam,apartment,2,1,59.2,19,3,FALSE,FALSE,TRUE,FALSE,FALSE,2025-10-31,portal,89659
LS-01308,Yaounde,Mendong,apartment,4,3,149.5 m2,22,1,FALSE,TRUE,TRUE,FALSE,FALSE,2025-08-16,agency,447739
LS-00903,Douala,Ndokoti,apartment,1,2,42.2,8,4,TRUE,FALSE,FALSE,FALSE,FALSE,2026-05-10,informal,
LS-05057,Douala,Bonamoussadi,apartment,3,2,105.1,1,4,TRUE,FALSE,TRUE,TRUE,FALSE,2026-01-16,agency,180476
LS-03955,Douala,Deido,apartment,3,2,99.7,20,0,FALSE,TRUE,FALSE,FALSE,FALSE,2025-12-18,portal,213510
LS-00451,Douala,Makepe,apartment,5,3,144.4,6,2,FALSE,FALSE,FALSE,FALSE,FALSE,2026-05-01,informal,663277
LS-04327,Douala,Bonapriso,chambre moderne,2,2,57.4,2,1,FALSE,TRUE,TRUE,TRUE,FALSE,2025-12-03,agency,189954
LS-00882,Douala,Bepanda,apartment,2,3,83.4,6,3,TRUE,FALSE,TRUE,FALSE,FALSE,25/10/2025,agency,206235
LS-02896,Yaounde,Emana,chambre moderne,5,4,141.2,22,3,FALSE,TRUE,FALSE,FALSE,FALSE,2026-04-11,portal,413149
LS-01844,Yaounde,Bastos,duplex,2,2,73.4,0,0,TRUE,TRUE,TRUE,TRUE,FALSE,2026-06-05,agency,550685
LS-00576,Yaounde,Mimboman,chambre moderne,1,2,52.6,12,2,FALSE,FALSE,FALSE,TRUE,FALSE,09/02/2026,informal,
LS-05825,Douala,Ndokoti,chambre moderne,1,2,57.7,23,4,FALSE,FALSE,TRUE,FALSE,FALSE,2025-08-30,portal,91330
LS-02803,Yaounde,Mvan,apartment,3,2,100.4 m2,17,1,no,FALSE,FALSE,FALSE,FALSE,2026-01-22,agency,279051
LS-01435,Douala,Bonaberi,apartment,2,2,64.0,10,0,FALSE,TRUE,FALSE,FALSE,TRUE,2025-09-05,agency,81597
LS-01406,Douala,New Bell,apartment,2,3,83.0,13,4,FALSE,FALSE,TRUE,FALSE,FALSE,2025-10-15,agency,210587
LS-05284,Yaounde,Mimboman,studio,1,1,44.2,8,1,FALSE,FALSE,TRUE,FALSE,FALSE,2026-04-07,agency,57237
LS-05166,Douala,Logpom,chambre moderne,2,1,75.5,9,1,TRUE,FALSE,TRUE,FALSE,FALSE,2025-07-13,portal,162509
LS-01254,Douala,Bonanjo,apartment,5,4,149.6,38,1,FALSE,FALSE,FALSE,FALSE,FALSE,2025-09-26,agency,882463
LS-04737,Douala,Deido,apartment,0,1,41.8,0,1,TRUE,FALSE,FALSE,TRUE,FALSE,2026-01-20,agency,96755
LS-05124,Yaounde,Bastos,apartment,1,2,49.0,5,1,TRUE,FALSE,TRUE,FALSE,FALSE,2025-12-27,portal,159612
LS-00479,Yaounde,Omnisport,studio,1,2,71.5,19,0,TRUE,FALSE,FALSE,FALSE,FALSE,2026-05-12,portal,131503
LS-06064,Douala,PK14,villa,2,3,69.5,0,0,FALSE,FALSE,FALSE,FALSE,FALSE,2026-02-08,portal,102841
LS-05635,Yaounde,Etoudi,studio,5,5,143.7,23,1,FALSE,FALSE,TRUE,FALSE,FALSE,2025-12-22,agency,748824
LS-01976,Yaounde,Nsam,apartment,3,3,112.9,21,1,FALSE,FALSE,TRUE,FALSE,FALSE,2025-07-04,portal,219914
LS-03121,Yaounde,Etoudi,studio,1,2,46.2,19,1,TRUE,FALSE,FALSE,FALSE,FALSE,2026-06-14,informal,131722
LS-01642,Yaounde,Golf,apartment,2,3,84.0,26,3,TRUE,FALSE,TRUE,TRUE,FALSE,2025-08-20,portal,260081
LS-00769,Douala,Makepe,studio,2,2,69.7,4,4,TRUE,TRUE,TRUE,FALSE,FALSE,2026-03-28,portal,171031
LS-01671,Douala,New Bell,villa,1,1,35.3,14,2,FALSE,FALSE,TRUE,FALSE,FALSE,2025-09-23,agency,64699
LS-02151,Douala,Ndokoti,apartment,2,1,77.5,7,0,FALSE,FALSE,TRUE,FALSE,FALSE,2026-05-10,agency,142750
LS-03475,Douala,Bonanjo,villa,1,2,66.5,2,4,TRUE,FALSE,FALSE,TRUE,TRUE,2026-07-28,agency,264611
LS-01392,Douala,Bonaberi,chambre moderne,0,1,14.0,15,4,TRUE,FALSE,FALSE,FALSE,FALSE,2026-05-05,informal,28898
LS-00624,Douala,Bonapriso,villa,2,2,61.6 m2,8,4,FALSE,FALSE,TRUE,FALSE,FALSE,2026-08-25,portal,148143
LS-03581,Douala,PK14,apartment,0,1,19.6,18,3,FALSE,FALSE,FALSE,FALSE,FALSE,2026-01-11,agency,36176
LS-05980,Douala,Logpom,villa,3,2,122.5,17,2,FALSE,TRUE,FALSE,TRUE,FALSE,16/08/2025,agency,314426
LS-04773,Douala,Bonapriso,apartment,4,2,117.5,20,3,TRUE,TRUE,TRUE,FALSE,FALSE,2026-04-09,agency,310028
LS-03985,Yaounde,Etoudi,chambre moderne,1,2,40.8,16,3,FALSE,FALSE,FALSE,FALSE,FALSE,2026-01-27,agency,124287
LS-05663,Douala,Bonanjo,chambre moderne,1,2,45.7,0,1,FALSE,FALSE,TRUE,FALSE,FALSE,2025-12-03,agency,141454
LS-06108,Douala,Bonapriso,chambre moderne,2,2,94.7,4,0,TRUE,FALSE,FALSE,TRUE,FALSE,2026-08-10,agency,219980
LS-05207,Douala,Bonaberi,villa,3,3,112.0,21,3,FALSE,FALSE,TRUE,FALSE,FALSE,2025-09-29,agency,170743
LS-02006,Douala,Bonanjo,villa,3,4,90.2,11,3,FALSE,TRUE,TRUE,FALSE,FALSE,2026-01-21,informal,
LS-01695,Douala,Bepanda,duplex,2,2,66.6,9,1,FALSE,TRUE,FALSE,FALSE,FALSE,2026-04-19,agency,122137
LS-04251,Douala,Logpom,apartment,3,3,94.5,9,0,FALSE,FALSE,TRUE,FALSE,FALSE,2025-11-21,informal,154963
LS-01989,Douala,Bepanda,villa,2,3,70.8,24,2,FALSE,TRUE,FALSE,FALSE,FALSE,2026-06-01,agency,135381
LS-05685,Yaounde,Nsam,apartment,2,2,69.5,18,2,FALSE,TRUE,FALSE,FALSE,FALSE,2026-03-13,agency,145596
LS-01619,Yaounde,Mendong,apartment,2,3,69.6,0,1,FALSE,FALSE,FALSE,FALSE,FALSE,2025-09-14,agency,"208,027"
LS-00436,Douala,Bonapriso,apartment,2,1,69.9,0,0,TRUE,TRUE,TRUE,FALSE,FALSE,2026-02-23,agency,250824
LS-02402,Yaounde,Omnisport,apartment,1,1,33.8,21,0,FALSE,TRUE,TRUE,FALSE,FALSE,2026-07-18,agency,92730
LS-03287,Douala,Makepe,apartment,1,2,57.6,15,1,TRUE,FALSE,TRUE,FALSE,FALSE,2025-08-07,agency,140848
LS-02432,Yaounde,Golf,chambre moderne,3,2,96.9,11,0,yes,TRUE,FALSE,FALSE,TRUE,2026-08-07,informal,
LS-04638,Yaounde,Golf,villa,1,1,47.4,25,3,TRUE,TRUE,TRUE,TRUE,TRUE,2026-08-16,portal,106139
LS-05085,Douala,Logpom,studio,3,2,109.7 m2,2,3,FALSE,FALSE,TRUE,TRUE,FALSE,2025-08-13,agency,354369
LS-02214,Yaounde,Mvan,apartment,1,2,39.2,9,3,FALSE,FALSE,TRUE,FALSE,FALSE,20/08/2026,agency,62098
LS-05062,Douala,New Bell,studio,2,1,59.7,5,1,no,FALSE,TRUE,FALSE,FALSE,18/08/2025,portal,"106,137"
LS-00608,Yaounde,Nsam,apartment,0,1,17.8,2,0,FALSE,FALSE,FALSE,FALSE,FALSE,22/07/2025,agency,33600
LS-04322,Yaounde,Golf,chambre moderne,1,2,36.5,16,0,TRUE,TRUE,TRUE,TRUE,FALSE,2025-11-30,agency,144384
LS-03981,Douala,Bonaberi,apartment,1,2,58.4,13,0,FALSE,FALSE,FALSE,FALSE,FALSE,2026-07-04,informal,
LS-05131,Yaounde,Biyem-Assi,duplex,3,2,88.5,15,0,TRUE,FALSE,FALSE,FALSE,TRUE,2025-12-10,agency,262560
LS-02001,Douala,Bepanda,apartment,3,2,76.2,33,0,no,FALSE,FALSE,FALSE,FALSE,2026-02-17,agency,126609
LS-05910,Douala,Bepanda,chambre moderne,5,4,140.5,28,1,FALSE,FALSE,TRUE,FALSE,FALSE,2025-10-04,portal,386552
LS-04949,Yaounde,Omnisport,studio,3,3,101.4,7,1,TRUE,TRUE,TRUE,TRUE,TRUE,2025-12-10,portal,496769
LS-02559,Yaounde,Mimboman,studio,1,2,56.8,20,2,FALSE,FALSE,FALSE,FALSE,FALSE,2025-12-14,agency,62775
LS-02336,Douala,Akwa,duplex,5,2,171.9,4,1,FALSE,FALSE,TRUE,TRUE,FALSE,2026-03-12,portal,1351094
LS-02023,Yaounde,Mendong,duplex,4,3,121.0,6,2,FALSE,FALSE,FALSE,FALSE,FALSE,2026-07-13,portal,274007
LS-02948,Yaounde,Mvog-Betsi,studio,2,3,67.1,25,3,FALSE,FALSE,FALSE,FALSE,FALSE,2025-09-24,portal,144443
LS-00041,Douala,New Bell,chambre moderne,4,1,126.6,19,1,FALSE,FALSE,FALSE,FALSE,FALSE,2026-05-29,agency,343946
LS-03435,Yaounde,Nkolbisson,apartment,2,2,72.3,7,4,FALSE,FALSE,FALSE,FALSE,FALSE,16/01/2026,agency,83780
LS-01883,Yaounde,Etoudi,studio,4,4,142.9,0,0,FALSE,FALSE,TRUE,FALSE,FALSE,2025-10-17,portal,591388
LS-01523,Douala,Akwa,duplex,4,2,134.1,20,0,FALSE,TRUE,TRUE,TRUE,FALSE,2026-05-02,agency,374127
LS-00869,Yaounde,Mvog-Betsi,apartment,1,2,55.9,0,0,TRUE,FALSE,FALSE,FALSE,FALSE,2026-03-30,portal,165215
LS-02997,Douala,Logpom,chambre moderne,0,1,25.2,9,2,TRUE,FALSE,TRUE,FALSE,FALSE,2026-06-05,agency,53631
LS-02291,Douala,Bonaberi,studio,4,3,132.8,0,0,FALSE,FALSE,TRUE,TRUE,FALSE,2026-05-23,agency,317492
LS-00440,Yaounde,Biyem-Assi,apartment,1,1,57.6,37,1,FALSE,FALSE,FALSE,FALSE,FALSE,2025-07-11,portal,51942
LS-01015,Douala,Bonamoussadi,apartment,5,5,151.1,14,2,TRUE,TRUE,FALSE,FALSE,FALSE,2025-12-18,portal,1251858
LS-04506,Douala,Ndokoti,apartment,3,1,98.9 m2,10,1,no,FALSE,FALSE,FALSE,FALSE,2025-07-28,informal,147924
LS-06115,Douala,Bonaberi,apartment,2,3,86.9,20,3,FALSE,FALSE,FALSE,TRUE,FALSE,2025-08-08,informal,206125
LS-00698,Yaounde,Golf,studio,1,2,47.8,10,1,TRUE,FALSE,TRUE,TRUE,FALSE,2025-07-14,portal,151843
LS-01846,Douala,Bonamoussadi,duplex,1,1,49.2,0,3,FALSE,FALSE,TRUE,TRUE,FALSE,2025-10-19,agency,112430
LS-03341,Douala,PK14,duplex,2,3,77.4,13,1,no,FALSE,FALSE,FALSE,FALSE,2026-08-12,informal,
LS-04904,Yaounde,Nkolbisson,apartment,0,1,22.1,11,1,FALSE,TRUE,FALSE,TRUE,FALSE,2025-09-13,informal,44516
LS-04755,Yaounde,Mendong,studio,0,1,33.3,16,1,FALSE,FALSE,FALSE,FALSE,FALSE,2026-01-15,agency,90476
LS-03145,Douala,Bonaberi,villa,2,3,60.9,9,1,FALSE,FALSE,FALSE,TRUE,FALSE,15/04/2026,portal,113422
LS-02099,Douala,PK14,villa,4,3,133.9,28,1,FALSE,FALSE,FALSE,FALSE,FALSE,2025-08-04,informal,324098
LS-01774,Yaounde,Golf,duplex,1,2,35.1,19,4,FALSE,TRUE,TRUE,TRUE,TRUE,2025-08-13,informal,235184
LS-00128,Douala,Bonaberi,apartment,2,1,68.1,0,1,FALSE,FALSE,TRUE,FALSE,FALSE,2025-07-16,informal,144847
LS-00895,Douala,PK14,chambre moderne,2,2,71.0,8,2,FALSE,FALSE,FALSE,FALSE,FALSE,2026-05-07,informal,143484
LS-04799,Douala,New Bell,studio,2,1,81.7,10,0,FALSE,FALSE,FALSE,FALSE,FALSE,2025-07-31,portal,113187
LS-05025,Douala,Ndokoti,villa,3,3,101.7,18,0,FALSE,FALSE,TRUE,FALSE,FALSE,2025-12-07,informal,234957
LS-02394,Yaounde,Golf,apartment,5,4,172.4,6,4,TRUE,TRUE,TRUE,FALSE,FALSE,2026-02-01,agency,1460527
LS-03611,Douala,Logpom,duplex,2,2,66.7,21,3,FALSE,FALSE,TRUE,TRUE,FALSE,04/06/2026,agency,131258
LS-01343,Yaounde,Etoudi,studio,4,3,111.5,16,1,FALSE,FALSE,TRUE,TRUE,FALSE,2025-07-25,agency,441560
LS-03246,Douala,Deido,apartment,1,2,58.6,15,0,FALSE,TRUE,FALSE,FALSE,FALSE,2026-01-06,portal,85386
LS-04447,Douala,Bonaberi,apartment,1,2,28.9,18,1,FALSE,FALSE,TRUE,FALSE,FALSE,2025-10-15,informal,
LS-01855,Yaounde,Nkolbisson,apartment,3,2,115.8,14,1,FALSE,FALSE,FALSE,FALSE,FALSE,2026-05-21,agency,248457
LS-00040,Douala,Bonamoussadi,duplex,4,3,121.7,0,4,TRUE,FALSE,FALSE,TRUE,FALSE,2025-10-01,agency,379045
LS-01127,Douala,Bonamoussadi,duplex,3,2,109.8,2,3,FALSE,FALSE,TRUE,TRUE,FALSE,2026-06-25,agency,269210
LS-01530,Douala,Bonamoussadi,studio,2,2,63.5,16,2,FALSE,FALSE,TRUE,FALSE,FALSE,2025-07-28,portal,157734
LS-00685,Douala,Ndokoti,villa,3,4,403.1,11,0,FALSE,FALSE,FALSE,FALSE,FALSE,2026-03-27,agency,1829120
LS-04692,Yaounde,Nsam,duplex,5,3,138.2,8,2,FALSE,FALSE,FALSE,FALSE,FALSE,05/02/2026,agency,490793
LS-02405,Douala,Bonanjo,studio,3,2,109.8,17,0,TRUE,TRUE,TRUE,TRUE,TRUE,2026-05-31,agency,601054
LS-03610,Yaounde,Nkolbisson,apartment,1,2,45.4,23,0,FALSE,FALSE,TRUE,FALSE,FALSE,2025-10-13,informal,
LS-04433,Yaounde,Mendong,chambre moderne,1,2,45.4,5,0,FALSE,FALSE,FALSE,FALSE,FALSE,2026-08-21,portal,65309
LS-04060,Yaounde,Bastos,chambre moderne,1,2,56.2,8,0,FALSE,TRUE,TRUE,TRUE,FALSE,2025-11-01,portal,169442
LS-00211,Douala,Logpom,duplex,2,2,87.2,27,1,FALSE,TRUE,TRUE,FALSE,FALSE,2025-11-19,agency,346902
LS-05704,Yaounde,Mvan,apartment,1,2,47.8,14,2,FALSE,TRUE,TRUE,FALSE,FALSE,2026-04-09,informal,
LS-00279,Douala,Bonamoussadi,duplex,3,3,83.3,11,0,FALSE,TRUE,TRUE,FALSE,FALSE,2026-03-21,portal,354037
LS-04418,Yaounde,Etoudi,villa,0,1,14.0,12,3,FALSE,FALSE,FALSE,FALSE,FALSE,2026-01-29,informal,
LS-03387,Yaounde,Mvan,apartment,0,1,24.9,24,0,FALSE,FALSE,FALSE,FALSE,FALSE,12/05/2026,informal,98111
LS-02049,Yaounde,Mvog-Betsi,duplex,1,1,41.0,7,0,TRUE,FALSE,FALSE,TRUE,FALSE,2026-05-03,agency,111405
LS-01048,Yaounde,Golf,duplex,2,2,74.8,16,1,TRUE,TRUE,FALSE,FALSE,FALSE,2026-03-02,agency,149947
LS-04386,Yaounde,Mvog-Betsi,chambre moderne,4,3,121.6,0,1,TRUE,FALSE,TRUE,FALSE,FALSE,2026-01-05,agency,373033
LS-00117,Yaounde,Golf,duplex,2,2,55.8,20,1,FALSE,TRUE,TRUE,FALSE,FALSE,2026-05-25,informal,166885
LS-03226,Douala,Bonanjo,apartment,4,3,131.4,29,0,FALSE,TRUE,TRUE,TRUE,FALSE,2026-07-01,portal,578253
LS-03004,Douala,Bonaberi,apartment,3,2,124.8,30,0,FALSE,FALSE,TRUE,FALSE,FALSE,2025-10-22,portal,278159
LS-02158,Douala,Bonanjo,apartment,1,2,55.6,29,1,FALSE,TRUE,TRUE,TRUE,FALSE,2026-03-26,informal,202449
LS-02277,Yaounde,Mimboman,studio,4,2,121.2,0,2,FALSE,TRUE,FALSE,FALSE,FALSE,2026-05-22,agency,259055
LS-00553,Yaounde,Golf,chambre moderne,0,1,14.9,24,3,FALSE,FALSE,FALSE,FALSE,TRUE,2026-01-17,agency,70363
LS-05833,Douala,Bonamoussadi,apartment,2,2,76.0,19,3,TRUE,TRUE,FALSE,FALSE,FALSE,2026-03-05,agency,249276
LS-05404,Yaounde,Etoudi,apartment,3,3,94.2,17,1,FALSE,FALSE,TRUE,FALSE,FALSE,2026-08-16,agency,204299
LS-03046,Douala,Bonanjo,apartment,2,1,56.6,8,1,FALSE,FALSE,FALSE,FALSE,FALSE,2025-09-29,portal,286917
LS-04326,Yaounde,Emana,duplex,2,1,85.5,24,0,FALSE,FALSE,FALSE,FALSE,FALSE,2025-10-26,agency,"103,283"
LS-03992,Douala,Logpom,duplex,0,1,14.0,39,3,FALSE,FALSE,FALSE,FALSE,TRUE,2026-02-25,informal,52997
LS-05509,Douala,PK14,apartment,2,1,83.3,33,0,FALSE,FALSE,FALSE,FALSE,FALSE,22/08/2026,informal,84725
LS-01972,Yaounde,Mendong,duplex,0,1,20.2,12,3,FALSE,FALSE,FALSE,FALSE,FALSE,2026-02-16,informal,37040
LS-02841,Douala,Bonanjo,chambre moderne,1,2,53.5,2,0,TRUE,FALSE,FALSE,FALSE,TRUE,2026-06-29,agency,268681
LS-06187,Douala,Bepanda,chambre moderne,5,3,163.2,9,1,FALSE,TRUE,TRUE,FALSE,FALSE,21/07/2025,informal,775116
LS-02866,Yaounde,Mimboman,villa,2,2,70.6,16,0,FALSE,FALSE,FALSE,FALSE,FALSE,2025-08-14,agency,87520
LS-04330,Douala,Deido,villa,2,2,87.0,18,1,FALSE,FALSE,FALSE,FALSE,FALSE,2026-08-06,agency,248571
LS-03893,Yaounde,Mvan,apartment,2,3,89.9,1,0,FALSE,FALSE,FALSE,FALSE,FALSE,2026-03-14,informal,235712
LS-02463,Douala,PK14,studio,3,3,104.2,9,4,FALSE,FALSE,TRUE,FALSE,FALSE,2026-06-02,agency,284579
LS-03618,Douala,PK14,chambre moderne,2,3,49.0,24,0,FALSE,FALSE,FALSE,FALSE,FALSE,2026-04-03,agency,88279
LS-03635,Douala,Makepe,duplex,3,2,105.0,14,4,no,TRUE,TRUE,TRUE,TRUE,15/07/2026,agency,465773
LS-05864,Douala,Bonapriso,studio,1,1,39.5,18,1,FALSE,FALSE,TRUE,FALSE,FALSE,2026-05-11,portal,125239
LS-02569,Yaounde,Mvog-Betsi,apartment,1,2,49.5,18,2,yes,TRUE,FALSE,FALSE,FALSE,10/04/2026,informal,81105
LS-03267,Yaounde,Omnisport,chambre moderne,5,4,162.8,26,1,FALSE,FALSE,TRUE,TRUE,FALSE,2025-08-01,agency,741500
LS-03513,Yaounde,Mimboman,apartment,3,2,112.9 m2,14,0,TRUE,TRUE,FALSE,FALSE,FALSE,2026-08-11,agency,178572
LS-02488,Douala,Deido,apartment,3,3,119.0,14,3,TRUE,FALSE,TRUE,TRUE,FALSE,2026-04-10,agency,438633
LS-05574,Douala,Deido,duplex,2,3,69.6,4,1,TRUE,TRUE,TRUE,TRUE,FALSE,2026-02-19,agency,222466
LS-05078,Douala,Bonapriso,apartment,3,2,97.9 m2,24,1,TRUE,TRUE,TRUE,FALSE,FALSE,2026-05-08,agency,"244,528"
LS-06142,Yaounde,Omnisport,chambre moderne,2,2,76.9,6,1,FALSE,FALSE,FALSE,FALSE,TRUE,26/03/2026,informal,
LS-05954,Douala,Makepe,chambre moderne,3,2,102.9,7,1,no,FALSE,TRUE,FALSE,FALSE,2026-02-27,portal,333806
LS-01113,Yaounde,Omnisport,chambre moderne,2,2,70.4,27,3,FALSE,TRUE,TRUE,TRUE,FALSE,2025-11-08,agency,364875
LS-05578,Douala,Bonaberi,apartment,3,3,98.3,19,0,FALSE,FALSE,FALSE,FALSE,FALSE,19/05/2026,informal,
LS-02952,Douala,Bonaberi,studio,2,3,58.7,9,0,FALSE,FALSE,FALSE,TRUE,FALSE,2026-07-26,agency,138144
LS-05066,Douala,Bonapriso,apartment,1,1,54.2,1,0,FALSE,TRUE,TRUE,TRUE,FALSE,2026-05-13,informal,211967
LS-02705,Douala,Makepe,studio,1,1,42.2,15,1,FALSE,TRUE,FALSE,FALSE,FALSE,12/08/2025,agency,135133
LS-04150,Douala,Deido,apartment,2,2,69.5,2,1,FALSE,TRUE,FALSE,FALSE,FALSE,08/08/2025,agency,224276
LS-01473,Yaounde,Emana,apartment,3,3,94.3,13,4,FALSE,TRUE,FALSE,FALSE,FALSE,2026-08-23,agency,193569
LS-03367,Douala,Makepe,duplex,1,2,59.9,5,1,FALSE,TRUE,FALSE,FALSE,FALSE,2025-12-20,portal,154596
LS-04627,Yaounde,Golf,apartment,1,1,64.4,8,0,FALSE,TRUE,TRUE,FALSE,FALSE,2026-01-12,portal,129296
LS-00058,Douala,Ndokoti,apartment,1,2,60.8,22,0,FALSE,FALSE,TRUE,FALSE,FALSE,2026-03-08,portal,73629
LS-00926,Douala,New Bell,apartment,3,2,106.0,7,4,TRUE,FALSE,FALSE,FALSE,FALSE,2026-03-29,agency,"249,642"
LS-03260,Yaounde,Bastos,chambre moderne,2,1,74.8,17,2,TRUE,FALSE,TRUE,FALSE,FALSE,2026-08-09,portal,290870
LS-03299,Douala,Bonapriso,villa,5,4,141.3,15,1,FALSE,TRUE,TRUE,TRUE,FALSE,2025-10-28,agency,1159755
LS-01546,Douala,Bonamoussadi,apartment,2,2,91.8,22,2,FALSE,TRUE,TRUE,TRUE,FALSE,2025-10-10,agency,267708
LS-05783,Yaounde,Mvog-Betsi,apartment,2,2,84.9,1,1,FALSE,FALSE,FALSE,FALSE,FALSE,2025-08-21,agency,141757
LS-02859,Douala,Bonaberi,apartment,2,2,73.5,14,1,no,FALSE,TRUE,FALSE,FALSE,2026-03-28,agency,135327
LS-00836,Douala,Deido,villa,2,1,82.8,9,0,FALSE,FALSE,FALSE,FALSE,FALSE,2025-08-07,informal,151315
LS-01102,Douala,Logpom,apartment,4,3,122.0,7,1,FALSE,FALSE,TRUE,FALSE,FALSE,03/07/2026,agency,455718
LS-05546,Yaounde,Mendong,apartment,2,3,81.4,11,4,FALSE,FALSE,TRUE,FALSE,FALSE,2025-12-26,portal,253096
LS-05381,Douala,Bonamoussadi,studio,2,1,77.2,20,0,TRUE,TRUE,FALSE,FALSE,FALSE,2026-03-30,agency,222522
LS-03749,Yaounde,Etoudi,studio,2,3,70.6,18,4,TRUE,TRUE,TRUE,FALSE,FALSE,2025-10-26,agency,140849
LS-05293,Yaounde,Emana,apartment,3,2,90.3,12,2,FALSE,TRUE,FALSE,FALSE,FALSE,25/07/2026,informal,144913
LS-03713,Yaounde,Nkolbisson,studio,1,2,55.1,30,1,FALSE,FALSE,TRUE,FALSE,FALSE,2026-04-01,agency,85558
LS-02837,Yaounde,Mendong,apartment,1,1,46.8 m2,14,1,FALSE,TRUE,FALSE,FALSE,TRUE,2026-06-15,agency,114813
LS-04823,Yaounde,Mendong,studio,3,2,100.8,40,1,TRUE,FALSE,FALSE,FALSE,FALSE,06/12/2025,agency,107941
LS-02223,Yaounde,Golf,duplex,3,3,104.7,9,2,FALSE,FALSE,TRUE,FALSE,FALSE,2026-04-07,agency,374572
LS-05859,Yaounde,Etoudi,apartment,5,4,156.7,25,0,FALSE,FALSE,TRUE,FALSE,FALSE,2026-06-24,agency,458326
LS-05965,Douala,PK14,studio,3,3,122.6,14,1,FALSE,TRUE,FALSE,FALSE,FALSE,2026-01-08,agency,196652
LS-04991,Douala,PK14,apartment,0,1,43.2,27,0,FALSE,FALSE,FALSE,FALSE,FALSE,2025-11-05,portal,41635
LS-03796,Douala,PK14,duplex,0,1,28.8,21,0,FALSE,TRUE,FALSE,FALSE,FALSE,2026-05-10,agency,44603
LS-01794,Douala,Ndokoti,duplex,1,2,48.5,25,2,FALSE,TRUE,FALSE,FALSE,FALSE,2026-05-01,agency,60498
LS-03701,Douala,Bonaberi,villa,5,3,137.0,11,2,FALSE,FALSE,FALSE,FALSE,FALSE,2026-08-06,agency,407587
LS-00158,Douala,PK14,apartment,0,1,40.5,16,3,FALSE,FALSE,FALSE,FALSE,TRUE,2025-08-07,informal,
LS-01688,Yaounde,Bastos,duplex,1,2,52.4,4,1,TRUE,TRUE,TRUE,FALSE,FALSE,2026-04-03,agency,122125
LS-01745,Douala,Bonapriso,villa,1,2,42.9,19,0,TRUE,TRUE,FALSE,FALSE,TRUE,2025-11-20,informal,159385
LS-00950,Douala,PK14,apartment,0,1,14.9,0,0,FALSE,FALSE,FALSE,FALSE,FALSE,2026-03-21,agency,53737
LS-03741,Douala,Bonanjo,apartment,1,1,41.3 m2,25,3,TRUE,TRUE,TRUE,FALSE,FALSE,09/07/2026,informal,
LS-01247,Douala,Logpom,studio,2,2,70.1,0,0,FALSE,FALSE,FALSE,FALSE,FALSE,2026-03-14,agency,182081
LS-00515,Yaounde,Omnisport,apartment,4,3,125.5,2,1,TRUE,FALSE,TRUE,TRUE,FALSE,27/02/2026,portal,630767
LS-00626,Yaounde,Golf,apartment,3,3,127.9,16,2,TRUE,FALSE,TRUE,FALSE,FALSE,12/01/2026,informal,
LS-03448,Yaounde,Biyem-Assi,villa,3,3,102.3,0,2,FALSE,FALSE,FALSE,FALSE,FALSE,10/06/2026,agency,294078
LS-00853,Douala,Deido,apartment,3,1,110.8,26,0,TRUE,FALSE,TRUE,FALSE,FALSE,2026-08-24,portal,337236
LS-00205,Douala,Ndokoti,chambre moderne,4,3,128.4,30,3,FALSE,TRUE,FALSE,FALSE,FALSE,2026-04-07,portal,255241
LS-05725,Yaounde,Emana,studio,1,2,37.0,26,4,no,FALSE,FALSE,FALSE,FALSE,2025-09-24,agency,75315
LS-01003,Douala,Bonapriso,apartment,1,2,28.5,0,4,FALSE,FALSE,FALSE,FALSE,FALSE,09/08/2026,informal,223431
LS-03833,Douala,Bepanda,apartment,1,2,48.8,7,2,FALSE,FALSE,FALSE,FALSE,FALSE,2026-01-07,portal,63278
LS-02202,Yaounde,Golf,apartment,3,2,99.3,6,3,FALSE,TRUE,TRUE,TRUE,FALSE,2026-03-01,portal,321502
LS-05836,Yaounde,Mendong,apartment,3,3,106.3,14,3,FALSE,FALSE,TRUE,FALSE,FALSE,2026-01-17,agency,212524
LS-05539,Douala,Deido,apartment,4,3,145.7,33,0,FALSE,FALSE,TRUE,FALSE,FALSE,2025-09-10,agency,479710
LS-03425,Yaounde,Nsam,apartment,3,3,93.0 m2,0,2,TRUE,TRUE,FALSE,FALSE,FALSE,2026-06-21,portal,146831
LS-06056,Douala,PK14,apartment,2,2,70.0,13,3,FALSE,FALSE,FALSE,FALSE,FALSE,2026-02-18,agency,131185
LS-00599,Yaounde,Nkolbisson,duplex,5,5,163.9,9,1,FALSE,FALSE,FALSE,TRUE,FALSE,2025-11-13,informal,
LS-00877,Yaounde,Bastos,villa,2,2,79.2,11,1,TRUE,TRUE,TRUE,FALSE,FALSE,20/09/2025,informal,274295
LS-04761,Yaounde,Nsam,apartment,2,2,65.8,30,1,FALSE,TRUE,TRUE,FALSE,FALSE,27/11/2025,informal,140722
LS-05244,Douala,New Bell,duplex,1,2,55.4,6,1,FALSE,FALSE,TRUE,FALSE,FALSE,29/04/2026,portal,49944
LS-03056,Yaounde,Mvog-Betsi,apartment,3,2,106.5,7,3,FALSE,FALSE,FALSE,FALSE,FALSE,2025-10-27,informal,
LS-04109,Douala,Bonamoussadi,villa,3,3,108.5,9,1,FALSE,TRUE,TRUE,TRUE,TRUE,2026-02-10,agency,584868
LS-03931,Yaounde,Mimboman,duplex,2,1,75.3,22,4,no,TRUE,FALSE,FALSE,FALSE,2026-08-13,informal,
LS-01138,Douala,PK14,chambre moderne,0,1,28.5,14,0,FALSE,FALSE,FALSE,FALSE,FALSE,2026-06-20,informal,
LS-03898,Yaounde,Biyem-Assi,chambre moderne,1,1,63.9,7,4,no,FALSE,FALSE,TRUE,FALSE,2026-04-23,informal,
LS-02082,Yaounde,Mimboman,studio,3,3,86.6,18,1,FALSE,FALSE,FALSE,FALSE,FALSE,2025-10-09,agency,151323
LS-02406,Douala,Ndokoti,chambre moderne,3,3,88.3,4,1,FALSE,FALSE,FALSE,FALSE,FALSE,2026-03-28,portal,191600
LS-01136,Douala,Deido,apartment,2,1,86.1,35,0,FALSE,FALSE,TRUE,FALSE,FALSE,2025-07-18,agency,123933
LS-03822,Yaounde,Mvan,studio,2,3,64.0,20,0,FALSE,FALSE,FALSE,FALSE,FALSE,2026-06-04,informal,
LS-01431,Douala,Deido,villa,4,4,135.2,14,2,TRUE,FALSE,TRUE,FALSE,FALSE,2026-04-30,portal,240907
LS-03872,Yaounde,Nkolbisson,apartment,1,1,51.1,19,0,TRUE,FALSE,TRUE,FALSE,FALSE,2025-11-26,agency,82055
LS-00561,Douala,PK14,studio,1,1,54.8,17,3,FALSE,FALSE,FALSE,FALSE,FALSE,2026-06-13,agency,44040
LS-00066,Douala,Bonapriso,chambre moderne,4,3,123.2,16,0,FALSE,FALSE,TRUE,TRUE,TRUE,2026-01-20,agency,788432
LS-03277,Yaounde,Etoudi,apartment,3,2,97.1,1,4,FALSE,FALSE,TRUE,FALSE,FALSE,2026-01-29,agency,312336
LS-04152,Yaounde,Bastos,apartment,3,3,124.6,11,2,FALSE,TRUE,TRUE,TRUE,TRUE,2025-08-25,agency,980266
LS-03679,Douala,Makepe,villa,3,2,113.2,9,2,FALSE,TRUE,TRUE,TRUE,FALSE,2026-04-15,agency,447070
LS-01616,Douala,Akwa,apartment,4,3,124.6,25,4,FALSE,FALSE,TRUE,FALSE,FALSE,2026-07-23,agency,284391
LS-02830,Yaounde,Bastos,villa,3,3,95.7,10,1,FALSE,TRUE,TRUE,FALSE,FALSE,17/01/2026,agency,324907
LS-02741,Douala,Bonamoussadi,apartment,3,3,104.1,15,0,TRUE,FALSE,TRUE,TRUE,FALSE,2026-07-12,agency,334527
LS-02720,Yaounde,Nsam,duplex,1,2,55.6,28,0,FALSE,FALSE,FALSE,FALSE,FALSE,2025-10-06,portal,59971
LS-00530,Yaounde,Emana,villa,1,2,51.0,28,2,FALSE,TRUE,FALSE,FALSE,FALSE,19/07/2026,informal,35130
LS-02786,Douala,Bonamoussadi,studio,3,3,105.4,7,1,TRUE,TRUE,TRUE,TRUE,FALSE,2025-09-09,agency,427582
LS-03493,Douala,Akwa,duplex,4,4,119.5,24,1,FALSE,FALSE,FALSE,TRUE,FALSE,2026-03-09,agency,580897
LS-04140,Douala,Bepanda,apartment,3,2,72.1,11,0,FALSE,FALSE,TRUE,FALSE,FALSE,2026-01-07,portal,174331
LS-01058,Yaounde,Nkolbisson,apartment,2,2,62.5,20,0,FALSE,TRUE,FALSE,FALSE,FALSE,2025-12-25,agency,72670
LS-05280,Yaounde,Etoudi,duplex,3,3,103.3,17,3,FALSE,FALSE,FALSE,TRUE,FALSE,03/07/2025,portal,401362
LS-05957,Douala,Bonanjo,duplex,2,2,91.0,6,4,FALSE,TRUE,TRUE,FALSE,TRUE,04/08/2026,informal,356808
LS-02571,Yaounde,Mvan,apartment,2,2,63.9,7,1,FALSE,TRUE,TRUE,FALSE,FALSE,2025-10-05,agency,158339
LS-00187,Yaounde,Nkolbisson,apartment,0,1,26.5,23,1,TRUE,FALSE,FALSE,TRUE,FALSE,2025-08-20,agency,72338
LS-04476,Yaounde,Mvan,apartment,4,3,125.9,0,2,FALSE,FALSE,TRUE,FALSE,FALSE,2026-05-28,agency,331222
LS-04530,Yaounde,Nkolbisson,apartment,1,2,46.8,12,3,FALSE,FALSE,FALSE,FALSE,FALSE,2026-01-24,agency,55490
LS-05488,Yaounde,Mvan,apartment,1,1,54.9,25,4,TRUE,FALSE,FALSE,FALSE,FALSE,2025-08-08,portal,99384
LS-03781,Douala,Logpom,apartment,1,1,44.8,30,2,FALSE,TRUE,FALSE,FALSE,TRUE,2025-11-11,portal,90193
LS-04853,Yaounde,Nkolbisson,chambre moderne,1,2,51.5,37,4,FALSE,FALSE,FALSE,FALSE,FALSE,2025-11-08,informal,76545
LS-02790,Yaounde,Emana,chambre moderne,2,3,67.3,19,4,TRUE,FALSE,FALSE,FALSE,FALSE,2026-01-09,portal,63147
LS-03169,Douala,Bonanjo,apartment,4,3,138.2,8,4,FALSE,FALSE,TRUE,FALSE,FALSE,2026-02-08,portal,720485
LS-03450,Yaounde,Mimboman,apartment,2,2,68.8,17,0,FALSE,TRUE,FALSE,FALSE,FALSE,2025-08-06,agency,123895
LS-00016,Yaounde,Bastos,apartment,1,1,55.5,18,1,TRUE,TRUE,TRUE,FALSE,FALSE,2025-08-28,portal,235763
LS-01012,Douala,Akwa,apartment,2,2,78.9,9,0,TRUE,FALSE,FALSE,TRUE,TRUE,2025-12-13,agency,215381
LS-03498,Yaounde,Nkolbisson,duplex,2,2,78.2,0,1,FALSE,FALSE,FALSE,FALSE,FALSE,2025-08-03,informal,110242
LS-01055,Yaounde,Mvog-Betsi,duplex,1,2,40.2,15,0,TRUE,TRUE,FALSE,FALSE,FALSE,09/09/2025,agency,65443
LS-02294,Douala,Ndokoti,studio,5,3,156.3,10,4,FALSE,FALSE,TRUE,FALSE,TRUE,2025-10-21,portal,657495
LS-05435,Douala,Deido,chambre moderne,0,1,44.7,10,2,FALSE,FALSE,FALSE,FALSE,FALSE,2026-05-04,agency,149958
LS-00444,Yaounde,Mendong,villa,1,2,49.6,16,1,TRUE,TRUE,TRUE,FALSE,FALSE,18/05/2026,agency,111830
LS-01424,Douala,Bonamoussadi,villa,0,1,14.0,19,2,TRUE,TRUE,TRUE,TRUE,FALSE,2026-06-16,portal,82062
LS-05296,Douala,Deido,studio,1,2,64.6,25,2,FALSE,TRUE,FALSE,TRUE,FALSE,2026-05-25,informal,96532
LS-01502,Yaounde,Omnisport,duplex,1,1,44.4,0,0,FALSE,TRUE,TRUE,FALSE,FALSE,2025-10-23,portal,171667
LS-01422,Douala,Bonamoussadi,apartment,0,1,14.0,0,3,FALSE,FALSE,TRUE,TRUE,FALSE,2026-04-20,agency,168108
LS-03508,Yaounde,Mvog-Betsi,apartment,2,3,94.6,28,1,FALSE,TRUE,TRUE,FALSE,FALSE,2026-03-31,agency,227355
LS-03844,Douala,Bonanjo,studio,2,2,77.0,13,0,FALSE,FALSE,FALSE,FALSE,TRUE,08/02/2026,informal,246623
LS-01870,Douala,Ndokoti,villa,1,1,43.4,24,1,FALSE,FALSE,TRUE,FALSE,FALSE,2025-07-10,informal,71736
LS-02991,Douala,Ndokoti,duplex,0,1,14.0,6,0,FALSE,FALSE,FALSE,FALSE,FALSE,13/05/2026,agency,52631
LS-02273,Yaounde,Mvan,chambre moderne,5,4,164.2,3,1,FALSE,TRUE,FALSE,FALSE,FALSE,2026-07-29,agency,783511
LS-01609,Douala,Ndokoti,studio,4,4,119.3 m2,7,3,FALSE,FALSE,FALSE,FALSE,FALSE,2026-07-06,portal,"242,283"
LS-02354,Yaounde,Biyem-Assi,studio,3,3,94.8,4,3,FALSE,TRUE,FALSE,FALSE,FALSE,2026-04-16,portal,213749
LS-01242,Yaounde,Mvan,chambre moderne,3,2,105.3,18,0,FALSE,FALSE,TRUE,FALSE,FALSE,2025-10-01,informal,
LS-00841,Douala,Bonamoussadi,studio,5,4,152.9,22,0,FALSE,TRUE,FALSE,FALSE,FALSE,2026-06-19,agency,746715
LS-03783,Douala,Bonamoussadi,duplex,1,2,65.4,18,3,FALSE,FALSE,TRUE,TRUE,FALSE,2026-01-30,agency,175208
LS-04359,Yaounde,Etoudi,villa,3,3,110.3,10,0,TRUE,FALSE,TRUE,TRUE,FALSE,2026-08-02,agency,245258
LS-02492,Douala,Makepe,apartment,2,1,78.6,18,2,TRUE,TRUE,TRUE,FALSE,FALSE,2026-03-17,informal,166250
LS-03700,Yaounde,Golf,apartment,1,2,39.2,35,4,FALSE,TRUE,TRUE,TRUE,FALSE,2025-12-20,agency,"130,446"
LS-03050,Yaounde,Etoudi,apartment,1,1,56.8,8,4,FALSE,TRUE,FALSE,FALSE,TRUE,2026-01-29,agency,157701
LS-04119,Douala,New Bell,apartment,1,2,64.6,8,0,FALSE,TRUE,FALSE,FALSE,FALSE,2026-05-11,portal,108456
LS-01238,Yaounde,Golf,chambre moderne,1,2,26.3,22,0,TRUE,TRUE,TRUE,TRUE,TRUE,2026-06-24,agency,149352
LS-01955,Yaounde,Omnisport,apartment,2,2,77.2,18,1,yes,FALSE,FALSE,TRUE,FALSE,2025-10-22,agency,218648
LS-04074,Yaounde,Nkolbisson,studio,2,2,74.1,15,1,FALSE,FALSE,FALSE,FALSE,FALSE,2026-05-11,informal,111487
LS-01389,Douala,Bonamoussadi,apartment,4,4,116.1,13,0,TRUE,TRUE,TRUE,TRUE,FALSE,2026-03-04,informal,
LS-05564,Douala,PK14,studio,2,1,75.6,24,0,FALSE,FALSE,TRUE,TRUE,FALSE,2026-02-15,informal,
LS-03418,Douala,Ndokoti,apartment,1,2,59.9,7,3,TRUE,FALSE,FALSE,FALSE,FALSE,2026-06-11,informal,58122
LS-05566,Douala,PK14,villa,4,4,131.7,14,1,FALSE,FALSE,FALSE,FALSE,FALSE,2025-11-22,portal,203542
LS-02650,Douala,Ndokoti,studio,2,2,70.3,21,1,FALSE,FALSE,TRUE,FALSE,FALSE,2025-12-22,agency,101768
LS-05281,Douala,Ndokoti,apartment,4,3,153.1,15,1,FALSE,FALSE,FALSE,TRUE,FALSE,2026-08-14,agency,446374
LS-03460,Douala,Bonanjo,studio,4,2,135.8,14,4,TRUE,FALSE,TRUE,TRUE,FALSE,2026-03-14,agency,740613
LS-06066,Douala,Ndokoti,chambre moderne,1,2,40.2,14,4,FALSE,FALSE,FALSE,FALSE,FALSE,2025-07-12,informal,68284
LS-03399,Douala,PK14,villa,2,2,74.7,27,1,FALSE,FALSE,TRUE,FALSE,FALSE,2026-02-03,portal,107048
LS-05451,Yaounde,Mvog-Betsi,apartment,1,2,51.3,13,1,FALSE,TRUE,TRUE,FALSE,FALSE,2025-07-11,agency,98161
LS-04548,Douala,PK14,apartment,5,3,139.8,9,2,FALSE,FALSE,FALSE,TRUE,FALSE,2025-10-29,informal,
LS-02593,Yaounde,Bastos,duplex,2,1,78.7 m2,45,1,TRUE,FALSE,TRUE,TRUE,FALSE,2026-05-19,agency,137478
LS-02118,Yaounde,Bastos,apartment,4,2,132.5,11,1,FALSE,TRUE,TRUE,FALSE,TRUE,2026-01-13,portal,872749
LS-00600,Yaounde,Nkolbisson,apartment,4,4,111.8,13,1,FALSE,FALSE,FALSE,FALSE,FALSE,2025-09-28,agency,301576
LS-02567,Yaounde,Mvan,apartment,1,2,66.1,8,0,FALSE,FALSE,FALSE,FALSE,FALSE,03/01/2026,agency,137787
LS-05523,Douala,Akwa,apartment,4,2,136.4,8,2,TRUE,TRUE,TRUE,FALSE,FALSE,2026-02-05,portal,602439
LS-02892,Douala,Bonaberi,villa,2,2,78.0,17,2,FALSE,FALSE,TRUE,FALSE,FALSE,09/07/2025,agency,93624
LS-05525,Yaounde,Emana,chambre moderne,2,3,66.4,16,0,FALSE,FALSE,FALSE,FALSE,TRUE,2026-04-12,agency,120657
LS-01149,Douala,Deido,villa,1,2,54.5,14,2,FALSE,TRUE,FALSE,FALSE,FALSE,2025-12-30,portal,119414
LS-02661,Douala,New Bell,apartment,3,3,93.4,5,2,FALSE,FALSE,FALSE,FALSE,TRUE,2026-05-24,informal,187125
LS-01233,Douala,Bonamoussadi,apartment,3,2,89.4,17,1,FALSE,TRUE,FALSE,FALSE,FALSE,2025-10-17,agency,203953
LS-01800,Yaounde,Bastos,apartment,3,2,108.6,16,0,TRUE,FALSE,FALSE,TRUE,FALSE,2025-11-26,agency,405181
LS-03126,Yaounde,Emana,duplex,3,2,85.7,24,2,FALSE,FALSE,TRUE,FALSE,FALSE,2026-08-14,informal,
LS-03705,Douala,Bonamoussadi,apartment,1,1,28.2,23,2,TRUE,FALSE,TRUE,FALSE,FALSE,2026-08-01,portal,59856
LS-06140,Douala,Ndokoti,chambre moderne,0,1,33.9,24,3,FALSE,FALSE,FALSE,FALSE,FALSE,2025-08-13,portal,75958
LS-04085,Douala,Bepanda,apartment,2,2,81.2,30,0,FALSE,FALSE,FALSE,FALSE,FALSE,2026-02-03,agency,125587
LS-05838,Douala,Bonanjo,chambre moderne,1,1,46.0,6,1,TRUE,FALSE,TRUE,FALSE,FALSE,2026-01-22,portal,194385
LS-06077,Douala,Logpom,villa,3,3,118.0,23,0,TRUE,FALSE,TRUE,FALSE,FALSE,2026-08-03,portal,355143
LS-01082,Yaounde,Bastos,villa,3,1,84.2,15,1,FALSE,FALSE,TRUE,TRUE,TRUE,2025-07-28,portal,325455
LS-02675,Yaounde,Etoudi,apartment,3,2,93.1 m2,18,1,FALSE,FALSE,FALSE,FALSE,FALSE,2026-03-22,portal,124798
LS-02805,Yaounde,Mendong,studio,4,3,122.6,14,2,FALSE,FALSE,TRUE,FALSE,FALSE,2025-09-02,informal,313254
LS-01033,Douala,Deido,apartment,1,2,56.2,5,4,FALSE,TRUE,TRUE,FALSE,FALSE,2025-12-06,agency,131535
LS-05397,Yaounde,Mimboman,villa,0,1,18.2,5,4,FALSE,FALSE,TRUE,FALSE,FALSE,06/12/2025,agency,40600
LS-05630,Yaounde,Bastos,apartment,3,4,93.7,14,0,FALSE,TRUE,FALSE,FALSE,TRUE,2025-08-19,portal,480007
LS-04196,Yaounde,Golf,apartment,3,3,102.2,30,3,TRUE,FALSE,TRUE,FALSE,TRUE,2025-11-01,informal,347877
LS-05618,Douala,PK14,chambre moderne,2,3,70.0,17,4,FALSE,FALSE,TRUE,FALSE,FALSE,2025-11-01,agency,169641
LS-05413,Yaounde,Mvog-Betsi,apartment,1,2,52.7,0,0,FALSE,FALSE,TRUE,TRUE,TRUE,2026-07-21,informal,
LS-01384,Douala,Akwa,villa,2,2,71.1,8,0,FALSE,FALSE,TRUE,TRUE,FALSE,2026-05-06,portal,200524
LS-03568,Douala,Bonapriso,apartment,2,2,71.1,18,1,FALSE,TRUE,TRUE,TRUE,FALSE,2025-09-26,agency,270383
LS-01909,Douala,Makepe,chambre moderne,3,2,104.5,0,3,FALSE,TRUE,FALSE,FALSE,TRUE,09/07/2025,agency,376879
LS-03059,Douala,Bonanjo,apartment,0,1,14.0,22,0,TRUE,FALSE,TRUE,TRUE,FALSE,2026-06-17,agency,78593
LS-05895,Yaounde,Omnisport,apartment,1,2,66.6,22,1,FALSE,FALSE,TRUE,TRUE,FALSE,2026-07-16,portal,186918
LS-00709,Yaounde,Omnisport,villa,1,2,50.3,19,1,TRUE,TRUE,TRUE,FALSE,TRUE,2026-01-19,portal,112785
LS-05039,Douala,Deido,chambre moderne,1,2,47.0,25,0,FALSE,TRUE,FALSE,FALSE,FALSE,2025-10-05,agency,109717
LS-03389,Yaounde,Etoudi,villa,2,2,81.9,20,0,FALSE,FALSE,TRUE,FALSE,FALSE,2026-04-07,agency,164788
LS-00717,Douala,Bonanjo,apartment,0,1,26.1 m2,17,2,TRUE,TRUE,TRUE,TRUE,FALSE,2026-03-22,agency,117234
LS-00031,Douala,Makepe,apartment,0,1,28.1 m2,0,0,TRUE,FALSE,FALSE,FALSE,FALSE,23/07/2026,agency,114707
LS-02472,Douala,New Bell,studio,1,2,45.5,28,1,no,FALSE,TRUE,FALSE,FALSE,2026-07-03,informal,105830
LS-01914,Douala,Bonapriso,chambre moderne,2,2,75.1,12,3,TRUE,FALSE,TRUE,FALSE,FALSE,2026-05-19,informal,136489
LS-00528,Douala,New Bell,villa,4,3,122.3,11,0,FALSE,FALSE,FALSE,TRUE,FALSE,2026-04-06,agency,374078
LS-02651,Yaounde,Bastos,apartment,2,2,75.2,13,0,TRUE,TRUE,TRUE,TRUE,FALSE,2026-08-12,informal,
LS-05157,Yaounde,Bastos,apartment,4,3,117.1,13,0,TRUE,TRUE,TRUE,TRUE,TRUE,2025-12-13,agency,958368
LS-06022,Douala,Bonanjo,apartment,4,4,130.6,8,1,TRUE,TRUE,TRUE,FALSE,TRUE,08/01/2026,portal,790962
LS-05597,Yaounde,Nkolbisson,apartment,3,2,98.8,11,1,FALSE,FALSE,FALSE,FALSE,FALSE,28/04/2026,agency,215616
LS-04468,Douala,Akwa,studio,3,2,78.3,10,3,no,TRUE,FALSE,FALSE,FALSE,16/11/2025,portal,131832
LS-03397,Douala,Bonamoussadi,apartment,1,1,56.1,12,0,TRUE,FALSE,TRUE,TRUE,FALSE,2026-01-10,informal,
LS-05261,Douala,Bonanjo,studio,3,4,86.4,14,2,TRUE,TRUE,TRUE,TRUE,TRUE,2026-07-05,agency,333951
LS-00069,Yaounde,Biyem-Assi,apartment,3,2,115.9,22,3,FALSE,FALSE,FALSE,FALSE,FALSE,2026-04-20,portal,394763
LS-00917,Douala,New Bell,duplex,1,1,45.8,26,1,FALSE,TRUE,FALSE,FALSE,FALSE,06/03/2026,agency,57543
LS-04081,Yaounde,Mvog-Betsi,apartment,2,3,84.3,0,1,FALSE,TRUE,TRUE,FALSE,FALSE,2026-06-26,informal,"211,848"
LS-00124,Douala,Bonanjo,apartment,0,1,23.0,15,2,no,FALSE,TRUE,TRUE,FALSE,2026-08-25,informal,
LS-05456,Yaounde,Emana,apartment,3,3,100.3,17,2,FALSE,FALSE,FALSE,FALSE,FALSE,2025-12-22,informal,
LS-05974,Yaounde,Emana,duplex,1,1,47.8,22,0,FALSE,FALSE,FALSE,FALSE,FALSE,25/05/2026,portal,54509
LS-00378,Douala,Makepe,apartment,1,1,24.5,22,1,TRUE,FALSE,FALSE,FALSE,FALSE,2025-10-10,informal,
LS-04483,Douala,PK14,duplex,4,2,112.8,13,2,TRUE,FALSE,FALSE,FALSE,FALSE,2026-06-25,agency,199044
LS-04205,Douala,Deido,studio,1,1,53.8,12,0,FALSE,TRUE,FALSE,FALSE,FALSE,2025-09-17,portal,85559
LS-02074,Douala,Bonanjo,apartment,2,2,77.9,6,3,TRUE,TRUE,TRUE,TRUE,FALSE,2026-04-04,portal,"229,931"
LS-01776,Yaounde,Emana,chambre moderne,3,2,115.8,21,1,TRUE,TRUE,FALSE,FALSE,FALSE,2026-07-25,portal,231767
LS-00964,Douala,PK14,apartment,3,3,103.4,12,4,FALSE,FALSE,TRUE,FALSE,FALSE,2026-06-19,informal,
LS-04493,Douala,Bonaberi,duplex,1,1,33.2,8,4,FALSE,FALSE,FALSE,TRUE,FALSE,25/07/2025,agency,74977
LS-05614,Douala,Bonanjo,apartment,1,1,68.5,0,2,TRUE,TRUE,TRUE,TRUE,TRUE,2026-06-10,agency,209611
LS-03232,Douala,Deido,duplex,4,2,146.1,0,0,TRUE,FALSE,FALSE,FALSE,FALSE,2025-11-10,agency,853877
LS-03948,Yaounde,Nsam,chambre moderne,3,3,105.7,21,1,FALSE,FALSE,FALSE,FALSE,TRUE,2025-10-11,informal,146974
LS-00131,Yaounde,Mimboman,chambre moderne,3,3,100.4,23,0,FALSE,FALSE,TRUE,FALSE,FALSE,2026-05-09,portal,245121
LS-00367,Douala,New Bell,apartment,1,1,54.9,13,0,FALSE,TRUE,FALSE,FALSE,FALSE,2026-01-10,informal,"94,747"
LS-01115,Yaounde,Golf,apartment,1,1,35.9 m2,4,0,FALSE,FALSE,TRUE,FALSE,FALSE,2026-01-30,informal,59983
LS-04976,Douala,New Bell,apartment,2,3,50.8,2,1,FALSE,TRUE,FALSE,TRUE,FALSE,2026-02-11,informal,155367
LS-04098,Yaounde,Golf,studio,3,2,82.1,21,1,TRUE,TRUE,FALSE,FALSE,FALSE,2026-01-31,portal,164782
LS-05967,Yaounde,Biyem-Assi,villa,3,2,113.0,17,3,FALSE,TRUE,TRUE,FALSE,FALSE,2026-06-14,agency,346151
LS-04405,Douala,Bepanda,apartment,2,2,70.0,40,2,FALSE,FALSE,FALSE,TRUE,FALSE,2026-02-01,portal,87521
LS-04114,Yaounde,Omnisport,chambre moderne,1,1,38.6,23,1,FALSE,TRUE,TRUE,FALSE,TRUE,2026-07-08,portal,139162
LS-02633,Yaounde,Golf,duplex,2,2,70.0,4,2,FALSE,FALSE,TRUE,TRUE,FALSE,2025-07-04,agency,167568
LS-02505,Yaounde,Omnisport,villa,3,3,79.6,12,2,FALSE,FALSE,FALSE,FALSE,TRUE,2025-09-16,portal,170986
LS-04069,Yaounde,Etoudi,duplex,2,2,74.5,14,3,TRUE,FALSE,FALSE,FALSE,FALSE,2026-05-10,agency,162802
LS-00326,Douala,Bonaberi,villa,0,1,17.3,1,3,FALSE,FALSE,FALSE,FALSE,FALSE,2025-07-31,agency,61310
LS-01875,Yaounde,Mendong,studio,3,2,85.3,4,0,FALSE,TRUE,FALSE,FALSE,FALSE,2025-11-21,portal,240660
LS-00185,Douala,Ndokoti,duplex,3,2,98.0,11,2,FALSE,TRUE,FALSE,FALSE,FALSE,2026-01-23,portal,"188,878"
LS-03759,Yaounde,Mendong,villa,1,2,35.7,22,2,FALSE,FALSE,TRUE,FALSE,FALSE,2026-06-04,agency,82279
LS-02431,Yaounde,Bastos,apartment,0,1,27.5,12,2,FALSE,FALSE,TRUE,TRUE,FALSE,2026-06-25,agency,91083
LS-03027,Yaounde,Nsam,studio,1,1,44.0 m2,17,3,FALSE,FALSE,TRUE,FALSE,FALSE,2026-02-01,agency,51764
LS-02387,Douala,Bonamoussadi,studio,3,2,92.7,36,2,FALSE,FALSE,TRUE,FALSE,FALSE,2025-10-25,agency,161178
LS-03991,Douala,Akwa,villa,1,1,60.7,13,0,TRUE,FALSE,TRUE,TRUE,FALSE,2025-08-31,agency,235869
LS-00996,Yaounde,Mvan,apartment,4,3,116.3,22,2,TRUE,FALSE,FALSE,FALSE,FALSE,2026-01-27,portal,163319
LS-00893,Yaounde,Etoudi,duplex,0,1,38.0,14,1,FALSE,FALSE,TRUE,FALSE,FALSE,2026-02-07,portal,69338
LS-01183,Douala,Ndokoti,duplex,4,3,113.3,15,2,FALSE,TRUE,FALSE,FALSE,FALSE,26/10/2025,agency,259521
LS-03587,Douala,PK14,apartment,1,2,65.0,18,4,FALSE,FALSE,TRUE,FALSE,FALSE,2025-12-09,informal,71652
LS-05019,Yaounde,Emana,apartment,3,2,88.7,33,3,FALSE,TRUE,FALSE,TRUE,FALSE,2025-11-01,portal,224240
LS-06088,Douala,Deido,villa,2,1,69.7,0,2,FALSE,TRUE,FALSE,FALSE,FALSE,13/01/2026,portal,237495
LS-03013,Douala,PK14,duplex,2,1,88.0,18,1,FALSE,FALSE,TRUE,FALSE,FALSE,2025-08-02,agency,117928
LS-03244,Douala,Bonaberi,apartment,2,2,56.7,2,0,FALSE,FALSE,TRUE,FALSE,FALSE,2026-01-26,agency,88922
LS-01065,Yaounde,Biyem-Assi,chambre moderne,4,3,118.2,14,0,TRUE,FALSE,TRUE,FALSE,FALSE,2025-07-23,agency,535827
LS-05360,Douala,Bonamoussadi,duplex,0,1,14.0,9,1,FALSE,TRUE,FALSE,FALSE,FALSE,2025-10-01,informal,
LS-02280,Yaounde,Golf,villa,0,1,34.4,0,0,FALSE,TRUE,TRUE,TRUE,FALSE,2025-10-05,informal,
LS-02597,Yaounde,Mendong,apartment,1,2,48.8,20,0,FALSE,FALSE,TRUE,FALSE,FALSE,2026-03-19,portal,74079
LS-02995,Yaounde,Etoudi,studio,2,1,71.9,30,1,FALSE,FALSE,FALSE,FALSE,FALSE,16/02/2026,agency,125581
LS-00860,Yaounde,Golf,studio,0,1,14.0,6,2,TRUE,FALSE,FALSE,FALSE,TRUE,2026-08-01,portal,96467
LS-04594,Yaounde,Golf,apartment,5,2,145.6,21,3,yes,TRUE,TRUE,FALSE,FALSE,14/12/2025,informal,
LS-00614,Douala,Bonaberi,chambre moderne,2,2,93.1,9,3,TRUE,FALSE,FALSE,FALSE,FALSE,2026-07-29,agency,263707
LS-03338,Yaounde,Etoudi,apartment,2,1,87.0,26,1,FALSE,FALSE,FALSE,FALSE,FALSE,2026-05-25,agency,110931
LS-06031,Douala,Deido,studio,2,3,45.6,0,0,FALSE,TRUE,TRUE,TRUE,FALSE,2025-09-17,portal,132228
LS-00695,Yaounde,Etoudi,apartment,0,1,19.9,11,0,FALSE,TRUE,FALSE,FALSE,FALSE,08/10/2025,informal,64568
LS-04967,Douala,Bepanda,duplex,1,1,48.2,15,2,TRUE,FALSE,TRUE,FALSE,FALSE,2026-05-29,agency,46730
LS-03017,Douala,New Bell,apartment,2,2,67.9,0,1,FALSE,FALSE,FALSE,FALSE,FALSE,2026-03-27,agency,145013
LS-06045,Yaounde,Nsam,chambre moderne,2,2,68.9,23,0,TRUE,FALSE,TRUE,FALSE,FALSE,2026-02-28,agency,171715
LS-03993,Douala,Deido,villa,3,3,110.7,1,0,FALSE,FALSE,FALSE,TRUE,FALSE,2025-07-14,informal,233505
LS-02316,Yaounde,Golf,villa,3,2,101.6,12,1,TRUE,FALSE,TRUE,TRUE,FALSE,2026-01-17,portal,563963
LS-03354,Douala,Bonapriso,apartment,1,1,52.6 m2,26,2,FALSE,FALSE,FALSE,TRUE,TRUE,2026-04-20,informal,243946
LS-05367,Douala,Ndokoti,duplex,2,2,77.2,3,4,FALSE,FALSE,FALSE,FALSE,FALSE,2025-09-18,informal,
LS-05090,Douala,PK14,apartment,2,2,77.4,5,3,FALSE,FALSE,TRUE,FALSE,FALSE,2026-07-06,agency,104790
LS-03816,Douala,Ndokoti,studio,2,2,83.7,1,3,FALSE,TRUE,FALSE,TRUE,FALSE,2025-08-04,agency,208241
LS-02550,Yaounde,Nsam,duplex,2,2,78.6,2,0,FALSE,FALSE,FALSE,FALSE,FALSE,2025-08-29,agency,185818
LS-02357,Douala,Makepe,chambre moderne,0,1,14.0,0,3,FALSE,FALSE,TRUE,FALSE,FALSE,2026-03-16,agency,60595
LS-03632,Douala,Deido,apartment,2,1,77.8,0,1,FALSE,FALSE,TRUE,TRUE,TRUE,2026-05-22,agency,326127
LS-04470,Douala,Logpom,apartment,1,1,43.7,8,1,TRUE,FALSE,TRUE,FALSE,FALSE,2025-09-05,portal,71458
LS-05109,Yaounde,Etoudi,chambre moderne,1,1,53.1,17,1,TRUE,FALSE,FALSE,TRUE,FALSE,11/12/2025,informal,63156
LS-00068,Yaounde,Mvan,apartment,1,2,45.7,4,1,no,TRUE,TRUE,FALSE,FALSE,11/06/2026,agency,108126
LS-00936,Yaounde,Etoudi,apartment,4,3,123.8,18,4,FALSE,FALSE,TRUE,FALSE,FALSE,17/08/2026,informal,387301
LS-01098,Yaounde,Mimboman,apartment,2,2,85.2,5,3,FALSE,FALSE,FALSE,FALSE,FALSE,2026-01-01,portal,132253
LS-03149,Douala,Bonapriso,apartment,1,1,39.8,0,0,TRUE,FALSE,FALSE,TRUE,TRUE,2025-09-08,informal,
LS-05890,Douala,Deido,apartment,1,1,54.4,11,0,FALSE,FALSE,FALSE,FALSE,FALSE,2026-02-04,portal,112684
LS-01595,Yaounde,Nsam,duplex,2,3,98.0,0,3,FALSE,TRUE,FALSE,FALSE,FALSE,2025-10-11,informal,"237,098"
LS-02108,Yaounde,Omnisport,studio,1,1,48.1,0,1,FALSE,FALSE,FALSE,TRUE,FALSE,2026-07-07,agency,86661
LS-00632,Douala,Bonaberi,apartment,2,3,79.7,3,0,TRUE,FALSE,TRUE,FALSE,TRUE,2025-11-18,agency,196640
LS-06136,Yaounde,Mvog-Betsi,apartment,1,1,56.4,13,2,FALSE,FALSE,FALSE,FALSE,FALSE,2025-10-29,portal,107472
LS-04186,Yaounde,Mvan,studio,5,5,133.7,16,0,FALSE,TRUE,FALSE,FALSE,FALSE,2026-02-18,agency,408504
LS-05277,Yaounde,Biyem-Assi,studio,1,2,61.8,17,0,TRUE,TRUE,FALSE,TRUE,FALSE,2026-07-11,portal,141547
LS-04758,Yaounde,Nkolbisson,studio,2,3,76.4,6,0,FALSE,FALSE,FALSE,FALSE,FALSE,2025-11-27,agency,125160
LS-03534,Yaounde,Biyem-Assi,chambre moderne,5,3,181.8,2,0,TRUE,TRUE,TRUE,FALSE,FALSE,2026-08-18,portal,807904
LS-03877,Yaounde,Biyem-Assi,duplex,4,3,134.5,7,1,FALSE,FALSE,FALSE,FALSE,TRUE,2025-10-23,portal,532450
LS-05804,Yaounde,Nkolbisson,apartment,2,1,71.4,24,1,FALSE,FALSE,FALSE,FALSE,FALSE,09/07/2025,agency,106450
LS-02652,Yaounde,Biyem-Assi,apartment,2,1,71.6,25,3,FALSE,TRUE,FALSE,FALSE,FALSE,2025-11-28,informal,125229
LS-01931,Douala,Logpom,chambre moderne,4,3,129.2,20,2,FALSE,FALSE,FALSE,FALSE,TRUE,2026-03-04,portal,307719
LS-04933,Yaounde,Nkolbisson,chambre moderne,1,1,70.2,26,1,FALSE,FALSE,FALSE,FALSE,FALSE,2026-07-07,agency,106370
LS-00217,Yaounde,Nkolbisson,apartment,0,1,14.0,26,0,FALSE,FALSE,TRUE,FALSE,FALSE,14/03/2026,agency,31408
LS-04562,Douala,Bonaberi,apartment,3,3,113.4,20,4,FALSE,FALSE,FALSE,FALSE,TRUE,08/03/2026,informal,
LS-05133,Yaounde,Golf,villa,3,2,113.3,15,0,FALSE,FALSE,FALSE,TRUE,FALSE,2025-10-04,portal,392615
LS-01400,Yaounde,Nsam,studio,2,2,72.2 m2,5,0,FALSE,TRUE,FALSE,FALSE,FALSE,24/12/2025,informal,
LS-01379,Yaounde,Etoudi,chambre moderne,2,2,72.8,17,0,FALSE,FALSE,FALSE,FALSE,FALSE,2025-11-01,agency,"126,928"
LS-01655,Yaounde,Emana,chambre moderne,4,3,109.7,17,2,FALSE,FALSE,FALSE,FALSE,FALSE,2025-09-21,informal,
LS-03880,Douala,Logpom,apartment,0,1,35.7,0,3,FALSE,FALSE,FALSE,FALSE,FALSE,2026-03-19,agency,131003
LS-03124,Douala,Bonanjo,villa,2,3,62.4,8,1,TRUE,FALSE,TRUE,TRUE,TRUE,2026-08-01,informal,202525
LS-02776,Yaounde,Mendong,duplex,3,2,99.8,25,4,FALSE,FALSE,FALSE,FALSE,FALSE,2026-08-07,agency,196623
LS-05796,Douala,Makepe,apartment,1,2,43.5,1,0,TRUE,FALSE,TRUE,FALSE,TRUE,2025-08-11,informal,195976
LS-05670,Douala,Ndokoti,apartment,3,2,77.9,15,0,FALSE,TRUE,FALSE,FALSE,FALSE,18/07/2025,agency,"163,271"
LS-04725,Douala,Bonamoussadi,apartment,1,1,46.6,3,0,FALSE,FALSE,TRUE,TRUE,FALSE,2025-07-30,portal,117794
LS-01711,Yaounde,Mendong,apartment,2,3,65.1,24,3,FALSE,FALSE,FALSE,FALSE,FALSE,2026-06-12,agency,117232
LS-04610,Yaounde,Bastos,villa,3,2,93.8,7,0,TRUE,FALSE,FALSE,TRUE,FALSE,26/08/2025,agency,370709
LS-03216,Douala,Ndokoti,apartment,2,2,79.6,8,0,FALSE,TRUE,FALSE,TRUE,FALSE,27/02/2026,agency,170245
LS-01448,Yaounde,Emana,apartment,3,2,99.9,10,3,FALSE,FALSE,FALSE,FALSE,FALSE,2026-01-16,agency,231351
LS-03456,Yaounde,Golf,apartment,1,1,45.3,24,3,TRUE,TRUE,TRUE,FALSE,TRUE,2025-07-24,portal,146620
LS-03944,Douala,Bepanda,apartment,3,4,101.5,19,3,FALSE,FALSE,FALSE,FALSE,FALSE,2025-12-12,informal,
LS-00222,Yaounde,Biyem-Assi,apartment,2,1,69.3,6,4,no,FALSE,FALSE,TRUE,FALSE,2026-07-30,informal,181477
LS-02247,Yaounde,Nkolbisson,studio,1,2,54.2,16,3,FALSE,FALSE,TRUE,FALSE,FALSE,2026-03-29,agency,101830
LS-01370,Douala,Bepanda,duplex,3,1,102.2,7,0,FALSE,FALSE,FALSE,FALSE,FALSE,24/07/2026,informal,401673
LS-02150,Douala,Bonanjo,apartment,2,2,71.1,34,0,TRUE,TRUE,TRUE,TRUE,TRUE,2026-08-05,portal,216417
LS-01581,Douala,Bonaberi,apartment,3,3,108.5,16,0,FALSE,FALSE,FALSE,FALSE,FALSE,2025-08-24,informal,
LS-00889,Douala,Bonapriso,studio,2,1,89.6,6,0,TRUE,TRUE,TRUE,TRUE,FALSE,19/08/2025,informal,253862
LS-00011,Douala,New Bell,duplex,2,2,93.8,18,3,FALSE,TRUE,TRUE,FALSE,FALSE,2026-01-31,portal,162296
LS-01348,Douala,Makepe,apartment,3,3,93.5,16,0,FALSE,TRUE,TRUE,FALSE,FALSE,15/02/2026,agency,582763
LS-01680,Douala,Bonamoussadi,apartment,3,3,89.3,39,2,FALSE,TRUE,TRUE,TRUE,TRUE,2026-02-20,informal,
LS-01694,Yaounde,Mimboman,apartment,2,2,74.4,6,1,FALSE,TRUE,FALSE,FALSE,FALSE,2026-01-31,portal,126426
LS-01194,Yaounde,Nsam,studio,2,2,82.9,1,3,FALSE,FALSE,TRUE,FALSE,FALSE,2025-08-14,portal,259077
LS-01544,Yaounde,Mvan,apartment,1,1,61.3,27,1,FALSE,FALSE,TRUE,FALSE,FALSE,2026-03-04,agency,146360
LS-03019,Yaounde,Golf,apartment,2,2,84.4,0,0,TRUE,TRUE,FALSE,FALSE,FALSE,2025-07-05,agency,573045
LS-05444,Yaounde,Bastos,apartment,1,2,44.2,13,2,TRUE,TRUE,TRUE,FALSE,FALSE,30/11/2025,agency,174892
LS-02972,Douala,Logpom,villa,3,2,87.9,28,3,TRUE,TRUE,FALSE,FALSE,FALSE,2026-02-12,informal,249995
LS-04678,Douala,Ndokoti,apartment,0,1,19.8,1,1,FALSE,FALSE,FALSE,FALSE,FALSE,2025-07-04,portal,52352
LS-05669,Douala,Bonapriso,duplex,2,2,80.4,9,1,FALSE,TRUE,TRUE,TRUE,FALSE,2025-08-21,portal,236731
LS-02413,Douala,Ndokoti,apartment,1,2,45.2,20,0,FALSE,TRUE,TRUE,FALSE,FALSE,2026-02-27,agency,77796
LS-05504,Douala,Akwa,apartment,3,2,89.9,19,1,TRUE,FALSE,TRUE,FALSE,TRUE,2025-11-17,agency,294676
LS-03569,Douala,Logpom,duplex,4,2,112.7,23,1,yes,FALSE,FALSE,FALSE,FALSE,2026-02-27,informal,
LS-01123,Douala,Makepe,apartment,4,3,120.5,19,0,FALSE,TRUE,FALSE,FALSE,FALSE,2025-12-13,portal,489422
LS-01313,Yaounde,Bastos,villa,3,2,105.4,4,1,FALSE,FALSE,FALSE,TRUE,FALSE,14/10/2025,agency,439081
LS-03317,Douala,Akwa,apartment,2,2,75.5,18,2,FALSE,TRUE,FALSE,FALSE,FALSE,2025-12-01,agency,255537
LS-04360,Yaounde,Mimboman,apartment,3,2,98.3,8,1,TRUE,TRUE,FALSE,FALSE,FALSE,2026-02-15,informal,198849
LS-05690,Yaounde,Golf,apartment,1,2,36.1,15,0,TRUE,TRUE,TRUE,TRUE,TRUE,2026-05-25,portal,165606
LS-01014,Yaounde,Bastos,villa,3,3,92.4,2,0,TRUE,TRUE,FALSE,TRUE,FALSE,2026-07-07,informal,
LS-05201,Douala,Bonamoussadi,apartment,2,2,83.5,19,1,FALSE,FALSE,TRUE,FALSE,FALSE,2026-01-24,agency,164038
LS-01832,Douala,Bonamoussadi,chambre moderne,4,2,112.8,4,2,FALSE,TRUE,FALSE,TRUE,FALSE,2026-01-30,agency,314941
LS-00399,Yaounde,Omnisport,studio,3,3,80.4,25,3,FALSE,FALSE,FALSE,FALSE,FALSE,2026-04-10,agency,182320
LS-00779,Douala,Logpom,apartment,0,1,19.1,11,1,no,FALSE,TRUE,FALSE,FALSE,2026-01-17,agency,92929
LS-04701,Yaounde,Mimboman,villa,4,3,112.0,15,1,TRUE,TRUE,TRUE,FALSE,FALSE,2026-03-15,agency,363978
LS-01730,Douala,Logpom,apartment,5,2,163.3,10,2,TRUE,TRUE,FALSE,FALSE,TRUE,2026-05-13,agency,611377
LS-02369,Douala,PK14,studio,1,1,59.9 m2,26,3,no,TRUE,FALSE,FALSE,FALSE,2025-10-21,agency,69842
LS-05084,Douala,Logpom,villa,4,3,110.5,25,1,FALSE,FALSE,TRUE,FALSE,FALSE,2026-04-18,agency,318762
LS-02117,Douala,Bonaberi,villa,0,1,29.0,29,4,FALSE,FALSE,FALSE,FALSE,FALSE,2025-09-26,agency,53202
LS-00359,Douala,Bonamoussadi,duplex,3,2,85.2,4,0,TRUE,TRUE,FALSE,TRUE,FALSE,2025-09-16,agency,263262
LS-02624,Douala,Bepanda,studio,1,1,27.8,7,1,FALSE,TRUE,FALSE,FALSE,FALSE,2025-10-14,portal,64979
LS-06040,Yaounde,Mvog-Betsi,villa,1,1,53.8,24,1,FALSE,FALSE,TRUE,FALSE,FALSE,2026-07-30,portal,65894
LS-03560,Douala,Akwa,duplex,4,3,118.8,8,0,FALSE,FALSE,FALSE,TRUE,FALSE,2026-06-24,agency,437387
LS-01338,Douala,Akwa,apartment,1,2,55.6,28,0,TRUE,FALSE,TRUE,TRUE,FALSE,2026-05-13,agency,86978
LS-04817,Yaounde,Biyem-Assi,chambre moderne,1,2,52.2,4,1,TRUE,FALSE,TRUE,FALSE,FALSE,2025-12-20,portal,82502
LS-06177,Douala,Bonaberi,studio,2,2,63.7,16,0,TRUE,FALSE,FALSE,FALSE,FALSE,2025-07-09,portal,110187
LS-05694,Yaounde,Biyem-Assi,apartment,0,1,14.0,7,1,FALSE,FALSE,TRUE,TRUE,FALSE,2025-12-27,informal,86040
LS-00582,Douala,Akwa,studio,3,2,90.2,17,1,TRUE,TRUE,FALSE,TRUE,FALSE,2026-03-02,agency,374920
LS-02037,Yaounde,Bastos,apartment,2,1,67.1,15,1,FALSE,FALSE,TRUE,TRUE,TRUE,2025-11-29,agency,157266
LS-01381,Douala,Ndokoti,apartment,1,1,47.9,6,3,FALSE,TRUE,TRUE,FALSE,FALSE,2025-08-26,informal,
LS-04367,Yaounde,Mvan,apartment,2,2,85.0,35,3,FALSE,FALSE,FALSE,FALSE,FALSE,05/09/2025,informal,184006
LS-03355,Douala,Ndokoti,villa,3,3,86.2,18,4,FALSE,TRUE,FALSE,FALSE,FALSE,2026-05-06,informal,135201
LS-00854,Yaounde,Etoudi,studio,0,1,14.0,34,1,FALSE,FALSE,TRUE,FALSE,FALSE,2025-07-24,informal,86956
LS-03968,Yaounde,Nsam,villa,5,4,150.3,17,4,TRUE,FALSE,FALSE,FALSE,FALSE,2026-06-12,informal,
LS-00329,Yaounde,Biyem-Assi,duplex,3,2,93.9,13,4,TRUE,TRUE,FALSE,TRUE,FALSE,2026-03-15,portal,290613
LS-01725,Yaounde,Emana,studio,1,2,53.1 m2,14,2,FALSE,FALSE,FALSE,FALSE,FALSE,2025-09-17,agency,95254
LS-05835,Yaounde,Mendong,studio,2,2,67.3,20,1,FALSE,FALSE,FALSE,FALSE,FALSE,2025-08-07,portal,117786
LS-05447,Douala,Makepe,apartment,3,2,98.0,4,1,TRUE,TRUE,FALSE,FALSE,TRUE,2025-07-23,agency,218300
LS-03263,Douala,New Bell,villa,0,1,14.0,48,2,FALSE,TRUE,FALSE,FALSE,FALSE,2025-12-16,informal,
LS-04720,Douala,Bonapriso,apartment,5,3,136.9,6,0,FALSE,FALSE,FALSE,FALSE,FALSE,2026-03-05,portal,870327
LS-00575,Yaounde,Nsam,chambre moderne,1,2,52.2,31,2,FALSE,FALSE,TRUE,FALSE,FALSE,06/03/2026,agency,75420
LS-01888,Yaounde,Mimboman,villa,1,1,52.9,9,0,FALSE,FALSE,FALSE,FALSE,FALSE,2025-11-30,agency,79783
LS-05695,Douala,Akwa,duplex,3,3,94.8,6,4,FALSE,FALSE,TRUE,FALSE,FALSE,2025-07-16,portal,358650
LS-00916,Yaounde,Nsam,duplex,3,3,81.3,18,1,FALSE,FALSE,FALSE,FALSE,FALSE,2026-03-12,informal,
LS-03921,Douala,Deido,villa,3,3,105.1,8,0,no,FALSE,TRUE,TRUE,FALSE,2026-03-05,agency,264023
LS-04827,Douala,Bonaberi,villa,1,2,41.8,18,0,FALSE,FALSE,FALSE,FALSE,FALSE,2026-03-03,agency,65886
LS-05869,Douala,Ndokoti,villa,3,3,98.5,0,2,FALSE,TRUE,FALSE,FALSE,FALSE,2025-11-02,portal,224985
LS-05298,Yaounde,Omnisport,chambre moderne,0,1,14.0,32,4,TRUE,TRUE,FALSE,FALSE,TRUE,2025-08-29,agency,106501
LS-02916,Douala,New Bell,studio,0,1,41.6,22,0,FALSE,FALSE,FALSE,FALSE,FALSE,2026-05-09,agency,73852
LS-04399,Douala,Logpom,duplex,3,3,82.7,26,0,FALSE,FALSE,FALSE,FALSE,FALSE,17/05/2026,agency,217708
LS-02935,Douala,Ndokoti,villa,2,1,79.8,7,2,FALSE,FALSE,FALSE,FALSE,FALSE,2025-10-04,agency,117298
LS-04601,Douala,PK14,apartment,3,3,101.2,11,4,FALSE,TRUE,FALSE,FALSE,FALSE,2026-05-01,informal,243580
LS-01074,Yaounde,Bastos,apartment,2,1,75.0,11,1,FALSE,TRUE,FALSE,TRUE,FALSE,14/03/2026,portal,231051
LS-00594,Yaounde,Emana,duplex,2,2,85.1,18,0,TRUE,TRUE,TRUE,FALSE,FALSE,2026-08-13,agency,129263
LS-05868,Douala,PK14,villa,5,3,169.3,14,3,FALSE,TRUE,TRUE,FALSE,FALSE,2026-08-23,portal,464913
LS-05471,Douala,Deido,apartment,2,2,81.1,3,1,FALSE,FALSE,FALSE,FALSE,FALSE,2026-08-21,portal,86615
LS-03281,Yaounde,Mimboman,apartment,1,2,54.5,13,1,FALSE,FALSE,FALSE,FALSE,TRUE,2025-07-01,agency,"122,191"
LS-02493,Yaounde,Nsam,apartment,2,1,83.0,21,2,FALSE,FALSE,TRUE,FALSE,FALSE,2026-07-16,portal,96997
LS-05318,Douala,New Bell,studio,4,3,131.4,12,3,FALSE,TRUE,FALSE,FALSE,FALSE,2026-07-02,portal,239165
LS-01486,Yaounde,Bastos,studio,0,1,39.4,12,1,FALSE,FALSE,TRUE,TRUE,TRUE,2025-08-10,portal,115276
LS-05353,Yaounde,Biyem-Assi,apartment,3,3,95.6,4,2,FALSE,FALSE,TRUE,FALSE,FALSE,2026-06-28,portal,268010
LS-01787,Yaounde,Etoudi,duplex,2,1,55.1,8,1,FALSE,FALSE,TRUE,TRUE,FALSE,2026-06-21,informal,212244
LS-05130,Douala,Bonaberi,apartment,3,3,99.8,16,2,TRUE,FALSE,FALSE,FALSE,FALSE,2026-02-26,agency,261252
LS-00746,Yaounde,Mimboman,apartment,1,1,54.6,9,1,FALSE,FALSE,TRUE,FALSE,FALSE,2026-03-11,portal,101089
LS-03523,Yaounde,Bastos,villa,1,2,49.2,20,3,TRUE,FALSE,TRUE,TRUE,FALSE,2025-08-18,agency,212997
LS-03388,Yaounde,Nsam,studio,3,2,109.8,20,1,no,TRUE,TRUE,FALSE,FALSE,2026-03-21,portal,196438
LS-05849,Yaounde,Nsam,villa,2,2,80.3,12,1,FALSE,FALSE,TRUE,FALSE,FALSE,2025-10-14,informal,138772
LS-05732,Yaounde,Mvog-Betsi,apartment,2,1,74.0,7,3,FALSE,FALSE,FALSE,FALSE,FALSE,2026-01-31,informal,
LS-03857,Yaounde,Omnisport,apartment,1,1,48.2,9,0,FALSE,TRUE,FALSE,FALSE,FALSE,2025-09-14,agency,150698
LS-01621,Yaounde,Mendong,duplex,3,2,118.3,21,2,FALSE,FALSE,TRUE,FALSE,FALSE,2026-04-02,informal,
LS-01938,Douala,Bonaberi,apartment,1,2,41.3,32,0,TRUE,FALSE,FALSE,FALSE,FALSE,2026-06-24,portal,77813
LS-03318,Douala,Makepe,chambre moderne,1,2,44.5,15,3,FALSE,TRUE,FALSE,FALSE,FALSE,2026-04-11,agency,87045
LS-01256,Douala,New Bell,chambre moderne,2,2,56.5,13,1,FALSE,FALSE,TRUE,FALSE,FALSE,2026-01-16,agency,159656
LS-01684,Yaounde,Mvog-Betsi,apartment,0,1,14.0,9,1,FALSE,FALSE,FALSE,FALSE,FALSE,2026-04-23,agency,64171
LS-05938,Douala,New Bell,chambre moderne,1,2,53.0,21,1,FALSE,TRUE,FALSE,FALSE,FALSE,2025-12-29,agency,99987
LS-00120,Yaounde,Mendong,apartment,1,1,55.2,7,0,no,FALSE,TRUE,FALSE,FALSE,2026-03-23,agency,84524
LS-02130,Douala,Bonamoussadi,studio,0,1,14.0,10,4,yes,FALSE,TRUE,FALSE,TRUE,2025-11-17,portal,69204
LS-02445,Yaounde,Mendong,duplex,0,1,43.7,13,4,FALSE,FALSE,FALSE,FALSE,FALSE,2026-01-25,agency,68415
LS-01568,Douala,Deido,studio,5,3,138.7,21,1,FALSE,FALSE,FALSE,FALSE,FALSE,2025-12-02,agency,551326
LS-00652,Yaounde,Mvan,apartment,2,2,70.0,5,4,FALSE,FALSE,TRUE,FALSE,FALSE,2026-07-26,informal,147972
LS-01162,Yaounde,Biyem-Assi,villa,2,3,63.4,10,2,TRUE,FALSE,TRUE,FALSE,FALSE,2026-08-04,agency,130841
LS-05120,Douala,Bonapriso,duplex,1,1,39.1,9,1,FALSE,FALSE,TRUE,TRUE,TRUE,2025-12-21,agency,141054
LS-03675,Yaounde,Mvan,villa,2,2,69.0,10,0,FALSE,FALSE,FALSE,FALSE,FALSE,2025-07-02,agency,"152,155"
LS-00615,Douala,Bonaberi,apartment,3,2,91.6,21,1,TRUE,TRUE,FALSE,FALSE,FALSE,2026-05-08,agency,164670
LS-03332,Douala,Bonanjo,apartment,2,3,73.2,5,0,FALSE,FALSE,TRUE,TRUE,FALSE,2026-06-25,informal,
LS-01351,Yaounde,Mimboman,apartment,4,3,126.3,6,1,FALSE,TRUE,FALSE,FALSE,FALSE,18/04/2026,agency,291222
LS-00427,Douala,Ndokoti,duplex,3,3,104.5,0,0,FALSE,FALSE,FALSE,FALSE,FALSE,2025-07-19,portal,225582
LS-03053,Yaounde,Mvan,apartment,2,3,76.1,12,0,FALSE,FALSE,FALSE,FALSE,TRUE,08/09/2025,agency,143777
LS-00947,Yaounde,Nkolbisson,chambre moderne,1,2,32.9,6,4,FALSE,TRUE,FALSE,FALSE,FALSE,2026-05-01,agency,76942
LS-00732,Douala,Makepe,studio,2,2,81.2,20,1,FALSE,TRUE,TRUE,TRUE,FALSE,2025-08-23,agency,306273
LS-00534,Douala,Bonanjo,villa,3,3,89.8,15,4,FALSE,TRUE,FALSE,FALSE,FALSE,2026-06-26,informal,
LS-06191,Yaounde,Mimboman,duplex,2,2,58.1,21,3,FALSE,FALSE,FALSE,FALSE,FALSE,2026-03-30,agency,67459
LS-00797,Yaounde,Mvan,villa,1,1,41.9,7,2,FALSE,TRUE,TRUE,FALSE,FALSE,2026-08-12,informal,67541
LS-00204,Douala,Akwa,studio,3,2,97.5,21,0,FALSE,TRUE,FALSE,TRUE,TRUE,2025-08-14,portal,509995
LS-00788,Douala,Bepanda,studio,1,2,39.9,29,0,FALSE,TRUE,FALSE,FALSE,FALSE,09/05/2026,informal,59505
LS-03604,Douala,Bepanda,duplex,2,2,73.5,23,0,FALSE,FALSE,TRUE,FALSE,FALSE,2025-12-27,portal,210482
LS-03496,Yaounde,Mimboman,chambre moderne,1,1,50.8,10,0,FALSE,TRUE,TRUE,FALSE,FALSE,2025-12-03,portal,70432
LS-00686,Douala,Akwa,duplex,5,3,143.2,14,1,FALSE,FALSE,FALSE,FALSE,TRUE,2026-07-28,agency,629254
LS-02827,Douala,Bonapriso,duplex,2,2,96.5,11,3,TRUE,TRUE,TRUE,FALSE,TRUE,2025-09-14,agency,367231
LS-00138,Yaounde,Nsam,duplex,2,2,65.8,11,0,FALSE,TRUE,TRUE,FALSE,FALSE,2025-10-15,agency,106799
LS-03411,Yaounde,Mimboman,studio,3,3,100.1,0,3,FALSE,FALSE,FALSE,FALSE,FALSE,2026-08-18,portal,191185
LS-06070,Douala,Makepe,duplex,3,2,94.5,12,3,FALSE,FALSE,FALSE,FALSE,TRUE,2026-02-06,agency,518866
LS-03940,Douala,PK14,duplex,0,1,25.5,2,2,FALSE,FALSE,TRUE,FALSE,FALSE,2026-02-15,portal,58949
LS-03834,Douala,Bonamoussadi,apartment,4,3,115.5,15,2,FALSE,FALSE,FALSE,TRUE,FALSE,2026-08-03,informal,576240
LS-01193,Yaounde,Mvog-Betsi,duplex,3,2,103.3,30,4,FALSE,FALSE,FALSE,FALSE,FALSE,2026-07-17,agency,176093
LS-04025,Yaounde,Mimboman,apartment,3,2,101.0 m2,19,0,FALSE,TRUE,FALSE,FALSE,FALSE,2026-07-02,informal,160369
LS-03640,Douala,PK14,chambre moderne,1,2,34.2,27,4,FALSE,FALSE,FALSE,FALSE,FALSE,2025-07-05,agency,54561
LS-06014,Douala,Makepe,chambre moderne,3,2,89.8,0,3,TRUE,TRUE,TRUE,FALSE,FALSE,2026-07-14,agency,229013
LS-03937,Yaounde,Biyem-Assi,villa,3,3,95.6 m2,14,0,FALSE,FALSE,FALSE,FALSE,FALSE,2026-06-23,agency,226143
LS-03088,Douala,Logpom,chambre moderne,4,3,114.6,25,3,FALSE,TRUE,TRUE,TRUE,TRUE,2026-06-05,agency,347167
LS-01614,Douala,Ndokoti,duplex,2,3,89.0,0,1,FALSE,FALSE,FALSE,FALSE,FALSE,2025-08-20,portal,167266
LS-02891,Douala,PK14,apartment,2,2,66.9,9,2,no,FALSE,FALSE,FALSE,TRUE,2026-07-13,portal,80232
LS-04743,Douala,Bonapriso,duplex,1,2,50.9,21,2,FALSE,FALSE,TRUE,FALSE,FALSE,2025-12-05,informal,
LS-02227,Douala,Bonamoussadi,chambre moderne,4,2,114.8,19,0,FALSE,FALSE,TRUE,FALSE,TRUE,2025-10-01,agency,384645
LS-01475,Douala,Bonaberi,apartment,2,3,83.2,5,0,FALSE,FALSE,TRUE,FALSE,FALSE,2026-02-18,portal,164767
LS-02736,Yaounde,Golf,apartment,2,2,79.6,7,1,yes,TRUE,TRUE,TRUE,FALSE,2026-02-06,agency,412266
LS-00602,Yaounde,Mvog-Betsi,apartment,3,3,98.1,14,1,FALSE,FALSE,TRUE,FALSE,FALSE,20/06/2026,portal,153790
LS-00781,Yaounde,Bastos,studio,2,1,70.0,15,1,FALSE,TRUE,TRUE,TRUE,FALSE,2025-07-18,agency,"195,558"
LS-04462,Yaounde,Emana,apartment,2,1,91.7,19,0,FALSE,FALSE,FALSE,FALSE,FALSE,2025-11-23,agency,146089
LS-02900,Yaounde,Bastos,apartment,2,2,80.8,20,4,TRUE,TRUE,FALSE,TRUE,TRUE,2026-05-14,agency,423370
LS-04052,Douala,New Bell,villa,3,3,84.3,10,1,FALSE,FALSE,FALSE,FALSE,FALSE,2025-10-25,agency,137636
LS-00029,Douala,Bepanda,villa,2,3,56.9,8,0,FALSE,TRUE,FALSE,FALSE,TRUE,2026-02-11,portal,176190
LS-02392,Douala,PK14,apartment,0,1,23.9,17,3,no,FALSE,TRUE,FALSE,FALSE,2026-01-12,agency,40452
LS-05508,Yaounde,Etoudi,apartment,1,2,48.0,5,0,FALSE,TRUE,FALSE,FALSE,FALSE,2026-06-01,agency,111951
LS-06178,Douala,Bonapriso,duplex,3,2,96.4,12,2,yes,FALSE,TRUE,TRUE,FALSE,22/04/2026,agency,345445
LS-04929,Douala,Deido,duplex,2,2,70.1,15,2,TRUE,TRUE,TRUE,FALSE,FALSE,2025-07-24,agency,136512
LS-00243,Yaounde,Golf,chambre moderne,2,2,78.0,21,2,TRUE,TRUE,TRUE,FALSE,TRUE,2025-11-01,agency,249563
LS-04394,Douala,Akwa,studio,2,2,68.4,9,4,TRUE,FALSE,FALSE,TRUE,FALSE,2025-12-23,agency,267742
LS-03876,Douala,Logpom,villa,2,2,52.6,9,1,TRUE,TRUE,FALSE,FALSE,FALSE,2026-07-24,informal,
LS-01376,Yaounde,Nkolbisson,chambre moderne,3,3,89.4,10,0,FALSE,FALSE,FALSE,FALSE,FALSE,2026-03-21,agency,"165,383"
LS-05532,Yaounde,Omnisport,apartment,0,1,26.4,10,1,TRUE,TRUE,TRUE,TRUE,FALSE,2025-10-11,agency,84992
LS-02636,Douala,New Bell,apartment,4,3,142.5 m2,0,1,FALSE,TRUE,FALSE,FALSE,FALSE,2025-07-29,portal,359252
LS-00250,Douala,Akwa,villa,3,3,100.3,2,3,TRUE,TRUE,TRUE,TRUE,TRUE,11/02/2026,agency,569826
LS-05740,Yaounde,Nkolbisson,duplex,5,4,163.3,9,0,FALSE,TRUE,FALSE,FALSE,FALSE,2025-12-17,portal,533279
LS-06030,Yaounde,Golf,apartment,2,3,68.7,13,4,TRUE,FALSE,TRUE,TRUE,FALSE,2026-05-08,agency,259338
LS-00670,Yaounde,Nkolbisson,apartment,0,1,14.0,22,1,FALSE,FALSE,FALSE,FALSE,FALSE,2026-04-06,agency,52718
LS-03112,Yaounde,Mendong,chambre moderne,3,2,112.5,0,4,FALSE,FALSE,FALSE,FALSE,TRUE,2026-06-01,agency,425151
LS-01089,Douala,Bonanjo,villa,5,3,147.4,13,1,TRUE,FALSE,TRUE,FALSE,FALSE,2026-03-08,agency,1094294
LS-06190,Yaounde,Emana,studio,5,3,139.4,9,3,FALSE,TRUE,FALSE,FALSE,FALSE,2025-11-01,agency,465997
LS-04406,Douala,New Bell,chambre moderne,0,1,18.2,13,3,FALSE,FALSE,FALSE,FALSE,FALSE,2026-01-11,agency,48531
LS-02739,Yaounde,Golf,studio,2,2,81.7,26,1,TRUE,TRUE,TRUE,TRUE,TRUE,2026-05-14,agency,184721
LS-04084,Douala,Bonamoussadi,apartment,4,3,120.2,16,0,FALSE,TRUE,TRUE,TRUE,TRUE,2025-07-20,informal,1098931
LS-06189,Douala,Akwa,villa,1,2,63.6,17,1,FALSE,FALSE,FALSE,TRUE,FALSE,2025-10-30,agency,218335
LS-04310,Douala,Akwa,apartment,0,1,14.0,29,1,TRUE,FALSE,FALSE,FALSE,FALSE,2026-06-10,agency,100745
LS-02197,Yaounde,Biyem-Assi,duplex,0,1,43.3,31,0,TRUE,TRUE,FALSE,FALSE,FALSE,2025-08-14,agency,54626
LS-03322,Yaounde,Biyem-Assi,studio,0,1,34.0,20,0,FALSE,FALSE,FALSE,FALSE,FALSE,2026-08-10,informal,
LS-01223,Douala,Bonamoussadi,chambre moderne,0,1,14.0,23,3,TRUE,FALSE,TRUE,FALSE,FALSE,2026-07-15,agency,51746
LS-04048,Yaounde,Mimboman,duplex,1,1,64.3,11,1,FALSE,FALSE,FALSE,TRUE,FALSE,2025-12-31,informal,
LS-05772,Yaounde,Bastos,apartment,0,1,21.4,19,0,TRUE,FALSE,TRUE,TRUE,FALSE,2026-03-06,agency,60490
LS-00669,Yaounde,Mvan,duplex,2,2,89.7,22,1,FALSE,TRUE,FALSE,FALSE,FALSE,2025-07-25,agency,192097
LS-00005,Douala,Bonaberi,villa,1,2,58.2,14,2,FALSE,TRUE,TRUE,FALSE,FALSE,2025-08-25,informal,
LS-02782,Yaounde,Nkolbisson,studio,1,1,43.3,13,1,FALSE,FALSE,TRUE,FALSE,FALSE,2026-02-19,agency,"76,529"
LS-00180,Douala,Deido,apartment,0,1,17.8,24,2,TRUE,TRUE,TRUE,FALSE,TRUE,20/09/2025,portal,57377
LS-03295,Douala,Bonamoussadi,studio,2,1,62.7 m2,22,1,FALSE,FALSE,FALSE,FALSE,TRUE,2026-02-15,agency,"100,856"
LS-01415,Douala,PK14,duplex,1,1,41.5,12,1,FALSE,FALSE,FALSE,FALSE,FALSE,2025-10-17,informal,70262
LS-06174,Yaounde,Mendong,chambre moderne,1,2,39.2,23,4,FALSE,FALSE,FALSE,FALSE,FALSE,2026-05-09,agency,49137
LS-01045,Yaounde,Biyem-Assi,villa,1,2,43.5,14,2,FALSE,FALSE,TRUE,FALSE,FALSE,2026-07-01,agency,68582
LS-02014,Yaounde,Mendong,apartment,2,3,78.4,8,0,TRUE,TRUE,FALSE,FALSE,FALSE,2026-04-17,agency,116230
LS-00441,Yaounde,Etoudi,apartment,2,2,65.8,2,2,TRUE,TRUE,FALSE,FALSE,FALSE,2026-06-15,portal,130219
LS-03709,Yaounde,Etoudi,apartment,0,1,14.4,0,4,FALSE,FALSE,TRUE,FALSE,FALSE,2025-12-03,agency,95951
LS-03572,Douala,Bonapriso,apartment,2,2,87.4,10,1,TRUE,FALSE,TRUE,TRUE,FALSE,2025-09-20,agency,275957
LS-02737,Douala,Akwa,villa,4,3,119.4,0,1,TRUE,FALSE,TRUE,TRUE,FALSE,2026-04-27,portal,374268
LS-00286,Douala,Bonanjo,duplex,3,3,101.9,15,1,TRUE,TRUE,TRUE,TRUE,TRUE,2026-05-25,informal,495410
LS-03412,Douala,New Bell,studio,3,2,101.0,9,4,FALSE,FALSE,TRUE,FALSE,FALSE,2026-04-06,portal,223701
LS-02283,Yaounde,Emana,apartment,2,3,65.2,9,0,FALSE,FALSE,FALSE,FALSE,FALSE,2026-02-16,agency,122435
LS-03315,Douala,Bepanda,apartment,2,3,74.6,32,1,TRUE,FALSE,TRUE,FALSE,FALSE,2026-03-25,portal,94284
LS-05221,Yaounde,Omnisport,studio,4,3,120.5,0,0,FALSE,TRUE,TRUE,FALSE,TRUE,2026-03-28,portal,581403
LS-01440,Douala,Deido,studio,3,3,75.1,16,0,FALSE,FALSE,FALSE,FALSE,TRUE,2025-10-22,portal,"171,001"
LS-00172,Yaounde,Mvog-Betsi,apartment,4,4,132.4,26,4,FALSE,FALSE,FALSE,FALSE,FALSE,2025-10-11,agency,486605
LS-01085,Yaounde,Bastos,studio,0,1,14.0,18,1,TRUE,FALSE,TRUE,TRUE,FALSE,2025-07-21,agency,94259
LS-00571,Yaounde,Etoudi,studio,3,2,93.9 m2,13,0,FALSE,TRUE,FALSE,FALSE,FALSE,2025-12-13,informal,169234
LS-04892,Yaounde,Mimboman,apartment,1,1,47.2,42,1,FALSE,TRUE,FALSE,FALSE,FALSE,2026-03-07,informal,47296
LS-00485,Yaounde,Nsam,apartment,4,3,131.0,11,4,FALSE,FALSE,TRUE,FALSE,FALSE,2026-06-09,informal,284965
LS-02426,Douala,Bonanjo,duplex,3,2,85.3,21,0,TRUE,TRUE,TRUE,TRUE,FALSE,2026-06-09,portal,377815
LS-02440,Yaounde,Mvan,apartment,4,4,127.4,1,4,no,FALSE,TRUE,FALSE,FALSE,21/07/2026,informal,437258
LS-01246,Yaounde,Mvog-Betsi,apartment,3,2,98.0,4,4,FALSE,FALSE,FALSE,FALSE,FALSE,2026-07-21,agency,295137
LS-05802,Douala,Bonapriso,apartment,3,2,93.1,16,4,FALSE,TRUE,TRUE,TRUE,FALSE,2025-11-11,agency,428702
LS-04377,Yaounde,Mimboman,apartment,2,2,63.1,12,0,FALSE,FALSE,TRUE,FALSE,FALSE,24/07/2025,informal,122561
LS-04992,Douala,Deido,apartment,4,4,124.5,21,2,no,FALSE,FALSE,FALSE,FALSE,2025-11-05,portal,770615
LS-00315,Douala,Bepanda,villa,1,1,50.9,27,4,FALSE,TRUE,TRUE,TRUE,TRUE,2026-07-13,portal,84434
LS-04469,Douala,Ndokoti,apartment,2,3,78.5,22,1,FALSE,FALSE,FALSE,FALSE,FALSE,2026-05-10,portal,98942
LS-03801,Douala,Makepe,apartment,3,2,106.4,19,0,TRUE,TRUE,FALSE,FALSE,FALSE,2025-08-18,agency,243878
LS-03582,Yaounde,Bastos,apartment,3,2,101.4,16,2,TRUE,FALSE,TRUE,TRUE,FALSE,19/02/2026,agency,426945
LS-04793,Douala,Bonapriso,apartment,2,2,73.8,5,4,TRUE,TRUE,FALSE,TRUE,FALSE,2025-12-03,informal,236199
LS-01385,Douala,Bonaberi,chambre moderne,2,2,65.5,7,4,no,FALSE,FALSE,FALSE,FALSE,2025-09-11,agency,110286
LS-03792,Douala,Bonamoussadi,apartment,0,1,26.7,5,3,FALSE,FALSE,FALSE,TRUE,FALSE,2026-03-27,portal,89519
LS-02188,Douala,Akwa,apartment,1,2,36.0,11,0,FALSE,TRUE,TRUE,TRUE,TRUE,2026-08-25,portal,137427
LS-00758,Yaounde,Biyem-Assi,villa,0,1,14.0,10,2,FALSE,FALSE,FALSE,FALSE,FALSE,2026-03-10,informal,52282
LS-00085,Yaounde,Omnisport,chambre moderne,2,2,68.6,0,0,FALSE,TRUE,FALSE,FALSE,FALSE,2025-10-25,agency,164730
LS-04282,Yaounde,Omnisport,apartment,2,2,70.2,13,1,FALSE,FALSE,TRUE,TRUE,TRUE,2026-05-29,portal,177875
LS-01580,Yaounde,Mvog-Betsi,chambre moderne,0,1,32.4,14,2,FALSE,TRUE,FALSE,FALSE,FALSE,2025-10-21,agency,40163
LS-04632,Yaounde,Bastos,villa,1,1,51.9,3,2,FALSE,TRUE,TRUE,FALSE,FALSE,2026-02-14,portal,162459
LS-01531,Douala,Ndokoti,apartment,4,3,137.8,0,1,FALSE,FALSE,TRUE,FALSE,FALSE,2026-07-06,informal,
LS-04192,Douala,Bepanda,villa,4,2,122.5,20,1,TRUE,FALSE,FALSE,TRUE,FALSE,22/03/2026,portal,291694
LS-03791,Douala,Deido,chambre moderne,0,1,14.0,13,1,FALSE,FALSE,FALSE,FALSE,FALSE,2026-07-05,informal,48330
LS-02649,Douala,Deido,apartment,2,3,59.5,0,0,FALSE,TRUE,TRUE,FALSE,FALSE,2025-11-30,agency,"123,373"
LS-00221,Douala,Bonanjo,apartment,1,2,40.7,2,3,TRUE,TRUE,TRUE,TRUE,FALSE,2026-04-11,agency,185112
LS-00266,Douala,Bonanjo,chambre moderne,1,1,46.3,0,0,TRUE,FALSE,TRUE,FALSE,FALSE,2025-12-28,portal,123052
LS-02186,Douala,Bonamoussadi,apartment,1,2,44.7,2,2,TRUE,FALSE,TRUE,TRUE,FALSE,2026-02-09,agency,144364
LS-03756,Douala,Logpom,apartment,2,1,72.5,12,4,no,FALSE,FALSE,FALSE,FALSE,2025-08-26,portal,150319
LS-04270,Yaounde,Bastos,villa,5,4,136.4,12,0,TRUE,FALSE,TRUE,FALSE,FALSE,2026-03-17,portal,734854
LS-03579,Yaounde,Nkolbisson,apartment,2,3,186.1,19,0,FALSE,FALSE,FALSE,FALSE,FALSE,2026-08-23,agency,359893
LS-01013,Douala,Bepanda,villa,3,3,81.6,19,0,FALSE,FALSE,FALSE,FALSE,TRUE,2025-10-10,portal,217377
LS-05875,Yaounde,Mvan,duplex,2,2,84.7,2,0,FALSE,FALSE,FALSE,FALSE,FALSE,2025-08-31,agency,157523
LS-05301,Douala,Bonaberi,apartment,5,4,158.9,12,0,FALSE,FALSE,TRUE,FALSE,FALSE,2025-07-11,agency,424101
LS-06023,Yaounde,Omnisport,apartment,1,2,49.3,15,1,FALSE,TRUE,TRUE,TRUE,FALSE,2026-07-02,informal,162495
LS-01428,Douala,Makepe,apartment,3,2,88.9,33,4,FALSE,FALSE,TRUE,FALSE,FALSE,2025-11-14,agency,169630
LS-02556,Douala,Makepe,apartment,4,2,102.2,7,1,FALSE,FALSE,FALSE,FALSE,TRUE,2025-07-17,agency,414554
LS-02884,Yaounde,Omnisport,studio,1,1,57.5,4,2,FALSE,FALSE,TRUE,FALSE,FALSE,2025-11-25,agency,175330
LS-03977,Yaounde,Mvog-Betsi,chambre moderne,1,2,54.9,1,0,FALSE,FALSE,FALSE,TRUE,FALSE,04/11/2025,portal,120583
LS-03567,Yaounde,Nkolbisson,apartment,1,2,66.3 m2,9,3,FALSE,FALSE,TRUE,FALSE,FALSE,2026-04-19,portal,82603
LS-02140,Yaounde,Omnisport,chambre moderne,4,3,121.5,17,0,FALSE,TRUE,TRUE,TRUE,FALSE,2025-11-16,informal,330256
LS-02855,Douala,PK14,apartment,4,2,122.9,20,3,FALSE,FALSE,FALSE,FALSE,FALSE,2026-02-01,agency,324141
LS-04053,Douala,Bonapriso,duplex,2,2,64.5,6,1,TRUE,FALSE,TRUE,TRUE,TRUE,2025-10-14,portal,336669
LS-04787,Douala,Akwa,duplex,4,3,124.8,1,3,FALSE,FALSE,TRUE,FALSE,FALSE,2026-02-12,agency,561655
LS-02895,Yaounde,Mimboman,duplex,0,1,38.3,26,1,FALSE,FALSE,TRUE,FALSE,FALSE,2026-06-19,agency,38961
LS-01500,Yaounde,Mvog-Betsi,apartment,2,3,66.8,21,1,FALSE,FALSE,FALSE,FALSE,FALSE,2026-07-30,portal,110405
LS-01302,Douala,Bonanjo,studio,4,3,128.4,15,2,TRUE,FALSE,FALSE,FALSE,TRUE,2026-06-09,informal,672223
LS-04856,Yaounde,Mendong,apartment,2,2,76.8,24,0,no,FALSE,FALSE,FALSE,FALSE,2026-05-11,agency,130641
LS-04777,Douala,New Bell,studio,2,2,72.9,11,0,FALSE,FALSE,FALSE,FALSE,FALSE,25/07/2026,agency,121718
LS-05372,Yaounde,Golf,chambre moderne,2,1,66.1,30,0,TRUE,FALSE,FALSE,FALSE,FALSE,2025-12-12,agency,88265
LS-03978,Yaounde,Mvan,studio,2,1,56.9,16,4,TRUE,FALSE,FALSE,FALSE,FALSE,2025-11-24,agency,133769
LS-00252,Douala,Ndokoti,studio,2,2,67.8,7,4,FALSE,TRUE,FALSE,FALSE,FALSE,2025-08-16,agency,125067
LS-00545,Douala,Akwa,villa,3,3,113.5,6,0,FALSE,TRUE,TRUE,FALSE,FALSE,2025-08-29,agency,362620
LS-02335,Douala,Bonapriso,duplex,3,3,110.1,23,3,TRUE,FALSE,TRUE,TRUE,FALSE,2026-08-03,portal,568764
LS-05128,Douala,Bepanda,villa,1,2,55.7,6,0,no,FALSE,TRUE,FALSE,FALSE,2025-10-01,agency,129782
LS-01803,Douala,Deido,studio,3,3,93.9,32,1,FALSE,FALSE,TRUE,FALSE,TRUE,2026-01-29,portal,367740
LS-02588,Yaounde,Mvog-Betsi,apartment,1,1,49.1,12,0,FALSE,FALSE,TRUE,TRUE,FALSE,2026-03-02,agency,66772
LS-04460,Douala,Bonanjo,duplex,2,2,77.9,31,0,TRUE,TRUE,TRUE,FALSE,TRUE,2025-12-24,agency,258473
LS-01028,Douala,PK14,apartment,2,3,66.8,30,2,FALSE,FALSE,FALSE,FALSE,FALSE,2025-12-25,portal,104541
LS-00416,Douala,New Bell,villa,0,1,32.2,14,3,FALSE,FALSE,FALSE,FALSE,FALSE,2026-08-13,agency,44023
LS-02350,Douala,PK14,apartment,1,2,33.8,11,3,FALSE,TRUE,FALSE,FALSE,FALSE,2025-09-05,agency,64226
LS-04617,Douala,Deido,chambre moderne,1,1,40.5,16,1,FALSE,FALSE,FALSE,FALSE,FALSE,2025-10-23,portal,84392
LS-04948,Douala,Akwa,duplex,3,3,87.1,0,1,FALSE,FALSE,FALSE,FALSE,FALSE,2025-11-20,informal,338447
LS-00647,Douala,Deido,apartment,1,1,51.3,19,1,TRUE,FALSE,FALSE,TRUE,TRUE,2026-07-19,agency,96014
LS-05592,Douala,Bepanda,studio,4,3,121.2,13,2,FALSE,FALSE,FALSE,FALSE,FALSE,2025-09-16,agency,210786
LS-02230,Yaounde,Nsam,duplex,1,2,72.1,27,0,FALSE,FALSE,TRUE,FALSE,FALSE,2025-12-08,agency,84414
LS-04947,Douala,Makepe,apartment,2,1,58.8,24,1,FALSE,TRUE,FALSE,FALSE,FALSE,2026-06-19,agency,117131
LS-00660,Douala,Bonaberi,studio,1,2,66.4,14,4,TRUE,FALSE,FALSE,FALSE,FALSE,2026-07-06,portal,"165,636"
LS-00290,Douala,Bonamoussadi,villa,0,1,20.2,17,3,FALSE,FALSE,FALSE,TRUE,TRUE,01/07/2025,agency,120633
LS-01037,Yaounde,Nsam,studio,1,2,61.9,8,4,TRUE,FALSE,FALSE,FALSE,FALSE,2025-08-05,informal,
LS-01789,Douala,Logpom,duplex,3,2,127.6,15,3,TRUE,TRUE,FALSE,FALSE,FALSE,2025-08-04,portal,377123
LS-00045,Yaounde,Mimboman,apartment,2,1,74.4,9,3,no,TRUE,FALSE,FALSE,FALSE,2026-07-25,informal,97709
LS-04449,Douala,Akwa,villa,5,4,135.6,24,4,FALSE,FALSE,TRUE,TRUE,FALSE,2026-08-23,informal,483834
LS-04942,Yaounde,Emana,duplex,2,2,82.9,19,1,TRUE,FALSE,FALSE,FALSE,FALSE,2026-04-17,portal,"97,880"
LS-03670,Douala,Makepe,apartment,2,2,70.0,14,0,FALSE,FALSE,TRUE,FALSE,TRUE,2026-02-23,agency,136176
LS-01737,Yaounde,Golf,studio,4,3,118.2 m2,10,2,TRUE,FALSE,FALSE,TRUE,FALSE,2026-08-22,agency,573242
LS-05787,Yaounde,Biyem-Assi,chambre moderne,3,2,124.5,0,0,FALSE,FALSE,TRUE,FALSE,TRUE,2025-12-01,portal,409883
LS-00450,Douala,Bonamoussadi,apartment,2,3,68.5,0,1,FALSE,FALSE,FALSE,FALSE,FALSE,01/08/2026,portal,"219,250"
LS-05714,Yaounde,Biyem-Assi,studio,3,2,96.2,0,1,TRUE,TRUE,FALSE,FALSE,FALSE,2026-05-05,agency,454219
LS-03631,Yaounde,Omnisport,studio,5,3,146.7,20,4,FALSE,TRUE,TRUE,TRUE,TRUE,06/07/2025,agency,776973
LS-05275,Douala,New Bell,apartment,2,2,99.7,12,4,TRUE,TRUE,FALSE,FALSE,FALSE,2026-08-09,agency,90854
LS-06026,Yaounde,Golf,chambre moderne,2,1,80.9,27,3,FALSE,TRUE,TRUE,TRUE,FALSE,2025-09-19,agency,277549
LS-02578,Douala,Bepanda,apartment,3,2,111.5,9,1,FALSE,FALSE,FALSE,FALSE,FALSE,2025-10-06,agency,247005
LS-01119,Douala,Bepanda,studio,2,2,67.1 m2,35,2,FALSE,FALSE,TRUE,FALSE,FALSE,2026-05-22,agency,125592
LS-05147,Douala,Ndokoti,apartment,2,3,77.9,8,3,FALSE,FALSE,FALSE,FALSE,FALSE,2026-05-05,agency,142204
LS-02337,Yaounde,Biyem-Assi,duplex,2,2,82.1,7,0,TRUE,TRUE,TRUE,FALSE,FALSE,2025-12-10,agency,182266
LS-00511,Yaounde,Golf,chambre moderne,0,1,14.0,9,0,TRUE,FALSE,TRUE,TRUE,FALSE,2026-06-11,portal,93486
LS-02708,Douala,Bonaberi,duplex,2,3,76.4,14,1,TRUE,FALSE,FALSE,FALSE,FALSE,2026-06-24,informal,
LS-02124,Yaounde,Golf,apartment,1,2,32.6,7,4,TRUE,TRUE,TRUE,FALSE,FALSE,2026-02-10,portal,"157,690"
LS-04179,Douala,New Bell,apartment,3,3,108.7,16,4,yes,FALSE,FALSE,FALSE,FALSE,2025-11-22,agency,317685
LS-00307,Yaounde,Bastos,apartment,1,2,51.4,10,1,FALSE,FALSE,TRUE,TRUE,TRUE,2026-06-09,portal,312395
LS-00129,Douala,Bepanda,apartment,1,1,50.6,5,3,FALSE,FALSE,FALSE,FALSE,FALSE,2025-11-04,agency,80810
LS-04784,Douala,Deido,duplex,5,3,151.5,0,4,FALSE,FALSE,FALSE,FALSE,FALSE,2025-08-26,portal,523690
LS-03623,Douala,Deido,apartment,3,2,100.1,0,1,FALSE,TRUE,TRUE,TRUE,FALSE,2026-02-14,agency,182035
LS-02889,Yaounde,Mvog-Betsi,studio,4,4,114.3,0,4,TRUE,FALSE,TRUE,TRUE,FALSE,2026-01-14,agency,425337
LS-03434,Douala,Bonamoussadi,studio,4,2,114.8,23,2,FALSE,TRUE,TRUE,FALSE,TRUE,2025-10-26,agency,588474
LS-02537,Yaounde,Omnisport,studio,1,2,55.2,29,2,FALSE,FALSE,TRUE,TRUE,FALSE,2026-01-25,informal,167813
LS-01901,Douala,Bonapriso,studio,2,3,93.5,6,1,TRUE,FALSE,TRUE,FALSE,TRUE,2026-03-23,agency,"738,503"
LS-00365,Yaounde,Nkolbisson,apartment,3,2,102.2,6,1,FALSE,FALSE,FALSE,FALSE,FALSE,2025-10-10,agency,224684
LS-01324,Douala,Bepanda,apartment,1,2,33.0,18,0,FALSE,TRUE,FALSE,FALSE,FALSE,2026-08-18,informal,70960
LS-00274,Yaounde,Bastos,apartment,2,2,91.3 m2,13,0,TRUE,FALSE,TRUE,TRUE,FALSE,2026-06-16,agency,308762
LS-00733,Douala,PK14,apartment,3,3,105.7,11,4,FALSE,FALSE,TRUE,FALSE,FALSE,21/05/2026,agency,192799
LS-01449,Douala,Logpom,duplex,1,2,46.6,15,3,FALSE,FALSE,TRUE,FALSE,FALSE,2026-08-05,agency,141277
LS-00268,Douala,Bonamoussadi,apartment,2,2,86.5,9,4,FALSE,FALSE,TRUE,TRUE,FALSE,2025-07-15,agency,350396
LS-03997,Douala,Bonanjo,duplex,1,2,52.5,0,0,FALSE,FALSE,TRUE,TRUE,TRUE,2025-08-18,informal,
LS-05738,Yaounde,Emana,studio,2,3,64.1,18,0,FALSE,FALSE,FALSE,FALSE,FALSE,2026-03-20,portal,83224
LS-04362,Douala,Bonapriso,duplex,3,2,88.4 m2,33,0,FALSE,TRUE,TRUE,TRUE,FALSE,2026-02-27,informal,365190
LS-03939,Douala,PK14,duplex,1,1,61.6,0,0,FALSE,TRUE,FALSE,FALSE,FALSE,2025-12-04,agency,64828
LS-04781,Yaounde,Mvan,apartment,1,1,38.0,17,1,FALSE,FALSE,TRUE,FALSE,FALSE,2026-04-25,portal,55435
LS-03005,Yaounde,Nkolbisson,apartment,0,1,14.0,0,4,FALSE,FALSE,TRUE,FALSE,FALSE,2025-07-15,portal,72932
LS-01130,Douala,Bepanda,apartment,2,3,74.3,17,1,FALSE,FALSE,TRUE,FALSE,FALSE,2025-11-02,portal,160073
LS-04580,Yaounde,Biyem-Assi,studio,1,1,40.3,21,4,TRUE,TRUE,TRUE,FALSE,FALSE,2025-11-27,portal,62846
LS-01476,Douala,Bonapriso,chambre moderne,2,2,74.2,26,1,FALSE,TRUE,TRUE,TRUE,FALSE,2026-05-29,agency,"170,466"
LS-02035,Yaounde,Golf,studio,0,1,41.4,0,1,FALSE,FALSE,TRUE,TRUE,FALSE,2026-01-19,agency,121583
LS-00395,Douala,Bonapriso,apartment,3,3,104.4,18,0,FALSE,TRUE,TRUE,TRUE,FALSE,2025-10-13,agency,410693
LS-02321,Douala,PK14,apartment,2,2,80.7,4,4,FALSE,FALSE,FALSE,FALSE,FALSE,2026-05-09,agency,215098
LS-00277,Douala,New Bell,studio,2,2,81.4,28,1,FALSE,FALSE,FALSE,FALSE,FALSE,2026-04-30,portal,126001
LS-03767,Yaounde,Golf,apartment,3,3,95.0,22,2,TRUE,TRUE,TRUE,FALSE,FALSE,2026-03-23,informal,248651
LS-01350,Douala,New Bell,villa,3,3,93.6,4,1,FALSE,FALSE,TRUE,FALSE,TRUE,2025-11-29,agency,240905
LS-03108,Yaounde,Mendong,duplex,1,1,44.0,21,1,FALSE,TRUE,FALSE,FALSE,FALSE,2026-08-05,agency,48191
LS-05461,Yaounde,Nsam,chambre moderne,3,2,114.5,10,0,FALSE,FALSE,FALSE,FALSE,FALSE,02/10/2025,agency,349421
LS-03298,Yaounde,Mvan,villa,1,1,33.4,14,4,FALSE,FALSE,FALSE,TRUE,FALSE,2025-09-19,agency,96980
LS-05956,Douala,Bonaberi,apartment,2,2,60.3,16,3,FALSE,FALSE,FALSE,FALSE,FALSE,2025-12-13,agency,132774
LS-06176,Yaounde,Bastos,apartment,0,1,38.4,31,1,TRUE,TRUE,TRUE,FALSE,TRUE,2025-09-15,portal,126061
LS-00999,Yaounde,Nkolbisson,studio,1,1,58.4,0,3,TRUE,FALSE,FALSE,FALSE,TRUE,2026-04-18,agency,"111,880"
LS-02341,Douala,PK14,apartment,3,3,106.1,25,2,FALSE,TRUE,FALSE,FALSE,FALSE,2025-08-26,agency,261205
LS-01342,Douala,Ndokoti,apartment,3,2,91.5,0,4,FALSE,FALSE,FALSE,FALSE,FALSE,2025-07-19,portal,176340
LS-05531,Yaounde,Mendong,duplex,4,3,103.1,23,0,FALSE,FALSE,FALSE,TRUE,FALSE,2025-10-09,portal,172619
LS-04974,Yaounde,Mvog-Betsi,apartment,3,4,84.1,25,4,TRUE,TRUE,FALSE,FALSE,FALSE,2026-06-10,agency,208250
LS-00123,Douala,Bonamoussadi,apartment,2,3,98.1,17,3,TRUE,TRUE,FALSE,TRUE,TRUE,2025-09-04,portal,412653
LS-05257,Yaounde,Mendong,apartment,2,3,80.4,2,3,FALSE,FALSE,FALSE,FALSE,FALSE,22/01/2026,agency,169027
LS-05770,Douala,PK14,apartment,3,2,109.8,16,0,FALSE,TRUE,FALSE,FALSE,FALSE,2026-02-14,agency,223005
LS-02957,Yaounde,Mendong,duplex,1,1,55.2,19,4,FALSE,TRUE,FALSE,FALSE,FALSE,2026-07-06,portal,69890
LS-00542,Douala,Bonapriso,villa,5,3,144.8,11,4,FALSE,FALSE,FALSE,FALSE,TRUE,2026-08-02,informal,
LS-01733,Yaounde,Mvan,apartment,4,3,110.2,4,3,FALSE,FALSE,TRUE,FALSE,FALSE,19/10/2025,informal,582281
LS-05644,Yaounde,Mvan,apartment,2,1,88.1,14,1,FALSE,FALSE,FALSE,FALSE,FALSE,2025-11-10,portal,158915
LS-01212,Yaounde,Mvog-Betsi,studio,3,2,93.1,14,2,FALSE,FALSE,TRUE,FALSE,FALSE,2025-07-22,informal,
LS-05291,Douala,Bepanda,apartment,0,1,14.0,29,3,FALSE,TRUE,TRUE,FALSE,FALSE,2026-06-20,portal,46951
LS-05607,Yaounde,Etoudi,villa,1,1,21.0,11,3,FALSE,FALSE,TRUE,FALSE,FALSE,2026-05-28,agency,108133
LS-02178,Douala,Logpom,villa,3,3,101.7,8,2,FALSE,FALSE,FALSE,TRUE,FALSE,2026-07-08,portal,302026
LS-00666,Douala,Bonamoussadi,duplex,2,2,76.9,38,1,TRUE,FALSE,TRUE,TRUE,FALSE,16/08/2026,agency,139428
LS-00738,Douala,Makepe,duplex,3,2,116.5,15,3,FALSE,FALSE,TRUE,TRUE,FALSE,20/02/2026,portal,336486
LS-03051,Yaounde,Mendong,chambre moderne,3,3,105.1,12,3,TRUE,FALSE,FALSE,FALSE,FALSE,24/01/2026,informal,
LS-03938,Douala,Bonanjo,duplex,3,2,96.3,9,0,TRUE,FALSE,TRUE,TRUE,FALSE,2025-07-04,informal,357745
LS-03746,Yaounde,Nkolbisson,apartment,5,3,151.9,21,1,FALSE,TRUE,FALSE,FALSE,FALSE,2025-08-25,agency,497940
LS-02645,Yaounde,Omnisport,apartment,1,2,45.6,16,1,TRUE,TRUE,TRUE,FALSE,FALSE,2025-09-26,agency,92174
LS-03382,Yaounde,Bastos,duplex,3,3,109.2,9,0,TRUE,TRUE,TRUE,TRUE,FALSE,2026-05-15,agency,"731,024"
LS-05354,Yaounde,Mendong,chambre moderne,2,3,81.4,15,1,FALSE,FALSE,TRUE,FALSE,TRUE,2025-11-10,agency,132895
LS-03798,Douala,Bonanjo,villa,1,2,44.2,12,4,TRUE,TRUE,TRUE,FALSE,TRUE,11/11/2025,agency,190554
LS-03933,Yaounde,Omnisport,duplex,3,2,97.5,4,1,TRUE,FALSE,TRUE,FALSE,FALSE,2026-07-05,agency,396304
LS-03799,Douala,Bonaberi,duplex,3,2,78.2,5,0,FALSE,FALSE,TRUE,TRUE,FALSE,03/08/2026,agency,200340
LS-05737,Douala,Deido,apartment,3,2,89.4,19,2,FALSE,TRUE,FALSE,FALSE,FALSE,08/02/2026,informal,186770
LS-03819,Douala,Bonamoussadi,apartment,0,1,14.0,6,0,FALSE,TRUE,TRUE,FALSE,FALSE,26/05/2026,agency,"59,820"
LS-04903,Yaounde,Mimboman,apartment,1,2,41.4,21,4,FALSE,FALSE,FALSE,FALSE,FALSE,2026-02-10,portal,67982
LS-01460,Douala,Deido,apartment,1,2,26.3,4,0,TRUE,TRUE,FALSE,FALSE,FALSE,2026-03-28,agency,87961
LS-02831,Douala,Bonaberi,apartment,3,3,93.1,28,4,yes,TRUE,FALSE,FALSE,FALSE,2026-05-19,agency,194309
LS-04646,Douala,Bonanjo,villa,3,2,90.1,5,3,TRUE,FALSE,FALSE,TRUE,FALSE,2025-07-03,portal,"309,592"
LS-01771,Douala,Logpom,duplex,4,3,134.9,12,0,TRUE,TRUE,TRUE,TRUE,FALSE,2026-08-11,informal,815202
LS-04546,Yaounde,Emana,duplex,1,2,43.8,7,0,FALSE,FALSE,TRUE,FALSE,FALSE,2026-08-18,informal,85845
LS-00823,Douala,Bonamoussadi,apartment,2,1,66.8,17,1,TRUE,TRUE,TRUE,TRUE,TRUE,2026-02-20,agency,261248
LS-01022,Douala,Ndokoti,duplex,2,3,68.1,4,3,FALSE,FALSE,FALSE,FALSE,FALSE,2025-11-30,agency,150841
LS-01497,Douala,PK14,apartment,2,2,75.3,9,3,FALSE,TRUE,FALSE,FALSE,FALSE,2025-11-17,agency,112429
LS-05069,Yaounde,Omnisport,apartment,1,2,52.5,9,4,FALSE,TRUE,TRUE,TRUE,FALSE,2026-03-16,agency,225637
LS-00486,Yaounde,Nsam,chambre moderne,2,1,94.4,8,3,TRUE,FALSE,FALSE,TRUE,FALSE,2026-02-13,informal,206823
LS-02943,Yaounde,Emana,apartment,3,3,106.6,27,2,FALSE,FALSE,FALSE,FALSE,FALSE,14/03/2026,informal,173270
LS-01106,Yaounde,Bastos,chambre moderne,2,2,68.1,21,2,TRUE,FALSE,TRUE,TRUE,TRUE,28/10/2025,portal,347130
LS-05441,Douala,Deido,apartment,2,1,71.3,12,0,FALSE,FALSE,FALSE,FALSE,FALSE,2025-08-19,agency,153591
LS-01961,Yaounde,Mendong,chambre moderne,2,3,86.5,17,2,FALSE,FALSE,FALSE,FALSE,FALSE,2025-08-30,informal,145126
LS-03656,Douala,Ndokoti,studio,4,3,125.7,0,2,FALSE,FALSE,TRUE,FALSE,FALSE,2025-12-24,portal,474894
LS-04614,Yaounde,Emana,apartment,2,2,86.1 m2,20,0,FALSE,FALSE,FALSE,FALSE,FALSE,2026-05-08,informal,
LS-04779,Douala,Bonamoussadi,duplex,1,2,46.7,12,4,FALSE,FALSE,FALSE,FALSE,FALSE,2026-02-17,agency,158114
LS-06194,Douala,Makepe,apartment,2,1,87.0,12,4,FALSE,TRUE,TRUE,FALSE,TRUE,29/03/2026,informal,
LS-00118,Douala,Bonaberi,apartment,3,3,109.2,7,4,FALSE,TRUE,FALSE,FALSE,FALSE,2025-10-02,portal,143241
LS-00209,Douala,Bepanda,chambre moderne,3,2,90.7,21,0,FALSE,FALSE,FALSE,TRUE,FALSE,2025-10-10,agency,149251
LS-06182,Yaounde,Mimboman,chambre moderne,1,2,56.6,19,2,FALSE,FALSE,FALSE,FALSE,FALSE,17/04/2026,informal,56686
LS-03012,Douala,Ndokoti,studio,0,1,16.1,8,2,FALSE,FALSE,FALSE,TRUE,FALSE,2025-10-30,agency,43927
LS-03692,Douala,Bonanjo,apartment,3,2,105.9,0,3,FALSE,FALSE,FALSE,FALSE,TRUE,2026-05-22,informal,460274
LS-03020,Douala,Logpom,villa,3,2,118.9,24,0,FALSE,FALSE,TRUE,FALSE,FALSE,09/07/2025,agency,241419
LS-02826,Douala,Bonanjo,apartment,1,1,26.7,21,1,FALSE,FALSE,FALSE,TRUE,FALSE,2026-04-27,agency,89128
LS-04416,Yaounde,Mvog-Betsi,studio,2,2,59.9,4,1,FALSE,FALSE,FALSE,FALSE,FALSE,2025-11-27,informal,120264
LS-01244,Douala,Bepanda,apartment,2,3,84.6,6,0,TRUE,FALSE,FALSE,FALSE,FALSE,09/07/2025,portal,138239
LS-03374,Douala,Logpom,duplex,1,1,40.4,9,1,FALSE,FALSE,TRUE,FALSE,FALSE,2026-03-28,portal,75363
LS-04868,Douala,Bonamoussadi,apartment,1,2,23.4,30,0,FALSE,TRUE,FALSE,FALSE,TRUE,2026-04-09,portal,85069
LS-04798,Douala,Bonaberi,chambre moderne,1,1,37.8,8,0,FALSE,TRUE,TRUE,FALSE,FALSE,2025-12-27,agency,61584
LS-06072,Douala,PK14,chambre moderne,3,3,89.9,16,1,FALSE,FALSE,FALSE,TRUE,FALSE,2025-08-18,portal,116173
LS-04936,Douala,Akwa,duplex,3,3,93.8,11,0,TRUE,FALSE,TRUE,FALSE,FALSE,2026-01-12,portal,265189
LS-00696,Douala,Deido,apartment,2,2,77.7,10,1,FALSE,TRUE,TRUE,TRUE,FALSE,2025-09-26,agency,218674
LS-03897,Douala,Akwa,apartment,3,3,124.3,20,3,FALSE,FALSE,FALSE,TRUE,FALSE,16/04/2026,agency,588683
LS-06094,Yaounde,Emana,apartment,2,2,75.8,0,0,FALSE,FALSE,FALSE,FALSE,FALSE,2026-04-02,informal,104315
LS-04641,Yaounde,Mvan,villa,3,2,93.0,11,0,FALSE,FALSE,FALSE,FALSE,FALSE,19/12/2025,portal,248673
LS-04001,Yaounde,Bastos,chambre moderne,3,2,87.2,11,1,TRUE,TRUE,TRUE,TRUE,TRUE,2025-07-11,agency,236954
LS-04261,Douala,Deido,apartment,4,2,116.3,25,4,FALSE,TRUE,TRUE,FALSE,TRUE,2026-02-21,agency,435878
LS-05775,Yaounde,Emana,apartment,0,1,14.0 m2,25,3,FALSE,FALSE,FALSE,FALSE,FALSE,2025-08-26,portal,43852
LS-02063,Douala,Bonanjo,villa,1,1,41.1,29,1,FALSE,TRUE,TRUE,FALSE,FALSE,2026-01-04,agency,162127
LS-02758,Douala,Bonapriso,chambre moderne,2,2,81.6,2,1,FALSE,TRUE,TRUE,TRUE,TRUE,2026-06-10,informal,360772
LS-04535,Yaounde,Omnisport,apartment,1,2,45.9,30,0,FALSE,TRUE,FALSE,FALSE,FALSE,2025-12-18,informal,158374
LS-04945,Yaounde,Mvan,apartment,2,3,91.4,18,0,FALSE,FALSE,TRUE,FALSE,FALSE,2026-08-03,agency,208462
LS-04375,Douala,New Bell,villa,0,1,31.2,14,4,FALSE,FALSE,FALSE,FALSE,FALSE,2026-08-03,informal,66304
LS-00673,Yaounde,Biyem-Assi,apartment,1,2,39.7,28,1,FALSE,FALSE,FALSE,FALSE,FALSE,2026-05-15,agency,113100
LS-05382,Yaounde,Biyem-Assi,chambre moderne,4,3,120.3,18,1,FALSE,TRUE,FALSE,FALSE,FALSE,2026-03-12,agency,434703
LS-04509,Yaounde,Mimboman,studio,1,1,32.6,12,0,FALSE,TRUE,FALSE,FALSE,FALSE,2026-07-09,informal,75588
LS-04293,Douala,Ndokoti,apartment,0,1,21.0,0,0,TRUE,FALSE,TRUE,FALSE,FALSE,2026-08-11,agency,83615
LS-01691,Yaounde,Omnisport,apartment,2,3,72.3,23,1,FALSE,TRUE,FALSE,FALSE,FALSE,12/09/2025,agency,176141
LS-03757,Yaounde,Nkolbisson,chambre moderne,3,3,101.5,0,3,FALSE,FALSE,TRUE,FALSE,FALSE,2025-09-19,agency,231751
LS-02298,Yaounde,Golf,apartment,2,1,74.4,12,1,TRUE,FALSE,FALSE,TRUE,TRUE,2025-12-21,portal,327867
LS-05944,Yaounde,Mimboman,chambre moderne,2,3,74.0,13,0,FALSE,TRUE,TRUE,FALSE,FALSE,2026-03-17,informal,
LS-02093,Douala,PK14,apartment,2,2,85.4,10,3,FALSE,FALSE,FALSE,FALSE,FALSE,2025-08-18,agency,126032
LS-03916,Douala,Bonapriso,apartment,1,2,45.1,12,1,TRUE,TRUE,FALSE,FALSE,FALSE,2026-06-07,portal,237182
LS-01746,Douala,New Bell,chambre moderne,3,2,109.8,6,4,TRUE,FALSE,FALSE,FALSE,FALSE,06/05/2026,portal,187912
LS-00628,Douala,New Bell,apartment,4,3,120.1,12,3,FALSE,FALSE,FALSE,FALSE,FALSE,2025-10-26,agency,298191
LS-02839,Yaounde,Bastos,villa,2,1,94.5,23,1,FALSE,FALSE,FALSE,TRUE,FALSE,2025-07-18,informal,193799
LS-00891,Douala,Bonaberi,duplex,3,2,91.6,10,1,FALSE,FALSE,TRUE,FALSE,FALSE,2026-04-28,portal,237035
LS-03446,Yaounde,Biyem-Assi,apartment,4,3,126.8,2,0,FALSE,FALSE,TRUE,FALSE,FALSE,2025-07-14,portal,421018
LS-05765,Douala,Deido,chambre moderne,2,2,99.5,7,0,FALSE,FALSE,TRUE,FALSE,TRUE,2026-07-30,informal,
LS-05432,Yaounde,Nsam,apartment,0,1,14.0,20,1,FALSE,TRUE,TRUE,FALSE,FALSE,2026-06-16,informal,
LS-00513,Douala,Bepanda,apartment,2,1,67.8,17,0,FALSE,FALSE,TRUE,FALSE,FALSE,2025-07-12,agency,88445
LS-03925,Douala,Makepe,apartment,2,2,78.1,19,1,FALSE,FALSE,TRUE,FALSE,FALSE,2026-03-30,informal,193030
LS-05043,Yaounde,Omnisport,apartment,0,1,18.7,26,2,FALSE,TRUE,TRUE,FALSE,FALSE,2025-10-02,informal,51878
LS-02734,Douala,Bonaberi,apartment,2,2,89.7,16,4,FALSE,TRUE,TRUE,FALSE,FALSE,15/12/2025,portal,170029
LS-01999,Douala,Bonapriso,apartment,3,1,98.0,11,1,TRUE,TRUE,TRUE,FALSE,TRUE,2025-09-12,informal,484120
LS-04092,Douala,Ndokoti,apartment,2,1,63.5,9,1,FALSE,FALSE,TRUE,FALSE,FALSE,30/04/2026,portal,93147
LS-00409,Yaounde,Golf,duplex,2,2,69.1,0,1,TRUE,TRUE,TRUE,FALSE,FALSE,2026-02-06,portal,245652
LS-06132,Douala,Makepe,duplex,3,2,110.3,3,1,FALSE,FALSE,TRUE,TRUE,TRUE,2025-10-11,informal,
LS-02775,Yaounde,Nsam,duplex,2,1,90.9,7,4,FALSE,TRUE,TRUE,FALSE,FALSE,2025-07-27,agency,173008
LS-02945,Douala,Ndokoti,studio,3,2,97.7,21,2,FALSE,FALSE,TRUE,FALSE,FALSE,2026-04-30,agency,190591
LS-02250,Yaounde,Biyem-Assi,apartment,0,1,28.8,6,0,TRUE,FALSE,FALSE,FALSE,FALSE,14/07/2026,portal,67941
LS-02184,Douala,New Bell,chambre moderne,2,2,80.5,11,2,FALSE,TRUE,FALSE,FALSE,TRUE,2025-09-16,agency,119440
LS-05055,Douala,New Bell,apartment,3,1,88.4,12,0,FALSE,FALSE,TRUE,FALSE,FALSE,2025-08-31,agency,205001
LS-01792,Yaounde,Nkolbisson,apartment,1,2,61.1,12,4,FALSE,FALSE,FALSE,TRUE,FALSE,2025-10-21,agency,83072
LS-06012,Yaounde,Mimboman,apartment,3,2,111.0,2,1,FALSE,FALSE,FALSE,FALSE,FALSE,2025-08-30,portal,222996
LS-02179,Douala,Akwa,studio,4,4,122.5,16,1,TRUE,TRUE,TRUE,TRUE,TRUE,2026-06-03,agency,519225
LS-03818,Yaounde,Etoudi,chambre moderne,1,2,56.6,0,4,FALSE,FALSE,TRUE,FALSE,FALSE,2025-11-06,informal,130168
LS-02655,Douala,Bonamoussadi,apartment,0,1,27.3,18,0,FALSE,FALSE,TRUE,FALSE,FALSE,31/07/2025,portal,62744
LS-03996,Yaounde,Mvog-Betsi,chambre moderne,3,3,105.0,3,3,FALSE,FALSE,FALSE,FALSE,FALSE,2025-07-22,agency,208389
LS-03732,Douala,Makepe,apartment,2,3,58.9,3,3,TRUE,TRUE,FALSE,FALSE,FALSE,2026-07-10,agency,217080
LS-00521,Yaounde,Bastos,chambre moderne,1,2,62.8,1,0,FALSE,TRUE,TRUE,FALSE,TRUE,2026-01-23,agency,206753
LS-02763,Yaounde,Golf,villa,1,2,48.6,10,3,FALSE,TRUE,TRUE,FALSE,TRUE,04/08/2026,portal,128707
LS-00622,Douala,New Bell,apartment,1,1,43.1,10,1,FALSE,FALSE,FALSE,FALSE,FALSE,29/04/2026,agency,68623
LS-01363,Douala,Bonamoussadi,villa,1,1,38.6,20,1,TRUE,FALSE,TRUE,FALSE,FALSE,2026-01-13,agency,79660
LS-03612,Yaounde,Mvan,apartment,3,2,97.8,24,4,FALSE,FALSE,FALSE,FALSE,FALSE,22/07/2026,agency,94473
LS-02581,Yaounde,Bastos,studio,3,2,109.2,12,0,FALSE,FALSE,FALSE,TRUE,FALSE,23/09/2025,agency,420485
LS-05023,Douala,New Bell,villa,2,2,68.3,19,4,FALSE,TRUE,TRUE,FALSE,FALSE,2026-06-20,informal,"118,059"
LS-04751,Douala,Bonanjo,chambre moderne,2,2,89.6,12,1,FALSE,TRUE,FALSE,FALSE,FALSE,2025-11-26,agency,"353,883"
LS-00171,Douala,Ndokoti,studio,2,3,71.1,0,0,FALSE,FALSE,TRUE,FALSE,FALSE,2025-11-08,portal,198796
LS-02047,Yaounde,Golf,duplex,2,1,78.6,11,4,FALSE,TRUE,FALSE,FALSE,FALSE,2025-11-20,agency,346835
LS-02844,Douala,PK14,apartment,1,1,68.0 m2,17,0,FALSE,FALSE,FALSE,FALSE,FALSE,2026-03-08,informal,
LS-00776,Douala,Ndokoti,duplex,3,3,107.3,17,1,FALSE,FALSE,TRUE,FALSE,FALSE,2025-10-15,agency,333419
LS-01928,Yaounde,Nkolbisson,duplex,1,1,59.9,14,2,FALSE,TRUE,FALSE,FALSE,FALSE,2026-01-07,portal,90603
LS-00397,Douala,Bonapriso,apartment,1,1,54.5,23,0,FALSE,TRUE,TRUE,FALSE,FALSE,06/04/2026,agency,123217
LS-02644,Douala,Logpom,villa,3,3,104.2,29,4,FALSE,TRUE,TRUE,FALSE,TRUE,2025-10-25,portal,414170
LS-00514,Yaounde,Golf,apartment,2,2,67.0,0,3,FALSE,FALSE,TRUE,TRUE,FALSE,2026-03-07,portal,384490
LS-04178,Yaounde,Nkolbisson,duplex,1,2,48.5,5,1,FALSE,FALSE,FALSE,FALSE,FALSE,2026-02-17,agency,86254
LS-03344,Douala,PK14,apartment,2,2,84.0,21,0,FALSE,FALSE,TRUE,FALSE,FALSE,01/02/2026,informal,
LS-03082,Douala,Bonamoussadi,studio,3,2,101.6,10,3,no,TRUE,TRUE,TRUE,FALSE,2025-07-15,agency,274851
LS-01736,Douala,Bepanda,chambre moderne,1,1,40.5,29,0,FALSE,FALSE,FALSE,FALSE,TRUE,27/06/2026,agency,50408
LS-02621,Douala,PK14,villa,2,1,82.6,2,2,FALSE,FALSE,FALSE,FALSE,FALSE,2026-06-10,informal,113688
LS-00957,Douala,Ndokoti,apartment,1,2,41.8,16,0,TRUE,FALSE,FALSE,FALSE,FALSE,2026-07-04,informal,
LS-03663,Douala,Bepanda,chambre moderne,3,2,103.0,11,1,FALSE,FALSE,TRUE,FALSE,FALSE,2026-02-23,portal,334468
LS-01169,Douala,New Bell,apartment,1,2,40.5,10,2,TRUE,FALSE,FALSE,FALSE,FALSE,2026-05-18,agency,80527
LS-00914,Douala,New Bell,apartment,2,3,67.6,19,0,FALSE,FALSE,FALSE,FALSE,FALSE,2025-10-17,informal,
LS-01706,Yaounde,Biyem-Assi,studio,3,2,101.3,17,2,no,FALSE,TRUE,FALSE,FALSE,2026-05-05,portal,386161
LS-06099,Douala,PK14,duplex,2,2,85.5,14,1,FALSE,FALSE,TRUE,FALSE,FALSE,2026-04-15,portal,111575
LS-01063,Douala,PK14,apartment,1,1,51.8,0,0,FALSE,FALSE,TRUE,FALSE,FALSE,2026-03-16,agency,81592
LS-03905,Yaounde,Etoudi,apartment,1,1,19.6,12,1,FALSE,FALSE,FALSE,FALSE,FALSE,2026-06-11,informal,63212
LS-02922,Yaounde,Etoudi,apartment,4,3,123.0,10,0,FALSE,TRUE,TRUE,FALSE,TRUE,2025-09-04,agency,629281
LS-01429,Douala,Makepe,villa,3,2,116.6,21,0,FALSE,TRUE,TRUE,TRUE,TRUE,2025-11-25,portal,553525
LS-02909,Douala,Ndokoti,apartment,4,4,124.7,26,4,FALSE,FALSE,FALSE,FALSE,TRUE,2025-10-15,agency,371092
LS-00529,Yaounde,Nkolbisson,studio,4,4,133.3,14,4,TRUE,FALSE,FALSE,TRUE,FALSE,2026-02-25,agency,481078
LS-03066,Yaounde,Mendong,apartment,2,2,76.3,20,1,no,FALSE,FALSE,FALSE,FALSE,2025-09-27,agency,110124
LS-05815,Douala,Ndokoti,apartment,3,2,78.3,1,0,FALSE,FALSE,FALSE,FALSE,FALSE,2025-08-11,portal,141722
LS-04676,Douala,Bonaberi,duplex,2,2,89.7,13,0,FALSE,FALSE,FALSE,FALSE,FALSE,2026-01-31,agency,136104
LS-02417,Douala,Makepe,apartment,3,3,115.4,24,3,TRUE,FALSE,TRUE,FALSE,FALSE,2026-07-15,portal,393810
LS-03201,Yaounde,Nsam,apartment,0,1,16.2 m2,1,0,FALSE,TRUE,TRUE,FALSE,FALSE,2026-06-09,agency,52756
LS-01253,Douala,Deido,apartment,1,2,34.5,29,3,FALSE,FALSE,FALSE,FALSE,FALSE,09/08/2026,portal,75742
LS-03196,Yaounde,Nsam,apartment,1,2,47.9,14,1,FALSE,FALSE,FALSE,FALSE,FALSE,2026-05-30,portal,86661
LS-01719,Yaounde,Mvog-Betsi,apartment,2,3,81.5,0,1,TRUE,FALSE,TRUE,FALSE,FALSE,02/09/2025,portal,173418
LS-05731,Yaounde,Bastos,villa,0,1,32.5,27,0,TRUE,TRUE,TRUE,TRUE,FALSE,2025-12-06,informal,112595
LS-04767,Douala,Akwa,apartment,1,1,45.1,29,1,FALSE,FALSE,TRUE,FALSE,FALSE,18/08/2026,agency,129745
LS-00458,Douala,Bepanda,chambre moderne,4,3,128.0,11,0,FALSE,FALSE,FALSE,FALSE,FALSE,2025-10-03,portal,566593
LS-02213,Yaounde,Biyem-Assi,apartment,1,2,52.3,12,0,FALSE,FALSE,FALSE,TRUE,FALSE,2025-10-04,agency,119100
LS-06068,Douala,Makepe,apartment,2,1,63.9,16,2,FALSE,FALSE,TRUE,FALSE,TRUE,2026-02-19,agency,181291
LS-03802,Douala,Bonamoussadi,duplex,1,1,31.0,11,2,FALSE,FALSE,FALSE,FALSE,FALSE,2026-01-19,informal,
LS-01749,Yaounde,Mvog-Betsi,apartment,1,2,58.7,18,0,FALSE,TRUE,TRUE,FALSE,FALSE,28/05/2026,agency,77746
LS-01477,Douala,Makepe,apartment,4,2,104.3,14,1,TRUE,FALSE,FALSE,FALSE,FALSE,2026-03-06,informal,307323
LS-06149,Yaounde,Omnisport,villa,3,2,119.8,7,0,TRUE,TRUE,FALSE,FALSE,FALSE,2025-08-22,agency,243958
LS-04467,Douala,Bonaberi,studio,4,3,135.1,14,0,FALSE,FALSE,FALSE,FALSE,FALSE,2026-04-01,informal,348165
LS-03627,Douala,PK14,duplex,1,1,48.1,5,0,FALSE,TRUE,TRUE,FALSE,FALSE,12/01/2026,portal,54193
LS-03077,Yaounde,Mendong,apartment,1,2,53.1,12,3,FALSE,TRUE,FALSE,TRUE,FALSE,2025-10-19,agency,115343
LS-05736,Douala,Deido,chambre moderne,0,1,28.4,13,0,no,TRUE,TRUE,FALSE,FALSE,2026-02-01,agency,"71,946"
LS-03351,Douala,PK14,apartment,2,2,86.9,24,0,FALSE,FALSE,TRUE,FALSE,FALSE,2025-09-20,informal,
LS-01802,Douala,Bonamoussadi,villa,2,2,75.5,3,3,TRUE,TRUE,TRUE,TRUE,FALSE,2025-12-07,informal,199728
LS-05495,Douala,Bonaberi,villa,2,1,68.1,0,4,FALSE,TRUE,FALSE,TRUE,FALSE,2025-08-25,agency,129448
LS-04847,Douala,Bepanda,villa,1,2,31.5 m2,15,3,FALSE,TRUE,FALSE,TRUE,FALSE,2026-08-02,portal,122730
LS-03379,Yaounde,Etoudi,villa,1,2,41.9,26,1,FALSE,FALSE,FALSE,FALSE,FALSE,2025-10-04,agency,91049
LS-04728,Yaounde,Mvog-Betsi,villa,4,3,138.0,3,0,FALSE,TRUE,FALSE,FALSE,FALSE,2025-11-07,agency,475645
LS-03452,Douala,Logpom,chambre moderne,1,2,51.3,14,2,FALSE,FALSE,TRUE,TRUE,TRUE,2025-12-09,informal,145520
LS-01526,Yaounde,Omnisport,villa,5,3,141.0,9,1,FALSE,TRUE,TRUE,FALSE,FALSE,2026-05-20,portal,659517
LS-00866,Douala,Akwa,chambre moderne,1,2,47.2,3,0,TRUE,TRUE,FALSE,FALSE,FALSE,2025-12-31,portal,160305
LS-05688,Yaounde,Golf,apartment,3,2,105.7,23,0,TRUE,TRUE,TRUE,FALSE,FALSE,2025-07-06,portal,315291
LS-05816,Douala,Logpom,villa,3,3,98.3,19,1,FALSE,FALSE,FALSE,FALSE,FALSE,2026-07-12,portal,168820
LS-04325,Yaounde,Nkolbisson,villa,2,2,67.0,3,3,FALSE,FALSE,FALSE,FALSE,FALSE,2025-07-03,agency,93022
LS-05134,Yaounde,Bastos,duplex,2,1,57.3,0,2,TRUE,FALSE,TRUE,TRUE,FALSE,2025-12-11,agency,251716
LS-03173,Yaounde,Mimboman,apartment,2,2,68.2,5,4,FALSE,FALSE,FALSE,TRUE,FALSE,2025-07-06,portal,66338
LS-04054,Yaounde,Mendong,studio,0,1,22.8,0,1,FALSE,FALSE,FALSE,TRUE,FALSE,2025-08-24,agency,43729
LS-02524,Douala,Deido,villa,1,2,41.3,26,2,FALSE,FALSE,FALSE,TRUE,FALSE,03/02/2026,agency,117606
LS-02809,Yaounde,Biyem-Assi,studio,0,1,14.0,24,2,FALSE,TRUE,TRUE,FALSE,FALSE,2026-02-14,portal,53436
LS-03817,Yaounde,Mvog-Betsi,studio,0,1,14.0,5,2,FALSE,FALSE,TRUE,FALSE,FALSE,2025-12-27,informal,60319
LS-00234,Douala,Bonaberi,apartment,3,2,87.8,22,3,FALSE,FALSE,FALSE,FALSE,FALSE,2026-08-02,portal,134148
LS-04753,Yaounde,Nsam,apartment,3,3,103.7,28,3,FALSE,FALSE,FALSE,FALSE,FALSE,21/07/2026,agency,203073
LS-01837,Douala,PK14,apartment,0,1,36.4,0,1,FALSE,FALSE,FALSE,FALSE,FALSE,2026-04-25,agency,"83,261"
LS-05866,Yaounde,Nsam,apartment,4,4,117.5,17,1,FALSE,TRUE,FALSE,FALSE,FALSE,05/04/2026,portal,323758
LS-00179,Douala,Bonanjo,chambre moderne,2,2,67.5,13,1,FALSE,TRUE,TRUE,TRUE,FALSE,2026-04-06,portal,293257
LS-02483,Douala,Deido,apartment,3,3,88.0,26,2,FALSE,TRUE,FALSE,FALSE,FALSE,2025-12-30,agency,201812
LS-05409,Yaounde,Mendong,studio,4,3,128.5,26,0,FALSE,FALSE,FALSE,FALSE,TRUE,2025-11-11,informal,414749
LS-00596,Douala,Ndokoti,apartment,3,3,112.0,0,4,TRUE,FALSE,FALSE,FALSE,FALSE,2026-02-17,informal,217958
LS-02461,Yaounde,Omnisport,apartment,1,2,60.6,20,0,TRUE,FALSE,FALSE,FALSE,FALSE,2026-06-21,informal,126285
LS-02200,Yaounde,Mendong,studio,5,3,149.2,0,1,FALSE,FALSE,FALSE,FALSE,FALSE,2026-02-09,portal,533035
LS-05795,Yaounde,Mendong,chambre moderne,2,2,65.0,5,3,FALSE,FALSE,FALSE,FALSE,FALSE,06/06/2026,agency,93858
LS-01102,Douala,Logpom,apartment,4,3,122.0,7,1,FALSE,FALSE,TRUE,FALSE,FALSE,03/07/2026,agency,455718
LS-05340,Yaounde,Mvog-Betsi,apartment,1,2,61.3,21,0,FALSE,TRUE,TRUE,TRUE,FALSE,2026-06-12,portal,122567
LS-00982,Yaounde,Golf,villa,2,2,61.9,29,3,FALSE,FALSE,FALSE,TRUE,TRUE,18/01/2026,agency,145235
LS-05357,Yaounde,Mvog-Betsi,villa,3,4,88.3,45,1,FALSE,FALSE,FALSE,TRUE,FALSE,03/07/2025,agency,169739
LS-02018,Douala,New Bell,apartment,1,2,51.9,1,3,TRUE,FALSE,FALSE,FALSE,FALSE,2025-09-14,portal,100892
LS-01948,Yaounde,Mendong,chambre moderne,4,2,128.4,15,0,FALSE,TRUE,FALSE,FALSE,FALSE,2025-08-23,informal,356431
LS-01016,Douala,Ndokoti,chambre moderne,0,1,57.7,8,4,FALSE,FALSE,TRUE,FALSE,FALSE,2025-09-18,agency,369563
LS-01228,Douala,Akwa,apartment,2,1,80.5,5,2,TRUE,TRUE,TRUE,TRUE,FALSE,2025-08-15,agency,164567
LS-04956,Douala,Bonapriso,apartment,0,1,14.0,0,1,FALSE,FALSE,FALSE,TRUE,FALSE,2025-11-30,informal,
LS-05843,Yaounde,Golf,studio,2,1,75.8,7,1,TRUE,FALSE,FALSE,FALSE,TRUE,2025-11-30,agency,175465
LS-00802,Douala,Bonamoussadi,duplex,0,1,14.7,13,4,TRUE,TRUE,FALSE,TRUE,TRUE,2026-01-19,agency,106190
LS-04044,Douala,Bepanda,duplex,4,2,147.6,21,1,FALSE,FALSE,FALSE,FALSE,FALSE,2025-08-17,agency,342183
LS-05892,Douala,Bonapriso,apartment,1,2,60.3,11,0,TRUE,FALSE,TRUE,TRUE,FALSE,2026-07-28,informal,
LS-01465,Douala,Bepanda,studio,1,2,52.1,0,0,FALSE,FALSE,FALSE,FALSE,FALSE,2026-06-15,agency,67768
LS-03552,Yaounde,Bastos,chambre moderne,0,1,19.8,21,1,TRUE,FALSE,TRUE,TRUE,FALSE,2026-02-02,informal,"80,708"
LS-00610,Yaounde,Nsam,apartment,3,3,105.4,0,3,FALSE,FALSE,FALSE,FALSE,FALSE,2025-07-24,portal,233470
LS-02455,Douala,Logpom,apartment,3,1,109.1,7,0,FALSE,TRUE,FALSE,FALSE,FALSE,2025-08-10,portal,"371,064"
LS-05970,Douala,Logpom,apartment,5,3,153.3,7,3,FALSE,TRUE,TRUE,FALSE,FALSE,2026-05-23,portal,483779
LS-00727,Yaounde,Etoudi,apartment,0,1,35.2,0,0,TRUE,FALSE,FALSE,FALSE,FALSE,2025-07-01,portal,91824
LS-05349,Yaounde,Biyem-Assi,studio,2,3,67.2,5,2,FALSE,FALSE,FALSE,FALSE,FALSE,2025-10-12,agency,205957
LS-02647,Yaounde,Bastos,studio,2,2,69.1,16,1,TRUE,FALSE,TRUE,FALSE,FALSE,2025-08-25,portal,252099
LS-02755,Yaounde,Etoudi,apartment,2,3,74.3,24,1,FALSE,FALSE,TRUE,FALSE,FALSE,2026-04-21,informal,
LS-02091,Douala,Bonamoussadi,chambre moderne,2,1,69.9,12,4,no,FALSE,FALSE,FALSE,FALSE,2026-04-25,agency,132137
LS-03676,Douala,Deido,duplex,3,2,93.1,12,3,FALSE,TRUE,TRUE,FALSE,TRUE,2025-11-04,agency,202127
LS-01584,Douala,New Bell,chambre moderne,3,3,103.9,26,1,FALSE,TRUE,TRUE,FALSE,FALSE,2025-10-24,informal,168534
LS-00557,Yaounde,Nkolbisson,villa,2,1,91.8 m2,25,4,no,FALSE,FALSE,FALSE,FALSE,12/07/2025,agency,119923
LS-00236,Douala,Bonamoussadi,villa,2,1,89.0,9,2,FALSE,FALSE,FALSE,TRUE,TRUE,2026-08-09,agency,200683
LS-01829,Douala,Akwa,studio,4,3,143.4,23,0,FALSE,FALSE,FALSE,TRUE,FALSE,2025-09-20,agency,793831
LS-05558,Douala,Bonaberi,apartment,3,3,91.9,11,0,FALSE,FALSE,TRUE,FALSE,FALSE,2026-01-23,agency,239167
LS-02966,Douala,Ndokoti,villa,1,2,27.4,23,4,FALSE,FALSE,TRUE,FALSE,FALSE,2026-07-25,agency,56565
LS-00771,Douala,Ndokoti,apartment,2,2,77.1,14,3,FALSE,FALSE,FALSE,FALSE,FALSE,2025-07-01,informal,122111
LS-04088,Yaounde,Emana,apartment,1,2,57.8,8,1,no,FALSE,TRUE,FALSE,FALSE,2026-07-19,agency,88618
LS-00333,Douala,New Bell,apartment,3,2,76.3,10,1,FALSE,FALSE,FALSE,FALSE,FALSE,03/09/2025,agency,"171,231"
LS-00472,Yaounde,Omnisport,villa,1,2,48.8,15,0,FALSE,TRUE,TRUE,TRUE,FALSE,2026-03-17,agency,172356
LS-02030,Yaounde,Golf,villa,0,1,31.3 m2,12,3,FALSE,TRUE,TRUE,FALSE,TRUE,10/11/2025,agency,110752
LS-05594,Douala,Bonaberi,apartment,2,2,50.0,27,0,FALSE,FALSE,FALSE,FALSE,FALSE,2025-07-31,informal,116766
LS-03097,Yaounde,Mendong,apartment,3,3,109.2,18,0,TRUE,FALSE,FALSE,FALSE,FALSE,2026-02-10,informal,347942
LS-05809,Douala,Akwa,villa,1,2,48.3,8,0,TRUE,FALSE,TRUE,TRUE,FALSE,2025-08-07,informal,119237
LS-02709,Yaounde,Nkolbisson,apartment,1,1,64.6,26,4,FALSE,FALSE,FALSE,FALSE,TRUE,2025-11-29,agency,88986
LS-04850,Douala,Ndokoti,studio,1,1,56.2,8,0,FALSE,FALSE,FALSE,FALSE,FALSE,2026-01-04,informal,70876
LS-01951,Yaounde,Nsam,apartment,2,2,72.5,15,4,FALSE,FALSE,FALSE,FALSE,TRUE,16/11/2025,agency,136001
LS-04542,Douala,New Bell,villa,3,2,119.4,9,0,FALSE,FALSE,TRUE,FALSE,FALSE,2026-08-02,agency,222171
LS-03879,Douala,New Bell,apartment,2,2,70.8,29,3,TRUE,FALSE,TRUE,FALSE,FALSE,2026-04-10,agency,126737
LS-05466,Douala,Bonaberi,studio,1,1,56.6,13,2,FALSE,TRUE,TRUE,FALSE,FALSE,2025-10-15,agency,121229
LS-02238,Douala,Bonapriso,chambre moderne,3,3,76.5,18,1,FALSE,TRUE,TRUE,FALSE,TRUE,2025-11-19,informal,
LS-01066,Douala,Bonamoussadi,studio,2,2,79.5,16,3,FALSE,FALSE,FALSE,FALSE,TRUE,2026-07-30,informal,157557
LS-00288,Douala,Bepanda,apartment,2,2,74.0,17,2,FALSE,FALSE,FALSE,FALSE,FALSE,2025-10-04,agency,125560
LS-00228,Yaounde,Bastos,apartment,0,1,14.0,6,1,yes,TRUE,TRUE,TRUE,FALSE,2026-05-15,portal,184861
LS-05188,Douala,Bonaberi,apartment,3,3,100.4,21,1,FALSE,FALSE,FALSE,FALSE,FALSE,2026-05-21,agency,179524
LS-05939,Douala,Bonamoussadi,apartment,1,1,39.2,15,2,FALSE,TRUE,TRUE,TRUE,FALSE,05/03/2026,portal,146839
LS-03923,Douala,PK14,apartment,1,1,56.5,17,3,FALSE,FALSE,TRUE,FALSE,FALSE,2026-05-21,portal,73237
LS-01108,Douala,Makepe,chambre moderne,3,2,98.6,23,0,FALSE,TRUE,FALSE,FALSE,TRUE,2026-04-22,agency,277207
LS-03236,Douala,Bonaberi,duplex,4,4,104.8,15,2,FALSE,FALSE,TRUE,FALSE,FALSE,2025-10-30,agency,337501
LS-02666,Douala,PK14,studio,3,2,110.9,15,4,FALSE,FALSE,FALSE,FALSE,FALSE,2025-12-31,agency,159501
LS-03114,Douala,Bonanjo,duplex,2,2,60.6,13,1,TRUE,FALSE,TRUE,TRUE,FALSE,2026-01-12,informal,216509
LS-00094,Douala,Akwa,apartment,0,1,34.4 m2,18,0,no,TRUE,TRUE,TRUE,FALSE,2026-07-26,agency,97370
LS-01382,Yaounde,Nsam,studio,1,1,55.4,27,0,FALSE,FALSE,FALSE,FALSE,FALSE,2026-07-18,agency,59593
LS-02574,Douala,New Bell,duplex,3,3,105.1,17,2,FALSE,FALSE,FALSE,FALSE,FALSE,2026-04-05,portal,261435
LS-04056,Douala,Bonanjo,apartment,3,2,82.2,1,0,TRUE,TRUE,TRUE,TRUE,TRUE,04/11/2025,agency,372354
LS-02060,Yaounde,Omnisport,villa,2,2,67.4,7,4,TRUE,FALSE,TRUE,TRUE,FALSE,2026-04-30,portal,263405
LS-03193,Douala,PK14,chambre moderne,1,1,54.4,6,0,FALSE,TRUE,FALSE,FALSE,FALSE,2026-06-30,agency,70956
LS-03601,Douala,Deido,studio,1,1,53.7,9,1,TRUE,TRUE,FALSE,FALSE,FALSE,2025-09-18,portal,118217
LS-02899,Douala,Akwa,apartment,1,1,49.2,15,0,FALSE,FALSE,TRUE,FALSE,TRUE,2025-11-25,portal,116839
LS-01096,Douala,Deido,apartment,3,2,103.6,8,0,TRUE,FALSE,TRUE,FALSE,FALSE,2025-09-26,informal,331605
LS-01321,Douala,PK14,apartment,2,2,86.9,17,1,FALSE,FALSE,TRUE,FALSE,FALSE,2025-10-31,informal,139594
LS-03707,Yaounde,Biyem-Assi,studio,1,2,67.7,29,0,FALSE,FALSE,FALSE,FALSE,FALSE,2025-10-29,portal,56837
LS-04807,Yaounde,Biyem-Assi,apartment,4,3,135.3,20,3,FALSE,FALSE,FALSE,FALSE,FALSE,2026-06-04,agency,629804
LS-02221,Douala,Ndokoti,apartment,1,2,52.3,5,0,TRUE,FALSE,FALSE,FALSE,FALSE,2025-07-24,agency,105747
LS-02877,Douala,Bonapriso,apartment,0,1,14.0,0,3,TRUE,TRUE,TRUE,TRUE,FALSE,2025-10-10,informal,121622
LS-00592,Yaounde,Mimboman,studio,2,3,66.0,7,0,FALSE,FALSE,TRUE,FALSE,FALSE,2026-05-01,informal,116429
LS-04190,Douala,Logpom,villa,2,2,79.5,18,4,FALSE,FALSE,FALSE,FALSE,TRUE,16/10/2025,informal,
LS-04254,Douala,Bonaberi,villa,3,2,98.8,0,3,TRUE,FALSE,TRUE,FALSE,FALSE,10/12/2025,agency,160655
LS-02011,Douala,Ndokoti,apartment,1,2,66.1,0,1,FALSE,FALSE,FALSE,FALSE,FALSE,2025-11-11,agency,53334
LS-05161,Douala,Ndokoti,duplex,0,1,31.5,11,3,TRUE,FALSE,FALSE,FALSE,TRUE,2025-11-25,portal,64511
LS-01318,Yaounde,Emana,apartment,4,3,154.0,6,0,FALSE,FALSE,FALSE,FALSE,FALSE,23/07/2026,agency,459987
LS-01610,Yaounde,Biyem-Assi,duplex,2,2,65.6,6,1,TRUE,FALSE,FALSE,FALSE,FALSE,2025-10-07,agency,"151,290"
LS-04051,Douala,Makepe,chambre moderne,2,2,81.6,0,1,TRUE,FALSE,FALSE,TRUE,FALSE,2026-02-02,agency,265496
LS-05049,Douala,Bonapriso,duplex,3,2,118.0,22,4,FALSE,TRUE,TRUE,FALSE,FALSE,05/06/2026,agency,560128
LS-05584,Douala,Bonanjo,apartment,3,3,88.5,9,0,FALSE,TRUE,TRUE,FALSE,FALSE,2026-07-04,agency,396310
LS-00256,Douala,Makepe,apartment,2,2,73.2,21,0,TRUE,FALSE,TRUE,FALSE,TRUE,2025-11-30,portal,374824
LS-00262,Douala,Bepanda,apartment,3,2,77.9 m2,24,3,TRUE,TRUE,FALSE,FALSE,TRUE,2026-04-17,informal,
LS-04004,Douala,Deido,apartment,0,1,20.7,5,1,FALSE,FALSE,FALSE,FALSE,FALSE,20/09/2025,agency,66229
LS-03079,Yaounde,Nsam,chambre moderne,2,2,60.4,15,3,FALSE,FALSE,FALSE,FALSE,FALSE,2025-08-11,agency,"176,113"
LS-04504,Douala,Bonanjo,villa,3,2,101.9,12,2,TRUE,TRUE,FALSE,TRUE,TRUE,2025-11-05,portal,359129
LS-00520,Douala,Bonapriso,apartment,2,3,74.1,10,1,TRUE,FALSE,TRUE,TRUE,FALSE,16/03/2026,portal,295469
LS-03861,Yaounde,Omnisport,chambre moderne,3,3,93.0,7,4,FALSE,TRUE,TRUE,FALSE,TRUE,14/05/2026,agency,395940
LS-01239,Douala,Ndokoti,chambre moderne,3,2,120.6,7,4,TRUE,FALSE,FALSE,TRUE,FALSE,2026-07-09,informal,212136
LS-00390,Douala,Bonamoussadi,apartment,3,2,111.5,9,3,FALSE,FALSE,FALSE,FALSE,FALSE,2026-01-16,agency,603928
LS-00023,Yaounde,Omnisport,duplex,3,2,100.2,20,0,FALSE,FALSE,FALSE,TRUE,FALSE,2026-01-13,agency,234995
LS-05608,Yaounde,Bastos,duplex,2,2,57.9,10,0,TRUE,TRUE,TRUE,TRUE,TRUE,2026-07-24,agency,273478
LS-01322,Douala,New Bell,apartment,1,1,49.9,12,4,FALSE,TRUE,FALSE,FALSE,FALSE,2025-12-24,agency,83120
LS-00560,Douala,Makepe,chambre moderne,2,2,45.8,15,3,TRUE,TRUE,FALSE,FALSE,TRUE,2026-08-20,agency,101858
LS-02079,Douala,Makepe,chambre moderne,2,2,65.3,12,3,FALSE,FALSE,TRUE,FALSE,FALSE,2025-11-25,agency,202508
LS-00067,Yaounde,Etoudi,apartment,2,1,58.7,17,3,FALSE,FALSE,FALSE,FALSE,FALSE,2026-03-12,portal,109619
LS-03507,Yaounde,Mimboman,duplex,2,2,71.2,5,1,FALSE,FALSE,FALSE,FALSE,FALSE,2026-08-01,agency,115514
LS-00934,Yaounde,Mendong,apartment,3,3,96.4,21,4,FALSE,FALSE,FALSE,FALSE,FALSE,2025-08-06,informal,
LS-02217,Yaounde,Golf,apartment,3,3,112.6,18,3,FALSE,TRUE,TRUE,TRUE,FALSE,14/09/2025,agency,396193
LS-03238,Douala,New Bell,villa,2,2,53.9,20,3,FALSE,FALSE,FALSE,FALSE,FALSE,2026-05-11,agency,85987
LS-04232,Yaounde,Mimboman,studio,4,3,135.4,39,2,FALSE,FALSE,FALSE,FALSE,FALSE,2025-11-28,agency,294659
LS-00588,Douala,Bonapriso,duplex,1,1,58.0,14,2,FALSE,TRUE,FALSE,TRUE,FALSE,2025-12-18,portal,173648
LS-04288,Yaounde,Bastos,apartment,2,2,68.4,14,2,TRUE,FALSE,TRUE,FALSE,FALSE,2026-03-18,portal,184856
LS-03162,Douala,Bonaberi,apartment,2,2,203.0,24,1,FALSE,FALSE,FALSE,TRUE,FALSE,2026-06-01,portal,392340
LS-01963,Douala,Bonanjo,apartment,3,2,80.4,13,1,TRUE,FALSE,TRUE,FALSE,FALSE,2026-06-20,portal,196727
LS-01742,Douala,Deido,duplex,3,2,102.5,23,1,no,FALSE,FALSE,FALSE,TRUE,2026-02-03,portal,319218
LS-06054,Douala,Bonapriso,chambre moderne,2,3,70.0,4,1,FALSE,FALSE,FALSE,FALSE,FALSE,2026-05-11,informal,
LS-02546,Douala,Logpom,apartment,5,5,135.5,21,0,FALSE,FALSE,TRUE,TRUE,FALSE,02/09/2025,agency,894764
LS-02764,Yaounde,Emana,villa,2,2,76.7,21,2,TRUE,FALSE,FALSE,FALSE,FALSE,2026-04-29,portal,129669
LS-06028,Douala,PK14,duplex,0,1,14.0 m2,4,0,FALSE,FALSE,FALSE,FALSE,FALSE,2025-09-26,portal,47834
LS-00214,Douala,PK14,apartment,0,1,44.4,28,0,FALSE,TRUE,TRUE,FALSE,FALSE,2025-07-19,informal,40249
LS-01748,Yaounde,Emana,villa,3,2,103.7,15,0,FALSE,FALSE,FALSE,FALSE,FALSE,2026-04-13,agency,171347
LS-03143,Douala,PK14,studio,1,1,37.7,12,1,FALSE,FALSE,FALSE,FALSE,FALSE,2026-02-08,agency,"56,402"
LS-01227,Yaounde,Mendong,studio,1,1,36.0,2,0,FALSE,FALSE,FALSE,FALSE,FALSE,20/01/2026,informal,102562
LS-04723,Douala,PK14,villa,3,2,102.7,23,0,FALSE,FALSE,TRUE,FALSE,FALSE,2026-02-16,agency,205928
LS-02801,Yaounde,Etoudi,apartment,2,1,82.5,3,2,FALSE,FALSE,FALSE,FALSE,FALSE,20/01/2026,portal,193144
LS-02602,Yaounde,Emana,duplex,2,3,80.3,5,1,FALSE,FALSE,FALSE,FALSE,FALSE,05/07/2026,agency,136415
LS-00368,Douala,Akwa,villa,4,3,131.6,12,3,TRUE,FALSE,TRUE,FALSE,FALSE,2025-10-08,agency,532284
LS-00942,Douala,Bonamoussadi,villa,3,3,90.8 m2,14,2,TRUE,FALSE,TRUE,FALSE,FALSE,2025-10-08,portal,375310
LS-02249,Douala,Makepe,apartment,1,2,58.6,13,0,yes,TRUE,TRUE,FALSE,FALSE,10/12/2025,portal,168848
LS-02149,Yaounde,Mvan,apartment,1,1,26.2,17,1,TRUE,FALSE,FALSE,FALSE,FALSE,2026-03-05,agency,49969
LS-02005,Douala,Ndokoti,villa,0,1,26.3,13,0,TRUE,FALSE,FALSE,FALSE,FALSE,2026-05-20,agency,45017
LS-03011,Douala,Bonapriso,chambre moderne,2,2,357.3,9,1,TRUE,FALSE,TRUE,FALSE,FALSE,2026-02-05,agency,1572054
LS-04916,Yaounde,Omnisport,apartment,5,3,137.4,18,0,FALSE,TRUE,TRUE,FALSE,TRUE,2025-12-03,agency,439166
LS-01029,Douala,Logpom,apartment,2,2,61.3,17,1,FALSE,FALSE,FALSE,FALSE,FALSE,25/05/2026,agency,182429
LS-00605,Douala,Makepe,chambre moderne,2,2,65.3,17,0,FALSE,FALSE,FALSE,FALSE,FALSE,2025-08-21,portal,104909
LS-00735,Yaounde,Bastos,apartment,3,3,106.2,29,1,TRUE,FALSE,FALSE,TRUE,FALSE,2025-11-05,informal,
LS-04371,Yaounde,Mimboman,apartment,1,2,46.1,15,1,FALSE,TRUE,FALSE,FALSE,FALSE,05/01/2026,informal,61865
LS-04059,Yaounde,Mvan,apartment,1,2,42.2,17,2,TRUE,FALSE,FALSE,FALSE,FALSE,2025-07-04,agency,"78,469"
LS-03491,Douala,Ndokoti,chambre moderne,4,2,133.7,8,0,FALSE,FALSE,TRUE,FALSE,FALSE,2026-04-12,agency,311065
LS-03118,Yaounde,Mvan,apartment,2,2,77.2,30,4,FALSE,FALSE,TRUE,FALSE,FALSE,2026-05-18,portal,100471
LS-00373,Yaounde,Nkolbisson,apartment,1,1,41.4,0,1,FALSE,FALSE,FALSE,FALSE,FALSE,2026-08-14,agency,71900
LS-03437,Yaounde,Mvog-Betsi,studio,3,2,83.8,0,0,FALSE,FALSE,FALSE,FALSE,FALSE,2025-10-04,informal,187977
LS-00108,Yaounde,Golf,villa,0,1,33.9,13,1,TRUE,FALSE,FALSE,FALSE,TRUE,2025-10-28,agency,132033
LS-04813,Douala,Makepe,apartment,3,2,104.4,16,4,FALSE,FALSE,TRUE,TRUE,FALSE,2025-07-10,portal,360839
LS-03899,Douala,Akwa,studio,2,2,86.0,18,2,TRUE,FALSE,TRUE,FALSE,TRUE,05/01/2026,informal,
LS-02040,Yaounde,Mendong,apartment,1,1,55.2,19,3,TRUE,FALSE,TRUE,TRUE,FALSE,30/11/2025,agency,72257
LS-01586,Douala,PK14,duplex,1,1,47.5,11,3,FALSE,FALSE,FALSE,FALSE,FALSE,2025-08-06,informal,
LS-03509,Douala,New Bell,villa,3,3,89.6,0,2,FALSE,FALSE,FALSE,FALSE,FALSE,2025-11-21,agency,180992
LS-00244,Yaounde,Nkolbisson,chambre moderne,0,1,40.2,1,4,FALSE,TRUE,TRUE,FALSE,FALSE,2026-03-08,informal,62285
LS-00483,Yaounde,Mvog-Betsi,duplex,3,3,104.2,5,1,FALSE,FALSE,FALSE,FALSE,FALSE,2025-08-31,portal,360918
LS-02796,Douala,Makepe,apartment,1,1,45.0,0,1,FALSE,TRUE,TRUE,FALSE,FALSE,15/01/2026,agency,190992
LS-05378,Douala,Bonaberi,chambre moderne,2,3,84.6,2,3,FALSE,FALSE,TRUE,FALSE,FALSE,2026-02-10,informal,
LS-03103,Yaounde,Mvan,studio,1,1,40.5,0,2,FALSE,FALSE,TRUE,FALSE,FALSE,2026-06-13,agency,131109
LS-03047,Yaounde,Etoudi,apartment,3,2,87.1,14,0,TRUE,FALSE,TRUE,FALSE,TRUE,2025-11-05,agency,151379
LS-03820,Yaounde,Mvan,apartment,2,3,86.8,12,1,FALSE,FALSE,TRUE,FALSE,FALSE,2026-03-03,portal,"124,441"
LS-00224,Yaounde,Golf,apartment,1,2,61.1,18,4,TRUE,TRUE,TRUE,TRUE,FALSE,2026-06-04,informal,
LS-02376,Douala,Bonapriso,duplex,0,1,15.0,1,4,yes,FALSE,TRUE,TRUE,FALSE,20/01/2026,agency,108081
LS-05693,Yaounde,Mvog-Betsi,chambre moderne,3,2,117.9,32,0,TRUE,FALSE,TRUE,FALSE,FALSE,2025-09-18,agency,335575
LS-04696,Douala,Bonapriso,villa,3,2,100.1,6,4,TRUE,FALSE,TRUE,TRUE,FALSE,2025-10-09,portal,568536
LS-02936,Yaounde,Mendong,apartment,3,3,120.6,19,0,FALSE,FALSE,FALSE,FALSE,FALSE,2026-02-01,agency,250330
LS-01598,Douala,Logpom,chambre moderne,4,3,131.3,11,0,FALSE,TRUE,FALSE,TRUE,FALSE,2026-05-18,agency,519366
LS-02917,Yaounde,Mvog-Betsi,studio,2,2,77.1,20,1,FALSE,FALSE,FALSE,FALSE,FALSE,2025-09-19,informal,210983
LS-04357,Yaounde,Mvan,villa,2,1,67.4,13,4,FALSE,TRUE,TRUE,FALSE,FALSE,2025-08-14,agency,116502
LS-05276,Douala,PK14,apartment,2,3,70.8,11,0,FALSE,FALSE,FALSE,FALSE,FALSE,2026-04-19,agency,47602
LS-02408,Yaounde,Golf,apartment,1,1,39.9,17,1,TRUE,FALSE,FALSE,TRUE,TRUE,2025-09-16,agency,105238
LS-02430,Yaounde,Mvan,duplex,1,1,65.5,2,3,TRUE,FALSE,FALSE,FALSE,FALSE,2025-08-12,portal,101492
LS-02511,Douala,Bonanjo,apartment,3,2,104.7,19,3,FALSE,FALSE,TRUE,FALSE,TRUE,2025-07-08,agency,618396
LS-01155,Yaounde,Omnisport,villa,1,1,55.9,8,2,FALSE,TRUE,TRUE,FALSE,FALSE,2026-01-06,agency,155396
LS-00238,Douala,Bonamoussadi,chambre moderne,3,2,98.8,30,2,TRUE,TRUE,TRUE,FALSE,FALSE,10/07/2025,portal,300566
LS-03536,Yaounde,Etoudi,apartment,4,3,134.8,22,3,FALSE,FALSE,TRUE,FALSE,FALSE,2026-03-30,agency,465062
LS-01180,Yaounde,Emana,apartment,0,1,25.2,12,4,FALSE,FALSE,FALSE,FALSE,FALSE,2026-02-17,portal,48512
LS-01287,Yaounde,Bastos,villa,2,3,76.0,10,0,FALSE,FALSE,TRUE,FALSE,TRUE,2025-09-28,informal,445565
LS-05490,Douala,Bonamoussadi,duplex,4,3,111.5,16,1,TRUE,TRUE,TRUE,TRUE,FALSE,2025-10-29,agency,418008
LS-02881,Douala,Deido,duplex,1,1,66.7,3,1,FALSE,FALSE,TRUE,FALSE,TRUE,2026-01-17,informal,188248
LS-05917,Yaounde,Mimboman,apartment,3,2,86.0,18,4,FALSE,FALSE,FALSE,FALSE,FALSE,2025-09-02,informal,103345
LS-00591,Douala,Makepe,duplex,3,2,107.9,13,0,FALSE,FALSE,FALSE,FALSE,FALSE,2025-07-13,portal,288170
LS-02039,Douala,Bepanda,chambre moderne,4,3,136.9,33,2,TRUE,TRUE,FALSE,FALSE,FALSE,2026-03-10,informal,
LS-04547,Douala,Bonaberi,apartment,2,1,80.1,21,4,TRUE,TRUE,TRUE,FALSE,FALSE,2025-08-18,portal,124983
LS-02963,Douala,Bonaberi,apartment,2,2,79.6,15,0,FALSE,FALSE,TRUE,TRUE,FALSE,2026-05-27,portal,141614
LS-05982,Yaounde,Mvan,studio,3,2,108.8,12,0,FALSE,FALSE,FALSE,FALSE,TRUE,2025-10-29,informal,
LS-02256,Douala,Makepe,chambre moderne,3,2,95.2,48,4,FALSE,FALSE,FALSE,FALSE,FALSE,2026-07-20,informal,"211,276"
LS-05808,Yaounde,Mvog-Betsi,duplex,2,2,87.9,8,0,FALSE,FALSE,FALSE,TRUE,FALSE,2026-03-23,portal,358681
LS-03745,Douala,Akwa,studio,1,1,44.9,17,3,TRUE,TRUE,FALSE,FALSE,TRUE,2025-08-25,informal,183559
LS-04465,Yaounde,Mvan,villa,3,3,112.0,16,1,FALSE,FALSE,FALSE,FALSE,FALSE,2026-03-30,portal,196470
LS-03183,Yaounde,Nsam,apartment,1,2,39.5,7,1,FALSE,FALSE,FALSE,FALSE,FALSE,2026-07-20,agency,98394
LS-00723,Yaounde,Mvog-Betsi,apartment,3,2,107.9,15,3,no,FALSE,FALSE,FALSE,FALSE,2026-01-21,agency,277561
LS-01851,Yaounde,Bastos,apartment,0,1,14.0,32,1,FALSE,FALSE,TRUE,FALSE,TRUE,2026-04-13,agency,151818
LS-02423,Douala,Ndokoti,studio,2,2,73.4,7,2,FALSE,TRUE,FALSE,FALSE,FALSE,2025-09-23,portal,171067
LS-03230,Douala,Bonanjo,studio,2,2,89.9,41,1,FALSE,TRUE,TRUE,TRUE,FALSE,2025-12-14,agency,245155
LS-04545,Yaounde,Emana,duplex,1,1,47.2,0,1,FALSE,FALSE,TRUE,FALSE,FALSE,10/03/2026,portal,63347
LS-01991,Yaounde,Mimboman,apartment,0,1,30.1,3,4,FALSE,FALSE,FALSE,FALSE,FALSE,2026-04-09,agency,32836
LS-04809,Douala,Makepe,villa,1,2,32.0,27,0,FALSE,FALSE,FALSE,FALSE,FALSE,2026-08-18,agency,85159
LS-04740,Yaounde,Mvan,apartment,1,2,50.5 m2,10,0,no,FALSE,FALSE,FALSE,FALSE,2026-03-07,agency,134167
LS-02829,Yaounde,Biyem-Assi,apartment,2,2,52.9,8,0,FALSE,TRUE,TRUE,FALSE,TRUE,2026-05-11,agency,137389
LS-01849,Yaounde,Bastos,villa,1,1,43.2,0,0,FALSE,FALSE,FALSE,FALSE,FALSE,2025-07-05,informal,239703
LS-00749,Douala,New Bell,villa,3,3,87.4,31,3,FALSE,FALSE,FALSE,FALSE,FALSE,28/07/2025,agency,115590
LS-00612,Yaounde,Mvog-Betsi,apartment,0,1,15.1,20,1,FALSE,FALSE,TRUE,TRUE,TRUE,31/12/2025,agency,69837
LS-04664,Yaounde,Mvog-Betsi,apartment,3,2,120.7,11,3,FALSE,FALSE,TRUE,FALSE,FALSE,2026-04-01,portal,226300
LS-04814,Yaounde,Mvog-Betsi,villa,2,2,73.1,8,1,FALSE,TRUE,FALSE,FALSE,FALSE,26/01/2026,agency,79554
LS-01409,Yaounde,Mendong,apartment,2,2,224.2,28,0,FALSE,FALSE,FALSE,FALSE,FALSE,2026-05-21,agency,513179
LS-05549,Douala,Akwa,apartment,3,2,106.5,5,3,TRUE,FALSE,TRUE,FALSE,TRUE,2026-02-10,informal,
LS-06141,Yaounde,Nkolbisson,apartment,0,1,21.9,28,1,FALSE,FALSE,FALSE,FALSE,FALSE,2025-12-08,portal,33805
LS-01949,Douala,Logpom,chambre moderne,0,1,14.0,8,4,FALSE,TRUE,FALSE,FALSE,FALSE,02/11/2025,agency,49695
LS-00413,Yaounde,Etoudi,studio,1,2,58.1,22,2,FALSE,FALSE,FALSE,FALSE,TRUE,2026-01-30,portal,151797
LS-03738,Douala,Bonaberi,apartment,5,3,147.5,2,3,TRUE,TRUE,FALSE,FALSE,FALSE,2026-05-23,agency,513526
LS-05878,Yaounde,Nkolbisson,duplex,3,2,87.1,10,3,FALSE,FALSE,TRUE,FALSE,FALSE,2025-10-18,portal,131988
LS-02495,Yaounde,Mendong,studio,2,2,79.8,18,0,FALSE,FALSE,FALSE,FALSE,FALSE,2025-11-07,informal,110590
LS-01962,Yaounde,Mimboman,apartment,2,1,61.7,2,0,FALSE,FALSE,TRUE,FALSE,FALSE,2025-10-07,agency,86327
LS-04619,Douala,Logpom,apartment,1,2,54.0,10,1,TRUE,FALSE,FALSE,FALSE,FALSE,2025-12-10,agency,106270
LS-03464,Douala,Ndokoti,villa,2,2,69.8,6,4,FALSE,FALSE,TRUE,FALSE,FALSE,2026-07-08,agency,95285
LS-03408,Douala,Bonapriso,apartment,2,3,83.4 m2,13,0,TRUE,FALSE,TRUE,TRUE,FALSE,2026-02-07,agency,467030
LS-03753,Douala,Makepe,apartment,2,2,76.1,18,1,no,FALSE,TRUE,FALSE,FALSE,2025-08-17,agency,255987
LS-00568,Yaounde,Mvog-Betsi,apartment,3,3,102.8,13,3,FALSE,FALSE,TRUE,FALSE,FALSE,2026-08-03,agency,265268
LS-05219,Yaounde,Omnisport,apartment,2,2,56.2,13,0,FALSE,FALSE,FALSE,FALSE,FALSE,2025-11-20,portal,112213
LS-00757,Douala,Bepanda,duplex,2,1,51.3,22,3,no,TRUE,FALSE,TRUE,FALSE,2026-05-30,agency,60011
LS-03748,Yaounde,Biyem-Assi,apartment,1,2,33.6,13,4,FALSE,FALSE,FALSE,FALSE,TRUE,2026-03-23,agency,105682
LS-03888,Douala,Bonamoussadi,chambre moderne,0,1,28.6,1,3,TRUE,FALSE,TRUE,FALSE,FALSE,2026-06-29,agency,49087
LS-03098,Yaounde,Omnisport,apartment,0,1,15.4,30,0,FALSE,TRUE,FALSE,FALSE,FALSE,2026-08-01,portal,51963
LS-04565,Yaounde,Golf,studio,1,2,37.7,26,0,TRUE,FALSE,TRUE,TRUE,FALSE,2025-12-21,informal,
LS-02401,Douala,Akwa,chambre moderne,1,1,51.5,23,0,FALSE,TRUE,TRUE,FALSE,FALSE,2025-11-28,agency,125237
LS-05348,Yaounde,Mvan,chambre moderne,2,2,250.1,25,0,FALSE,FALSE,FALSE,FALSE,TRUE,2026-07-25,agency,1020523
LS-03922,Yaounde,Bastos,apartment,3,2,104.3,15,4,TRUE,FALSE,TRUE,TRUE,FALSE,2025-08-07,agency,359357
LS-00278,Yaounde,Omnisport,duplex,3,2,118.7,8,4,TRUE,FALSE,FALSE,FALSE,FALSE,2026-07-31,informal,
LS-04512,Yaounde,Omnisport,apartment,4,5,119.1,0,3,FALSE,FALSE,FALSE,FALSE,FALSE,2025-07-26,portal,514135
LS-00794,Yaounde,Omnisport,studio,2,2,78.9,29,4,FALSE,TRUE,FALSE,FALSE,TRUE,2025-12-27,informal,168240
LS-02976,Yaounde,Nsam,apartment,2,1,82.9,7,1,FALSE,TRUE,FALSE,FALSE,FALSE,2026-01-30,agency,158424
LS-02618,Yaounde,Mvan,apartment,4,3,113.6,19,0,FALSE,FALSE,TRUE,FALSE,FALSE,2025-11-13,agency,379170
LS-01817,Douala,Makepe,studio,1,2,37.5,9,4,yes,FALSE,FALSE,FALSE,FALSE,2026-04-03,agency,132262
LS-00157,Douala,Makepe,studio,3,4,95.3,7,3,FALSE,TRUE,TRUE,TRUE,FALSE,2026-04-03,portal,523854
LS-02667,Douala,PK14,chambre moderne,1,2,46.3,36,1,FALSE,FALSE,FALSE,FALSE,FALSE,2025-09-18,portal,59870
LS-04067,Yaounde,Golf,apartment,2,3,71.9,4,1,TRUE,FALSE,TRUE,TRUE,FALSE,2026-03-09,informal,260927
LS-04707,Yaounde,Emana,apartment,3,2,107.7,25,2,TRUE,TRUE,FALSE,FALSE,FALSE,2026-08-15,portal,210687
LS-04553,Douala,Akwa,apartment,2,1,74.2,26,1,FALSE,TRUE,FALSE,FALSE,FALSE,07/01/2026,agency,184151
LS-03060,Yaounde,Mvog-Betsi,apartment,0,1,19.0,16,4,FALSE,FALSE,TRUE,FALSE,FALSE,18/08/2026,informal,65451
LS-00879,Yaounde,Golf,duplex,1,2,46.1,4,0,TRUE,FALSE,TRUE,TRUE,TRUE,2025-09-03,informal,168887
LS-02973,Douala,New Bell,studio,0,1,14.0,6,2,TRUE,FALSE,FALSE,FALSE,FALSE,2026-01-10,agency,50786
LS-01575,Yaounde,Mendong,apartment,1,1,49.0,33,3,FALSE,FALSE,FALSE,FALSE,FALSE,05/03/2026,informal,111576
LS-00057,Yaounde,Etoudi,chambre moderne,4,2,133.7,21,2,FALSE,FALSE,FALSE,FALSE,TRUE,2025-09-22,agency,601305
LS-03763,Douala,Bonapriso,studio,2,1,90.8,22,4,TRUE,TRUE,TRUE,FALSE,FALSE,2026-06-20,agency,237448
LS-02468,Yaounde,Etoudi,villa,2,2,66.0,4,3,FALSE,FALSE,TRUE,TRUE,FALSE,2026-08-21,agency,225515
LS-05137,Douala,Deido,chambre moderne,4,3,120.6,19,4,TRUE,TRUE,FALSE,TRUE,TRUE,2025-09-06,portal,"364,150"
LS-05473,Douala,Deido,apartment,5,5,148.9,0,1,TRUE,TRUE,TRUE,FALSE,FALSE,2025-11-12,informal,
LS-05774,Douala,Bonapriso,villa,2,3,95.1,17,0,TRUE,FALSE,TRUE,TRUE,FALSE,2026-08-23,portal,218678
LS-01603,Douala,New Bell,apartment,1,2,48.2,25,1,FALSE,FALSE,FALSE,FALSE,TRUE,2025-07-11,agency,69902
LS-05830,Douala,PK14,apartment,1,2,38.8,7,0,TRUE,FALSE,FALSE,FALSE,FALSE,2026-02-09,agency,95391
LS-02008,Douala,Akwa,villa,0,1,14.4,21,1,FALSE,TRUE,TRUE,TRUE,FALSE,2026-03-18,agency,77865
LS-05053,Douala,Makepe,duplex,1,1,53.8,1,0,TRUE,TRUE,FALSE,TRUE,FALSE,2026-04-20,agency,187354
LS-00533,Yaounde,Nkolbisson,villa,4,4,141.5,0,4,FALSE,FALSE,FALSE,FALSE,FALSE,2025-07-26,portal,338762
LS-04223,Yaounde,Biyem-Assi,chambre moderne,1,2,51.6,11,0,FALSE,FALSE,TRUE,FALSE,FALSE,07/12/2025,portal,91348
LS-01998,Yaounde,Nkolbisson,apartment,1,1,65.4,12,1,FALSE,TRUE,TRUE,FALSE,FALSE,2025-12-05,agency,101500
LS-04294,Yaounde,Bastos,apartment,1,2,39.1,27,4,FALSE,TRUE,TRUE,FALSE,FALSE,2026-02-02,portal,99346
LS-02457,Yaounde,Omnisport,apartment,0,1,14.0,3,0,FALSE,FALSE,FALSE,TRUE,TRUE,2026-02-08,portal,90898
LS-01854,Douala,Bonaberi,studio,3,3,75.7,5,0,TRUE,FALSE,TRUE,FALSE,FALSE,2026-02-25,portal,220297
LS-05502,Yaounde,Emana,apartment,1,1,60.0,24,3,FALSE,FALSE,FALSE,FALSE,FALSE,2025-08-29,agency,58470
LS-04472,Douala,Deido,duplex,1,1,29.7,23,4,FALSE,TRUE,FALSE,FALSE,FALSE,2025-12-31,informal,54470
LS-00099,Douala,Deido,studio,1,1,50.7,23,4,TRUE,FALSE,FALSE,TRUE,FALSE,2026-01-29,agency,"92,717"
LS-03372,Douala,Logpom,apartment,4,2,113.1,5,0,TRUE,TRUE,FALSE,TRUE,FALSE,2026-04-10,agency,473351
LS-05384,Yaounde,Mimboman,apartment,3,4,101.3,18,1,FALSE,FALSE,TRUE,FALSE,FALSE,2025-09-05,informal,
LS-05981,Yaounde,Mvog-Betsi,chambre moderne,2,3,77.0,14,0,FALSE,FALSE,FALSE,FALSE,FALSE,2026-07-14,portal,130145
LS-05978,Douala,New Bell,apartment,4,4,127.8,8,1,FALSE,FALSE,FALSE,FALSE,FALSE,2025-10-18,agency,"373,620"
LS-03813,Douala,Bonanjo,duplex,1,2,32.3,6,1,TRUE,FALSE,TRUE,FALSE,FALSE,2025-12-25,agency,139311
LS-04774,Yaounde,Omnisport,apartment,1,2,57.0,23,0,FALSE,FALSE,TRUE,FALSE,TRUE,2026-04-23,agency,160582
LS-01766,Yaounde,Nkolbisson,apartment,1,2,74.4,10,3,FALSE,FALSE,FALSE,FALSE,FALSE,2026-07-13,agency,107214
LS-01859,Douala,Bonapriso,apartment,1,2,30.0,4,3,TRUE,TRUE,TRUE,FALSE,TRUE,2026-04-11,agency,222765
LS-03146,Douala,Makepe,apartment,1,1,35.7,12,3,TRUE,FALSE,TRUE,TRUE,FALSE,19/12/2025,agency,92094
LS-02612,Douala,Logpom,apartment,5,3,152.9,14,1,FALSE,TRUE,FALSE,FALSE,FALSE,2026-07-13,portal,678113
LS-02836,Yaounde,Golf,duplex,3,1,80.3,25,1,TRUE,FALSE,TRUE,TRUE,TRUE,2025-08-14,informal,244397
LS-02561,Yaounde,Golf,duplex,4,3,137.1,2,1,TRUE,TRUE,FALSE,FALSE,TRUE,24/02/2026,agency,915586
LS-01165,Douala,PK14,studio,3,2,115.5,21,3,no,FALSE,FALSE,FALSE,FALSE,2025-10-15,agency,197385
LS-03479,Douala,Bonapriso,studio,2,2,81.1,28,1,yes,TRUE,TRUE,FALSE,TRUE,2025-10-01,portal,210503
LS-02232,Yaounde,Bastos,chambre moderne,5,4,157.9,37,4,FALSE,TRUE,TRUE,FALSE,FALSE,2026-04-30,informal,891728
LS-00024,Douala,Bonanjo,apartment,1,2,48.1,8,0,FALSE,FALSE,TRUE,FALSE,FALSE,2025-08-15,agency,142344
LS-03500,Douala,Deido,studio,2,3,81.1,13,1,FALSE,FALSE,TRUE,FALSE,FALSE,2025-12-02,portal,118630
LS-05990,Yaounde,Golf,chambre moderne,2,2,93.0,26,2,TRUE,TRUE,TRUE,FALSE,FALSE,2026-01-13,portal,201881
LS-03856,Douala,Bepanda,apartment,2,2,65.6,8,4,FALSE,FALSE,FALSE,FALSE,FALSE,2025-08-19,informal,173577
LS-03243,Yaounde,Omnisport,apartment,2,2,60.6,13,1,FALSE,FALSE,TRUE,FALSE,FALSE,27/08/2025,agency,206377
LS-00448,Douala,Akwa,apartment,1,2,34.1,0,1,TRUE,FALSE,TRUE,TRUE,FALSE,2026-01-05,agency,189188
LS-05123,Yaounde,Etoudi,apartment,2,2,73.5,0,0,FALSE,FALSE,FALSE,FALSE,FALSE,2025-10-20,agency,215735
LS-01750,Yaounde,Mimboman,villa,3,2,125.1,10,2,FALSE,FALSE,FALSE,FALSE,FALSE,2025-08-25,informal,224504
LS-00583,Yaounde,Nkolbisson,apartment,1,1,38.5,19,4,FALSE,FALSE,FALSE,FALSE,FALSE,2025-12-17,agency,37934
LS-00014,Douala,PK14,apartment,0,1,14.0,16,1,FALSE,FALSE,FALSE,FALSE,FALSE,10/03/2026,agency,33452
LS-04789,Yaounde,Emana,chambre moderne,2,2,63.9,14,0,FALSE,TRUE,FALSE,FALSE,FALSE,2025-07-02,agency,75486
LS-04659,Yaounde,Mvog-Betsi,duplex,1,2,32.9,15,1,TRUE,FALSE,FALSE,FALSE,FALSE,2026-02-16,agency,68951
LS-02541,Yaounde,Mendong,chambre moderne,2,2,73.3,39,1,FALSE,TRUE,TRUE,FALSE,FALSE,2026-04-17,agency,116235
LS-05285,Douala,Bonamoussadi,chambre moderne,1,2,43.7,0,2,TRUE,TRUE,FALSE,FALSE,FALSE,2025-08-15,portal,277499
LS-02236,Douala,Akwa,villa,0,1,33.5,5,1,yes,FALSE,TRUE,TRUE,FALSE,2026-03-17,agency,78766
LS-00239,Douala,PK14,duplex,2,2,67.5 m2,27,3,TRUE,FALSE,TRUE,FALSE,FALSE,26/07/2025,portal,133311
LS-03588,Yaounde,Emana,chambre moderne,4,2,142.0,7,0,FALSE,FALSE,FALSE,FALSE,FALSE,2026-03-13,agency,360564
LS-03576,Douala,Bonaberi,villa,1,2,30.5,26,1,TRUE,FALSE,FALSE,FALSE,FALSE,21/02/2026,agency,79797
LS-02641,Yaounde,Etoudi,apartment,1,1,45.4,6,2,FALSE,FALSE,FALSE,FALSE,FALSE,2026-08-16,portal,65143
LS-05256,Yaounde,Etoudi,apartment,0,1,14.0,21,3,FALSE,TRUE,TRUE,FALSE,FALSE,2026-03-13,informal,54056
LS-04983,Yaounde,Mendong,apartment,2,3,59.8,12,2,FALSE,FALSE,TRUE,FALSE,FALSE,2026-06-18,portal,92373
LS-04997,Yaounde,Etoudi,apartment,4,2,154.2,14,4,FALSE,FALSE,TRUE,FALSE,FALSE,2025-10-27,portal,401042
LS-00657,Douala,Bonamoussadi,villa,2,2,93.6,5,1,FALSE,FALSE,TRUE,FALSE,TRUE,2026-04-02,agency,233081
LS-00332,Douala,Bonaberi,studio,2,2,52.6,24,0,FALSE,FALSE,FALSE,TRUE,FALSE,2026-04-17,portal,105184
LS-01147,Yaounde,Bastos,duplex,2,3,77.4,13,1,TRUE,FALSE,TRUE,TRUE,FALSE,2026-06-06,agency,300124
LS-01618,Douala,Bonamoussadi,apartment,3,3,89.2,16,1,TRUE,FALSE,FALSE,TRUE,TRUE,2026-07-18,agency,217697
LS-04994,Douala,New Bell,villa,1,2,64.1,13,1,FALSE,FALSE,FALSE,FALSE,FALSE,2026-07-17,agency,87104
LS-05457,Yaounde,Golf,apartment,2,2,83.6,11,4,FALSE,TRUE,TRUE,FALSE,FALSE,2026-04-19,portal,203154
LS-05520,Yaounde,Biyem-Assi,studio,1,2,45.5,30,4,FALSE,TRUE,FALSE,FALSE,FALSE,2026-01-12,portal,91509
LS-03565,Douala,Ndokoti,apartment,3,3,96.8 m2,8,3,yes,FALSE,FALSE,FALSE,FALSE,23/07/2025,portal,255441
LS-02876,Yaounde,Golf,chambre moderne,1,2,60.6,38,1,FALSE,TRUE,FALSE,FALSE,FALSE,2026-06-23,agency,255322
LS-01368,Yaounde,Mendong,apartment,3,2,81.0,19,2,FALSE,FALSE,FALSE,FALSE,FALSE,2025-11-03,informal,
LS-00110,Douala,Bonanjo,apartment,1,1,55.4,12,0,TRUE,TRUE,FALSE,TRUE,TRUE,11/12/2025,portal,357532
LS-04883,Yaounde,Emana,duplex,5,3,150.0,14,0,FALSE,FALSE,FALSE,FALSE,FALSE,2025-07-10,agency,714134
LS-02216,Yaounde,Mendong,apartment,2,2,56.8,2,1,TRUE,FALSE,FALSE,FALSE,FALSE,2026-07-31,agency,110878
LS-00640,Douala,Akwa,apartment,1,2,75.0,9,1,TRUE,FALSE,FALSE,FALSE,FALSE,2026-04-22,informal,189793
LS-05453,Douala,Bonamoussadi,apartment,1,1,52.8,0,0,TRUE,FALSE,FALSE,FALSE,TRUE,2026-02-19,agency,133460
LS-05233,Yaounde,Nkolbisson,villa,4,4,114.4,19,0,FALSE,TRUE,FALSE,FALSE,FALSE,2026-05-03,portal,269940
LS-04837,Yaounde,Nsam,villa,3,3,104.1,19,0,TRUE,FALSE,TRUE,FALSE,FALSE,2026-04-19,informal,328600
LS-00469,Douala,Bonapriso,apartment,1,1,39.0,20,0,yes,TRUE,FALSE,FALSE,FALSE,2025-08-16,agency,76123
LS-00772,Douala,New Bell,apartment,1,1,22.7,12,0,FALSE,FALSE,FALSE,FALSE,FALSE,2026-07-22,agency,60973
LS-03702,Yaounde,Etoudi,chambre moderne,1,2,45.7,17,2,FALSE,FALSE,FALSE,FALSE,FALSE,2026-07-22,agency,44908
LS-01954,Douala,Bepanda,apartment,3,3,101.8,3,0,FALSE,FALSE,TRUE,FALSE,FALSE,2026-01-01,agency,295778
LS-03370,Yaounde,Biyem-Assi,studio,3,2,100.8,20,3,FALSE,FALSE,FALSE,FALSE,FALSE,2026-04-24,informal,
LS-03174,Douala,Makepe,studio,2,1,66.7,3,0,FALSE,FALSE,TRUE,FALSE,FALSE,2026-06-06,portal,238622
LS-04434,Yaounde,Nkolbisson,villa,3,2,93.8,9,4,FALSE,TRUE,FALSE,FALSE,FALSE,2025-08-09,agency,219760
LS-05572,Yaounde,Nsam,apartment,1,2,26.4,1,1,FALSE,FALSE,TRUE,FALSE,FALSE,2025-10-04,portal,85035
LS-04554,Yaounde,Mendong,apartment,4,3,146.6,6,3,TRUE,FALSE,FALSE,TRUE,FALSE,2026-03-19,portal,806851
LS-04091,Douala,Makepe,apartment,4,2,143.8,12,1,TRUE,FALSE,TRUE,TRUE,FALSE,2025-07-05,agency,496255
LS-04443,Yaounde,Golf,studio,2,2,55.5,14,1,FALSE,FALSE,TRUE,FALSE,FALSE,2025-09-16,portal,188899
LS-01929,Yaounde,Golf,chambre moderne,3,2,71.7,0,1,TRUE,TRUE,FALSE,FALSE,FALSE,2026-05-03,portal,171481
LS-02260,Yaounde,Mvan,studio,2,2,56.4,21,1,FALSE,FALSE,FALSE,FALSE,FALSE,2025-09-25,agency,86480
LS-04321,Douala,Bonamoussadi,apartment,2,2,74.1,20,2,TRUE,TRUE,TRUE,FALSE,TRUE,2026-07-24,agency,294469
LS-05215,Douala,Bonaberi,apartment,2,2,59.5,25,0,FALSE,FALSE,TRUE,FALSE,FALSE,2026-08-17,agency,116019
LS-04021,Yaounde,Biyem-Assi,apartment,2,2,75.9 m2,11,1,FALSE,FALSE,TRUE,TRUE,FALSE,2025-07-21,agency,199048
LS-04540,Yaounde,Mendong,villa,1,1,38.2,9,1,TRUE,FALSE,FALSE,FALSE,FALSE,2026-07-06,agency,125009
LS-05927,Douala,Bonanjo,villa,1,1,49.4,17,0,TRUE,TRUE,TRUE,TRUE,FALSE,2025-12-05,agency,136860
LS-00880,Yaounde,Biyem-Assi,apartment,3,3,96.7,0,3,FALSE,FALSE,FALSE,TRUE,FALSE,2025-12-29,portal,366732
LS-01245,Yaounde,Mvog-Betsi,studio,2,3,90.7,2,1,FALSE,FALSE,FALSE,FALSE,FALSE,2026-07-03,agency,161246
LS-01666,Yaounde,Omnisport,apartment,2,2,66.6,15,0,FALSE,FALSE,TRUE,FALSE,FALSE,2026-02-25,informal,165561
LS-00349,Yaounde,Nsam,duplex,1,1,47.2,0,0,FALSE,FALSE,FALSE,FALSE,FALSE,2025-09-20,agency,104375
LS-02131,Yaounde,Omnisport,villa,3,3,84.3,19,3,TRUE,FALSE,FALSE,FALSE,TRUE,2025-09-06,portal,265283
LS-00837,Douala,Bepanda,apartment,4,3,136.7,0,0,FALSE,FALSE,FALSE,FALSE,FALSE,2025-12-29,agency,"567,368"
LS-04710,Yaounde,Nkolbisson,duplex,2,3,87.2,5,3,FALSE,TRUE,FALSE,FALSE,FALSE,08/05/2026,agency,172815
LS-03770,Yaounde,Nkolbisson,apartment,4,3,121.4,24,2,FALSE,FALSE,FALSE,FALSE,FALSE,2025-10-16,informal,
LS-01285,Yaounde,Omnisport,apartment,1,1,45.6,3,0,FALSE,FALSE,TRUE,FALSE,FALSE,2025-12-26,informal,
LS-00946,Yaounde,Mendong,villa,1,1,51.3,10,2,FALSE,FALSE,FALSE,FALSE,FALSE,2026-02-15,agency,71609
LS-01466,Yaounde,Nsam,duplex,1,2,46.2,12,1,FALSE,FALSE,FALSE,FALSE,FALSE,2025-12-10,agency,95377
LS-05560,Douala,PK14,duplex,4,3,115.7,38,4,FALSE,FALSE,FALSE,FALSE,FALSE,2025-12-14,portal,149133
LS-04550,Yaounde,Golf,chambre moderne,2,3,61.4,16,1,TRUE,FALSE,FALSE,TRUE,FALSE,2026-02-22,agency,201068
LS-02119,Douala,Logpom,chambre moderne,2,1,77.3,1,4,FALSE,FALSE,TRUE,TRUE,TRUE,2026-03-22,informal,255089
LS-00546,Yaounde,Emana,apartment,2,2,80.5,26,1,TRUE,FALSE,TRUE,FALSE,FALSE,2025-11-21,agency,117084
LS-04034,Yaounde,Omnisport,studio,3,3,102.5,18,0,FALSE,TRUE,TRUE,FALSE,FALSE,2026-07-27,portal,262463
LS-04652,Douala,Logpom,apartment,1,2,35.0,16,1,FALSE,FALSE,FALSE,FALSE,FALSE,2025-10-22,agency,102283
LS-03979,Douala,Bepanda,chambre moderne,2,2,69.9,14,0,FALSE,FALSE,FALSE,FALSE,FALSE,2025-07-01,informal,
LS-05691,Yaounde,Bastos,apartment,0,1,23.3,36,1,TRUE,TRUE,TRUE,FALSE,FALSE,2026-03-01,portal,89430
LS-02444,Douala,New Bell,apartment,1,1,54.4,0,3,TRUE,FALSE,FALSE,FALSE,FALSE,18/12/2025,agency,88660
LS-01853,Douala,Deido,villa,1,2,64.4,10,0,FALSE,FALSE,FALSE,FALSE,FALSE,2026-08-14,portal,94606
LS-00316,Yaounde,Golf,duplex,2,1,57.1,12,1,FALSE,FALSE,TRUE,FALSE,TRUE,2025-09-12,agency,151907
LS-00035,Douala,Ndokoti,chambre moderne,3,3,95.7,15,0,FALSE,FALSE,FALSE,FALSE,FALSE,2025-07-15,informal,188881
LS-04941,Douala,Bonaberi,villa,2,3,79.8,14,0,FALSE,FALSE,FALSE,FALSE,FALSE,2026-05-21,portal,"283,907"
LS-04526,Douala,New Bell,duplex,2,2,79.5,5,1,FALSE,FALSE,FALSE,FALSE,FALSE,2025-11-04,portal,205569
LS-00808,Yaounde,Omnisport,apartment,1,2,38.6,8,1,FALSE,FALSE,TRUE,FALSE,FALSE,2026-03-29,informal,95502
LS-01457,Yaounde,Nsam,studio,1,1,62.0,20,0,FALSE,TRUE,TRUE,FALSE,FALSE,2026-02-04,agency,89412
LS-05903,Yaounde,Mvog-Betsi,apartment,2,2,72.5,11,1,FALSE,FALSE,FALSE,FALSE,FALSE,2026-06-22,portal,121390
LS-03224,Yaounde,Omnisport,villa,1,1,64.9,15,3,FALSE,TRUE,FALSE,TRUE,FALSE,2026-06-24,agency,100623
LS-05789,Douala,Bonapriso,apartment,5,4,169.7,11,0,FALSE,TRUE,TRUE,FALSE,FALSE,2025-07-28,agency,1355506
LS-04824,Yaounde,Mendong,villa,1,1,33.6,4,2,TRUE,FALSE,FALSE,FALSE,FALSE,15/08/2025,agency,69204
LS-01757,Douala,Bepanda,villa,1,1,42.1,11,1,TRUE,TRUE,FALSE,FALSE,FALSE,2026-03-21,agency,93087
LS-04222,Yaounde,Emana,apartment,3,2,125.2,2,0,FALSE,FALSE,TRUE,FALSE,FALSE,2026-07-05,informal,278128
LS-05321,Yaounde,Nsam,studio,2,1,77.5,9,4,FALSE,FALSE,FALSE,FALSE,FALSE,2026-06-23,informal,
LS-01231,Douala,Bonanjo,apartment,3,3,93.4,9,0,TRUE,TRUE,TRUE,FALSE,FALSE,2026-07-28,informal,566233
LS-04436,Yaounde,Bastos,villa,3,3,94.2,22,3,yes,TRUE,TRUE,TRUE,FALSE,08/04/2026,agency,296241
LS-00653,Douala,Bepanda,apartment,1,2,44.2,24,0,TRUE,FALSE,FALSE,FALSE,FALSE,2026-01-11,agency,106202
LS-01217,Douala,Ndokoti,villa,2,2,49.1,13,0,FALSE,TRUE,TRUE,FALSE,FALSE,2025-10-21,portal,56620
LS-03832,Douala,Bonamoussadi,chambre moderne,0,1,24.0,18,2,TRUE,FALSE,FALSE,FALSE,FALSE,2026-03-03,informal,73794
LS-00711,Douala,Makepe,chambre moderne,0,1,29.1,15,0,FALSE,TRUE,FALSE,FALSE,TRUE,2026-03-27,informal,
LS-00763,Douala,Ndokoti,apartment,2,2,83.9 m2,0,2,TRUE,FALSE,FALSE,FALSE,FALSE,2025-09-13,agency,88500
LS-05899,Yaounde,Mimboman,apartment,1,2,48.7,18,0,FALSE,FALSE,FALSE,FALSE,FALSE,2025-10-16,portal,55665
LS-02868,Douala,Logpom,apartment,0,1,22.2,17,4,TRUE,FALSE,FALSE,FALSE,FALSE,08/05/2026,agency,58209
LS-03324,Yaounde,Mimboman,apartment,5,4,167.5,16,0,FALSE,FALSE,TRUE,FALSE,FALSE,2026-01-23,agency,577280
LS-03245,Douala,Bonamoussadi,apartment,2,2,63.3,9,1,FALSE,FALSE,FALSE,TRUE,FALSE,2025-08-26,agency,176752
LS-05083,Yaounde,Golf,chambre moderne,1,1,46.5,27,3,FALSE,FALSE,TRUE,TRUE,FALSE,2025-07-05,agency,148505
LS-04411,Douala,Akwa,apartment,4,5,129.8,23,1,TRUE,FALSE,TRUE,FALSE,FALSE,2025-12-05,portal,663464
LS-00861,Yaounde,Biyem-Assi,chambre moderne,2,2,63.7,16,0,FALSE,TRUE,TRUE,FALSE,FALSE,2026-05-30,informal,"104,867"
LS-00263,Douala,Deido,apartment,1,1,53.5,18,3,FALSE,FALSE,TRUE,FALSE,FALSE,2026-07-03,agency,105455
LS-03795,Douala,Deido,villa,3,2,94.2,17,0,no,TRUE,TRUE,FALSE,FALSE,2026-01-25,portal,175328
LS-01120,Douala,Makepe,villa,4,2,143.0,32,3,FALSE,TRUE,TRUE,FALSE,FALSE,2025-09-29,agency,574104
LS-01917,Yaounde,Golf,chambre moderne,1,1,37.1,8,2,FALSE,TRUE,TRUE,TRUE,FALSE,2026-01-26,agency,127995
LS-00281,Douala,Bonaberi,apartment,3,2,90.7,0,0,FALSE,FALSE,FALSE,FALSE,FALSE,2026-08-18,agency,217469
LS-03258,Yaounde,Etoudi,chambre moderne,2,2,73.9,18,0,FALSE,FALSE,FALSE,FALSE,FALSE,22/10/2025,portal,140547
LS-00398,Yaounde,Biyem-Assi,apartment,4,3,122.7,10,1,FALSE,TRUE,FALSE,FALSE,FALSE,03/10/2025,agency,194856
LS-00384,Yaounde,Nkolbisson,apartment,4,3,132.0,9,2,FALSE,FALSE,TRUE,FALSE,FALSE,2025-09-17,agency,494542
LS-05610,Douala,Ndokoti,apartment,5,3,147.2,23,4,FALSE,FALSE,FALSE,FALSE,FALSE,2025-08-04,agency,345794
LS-04921,Yaounde,Mendong,apartment,2,3,100.1,9,1,no,FALSE,FALSE,FALSE,FALSE,2026-01-20,informal,136773
LS-03874,Yaounde,Mvan,studio,3,2,105.5,17,0,TRUE,FALSE,FALSE,TRUE,FALSE,19/10/2025,agency,267007
LS-04201,Douala,Makepe,chambre moderne,2,2,73.8,17,0,TRUE,TRUE,FALSE,FALSE,FALSE,2025-09-06,agency,207229
LS-03900,Douala,Makepe,villa,3,3,112.3,27,1,FALSE,FALSE,FALSE,FALSE,FALSE,2025-09-05,agency,353840
LS-06173,Douala,PK14,apartment,2,2,68.3,12,4,no,FALSE,FALSE,FALSE,FALSE,2026-08-04,portal,108278
LS-06118,Yaounde,Mvan,apartment,4,3,120.7,12,3,TRUE,FALSE,TRUE,FALSE,FALSE,2026-06-09,agency,387643
LS-04851,Yaounde,Nsam,chambre moderne,1,1,52.2,0,2,FALSE,TRUE,TRUE,FALSE,FALSE,2026-03-06,informal,101031
LS-05997,Yaounde,Etoudi,apartment,3,4,113.6,1,0,FALSE,FALSE,TRUE,FALSE,FALSE,21/08/2025,agency,208746
LS-00489,Yaounde,Etoudi,duplex,3,1,87.6,2,3,FALSE,FALSE,TRUE,FALSE,FALSE,01/12/2025,informal,"232,191"
LS-01896,Yaounde,Emana,studio,5,3,154.5,12,2,FALSE,FALSE,FALSE,FALSE,FALSE,2025-11-15,portal,542853
LS-05146,Yaounde,Golf,duplex,0,1,18.0,9,0,FALSE,TRUE,TRUE,FALSE,TRUE,2026-03-09,agency,86771
LS-05823,Yaounde,Mendong,duplex,3,3,103.6,24,1,FALSE,TRUE,TRUE,FALSE,FALSE,03/07/2025,portal,156869
LS-01283,Douala,Bepanda,duplex,2,3,68.7,15,1,TRUE,FALSE,FALSE,FALSE,FALSE,2026-04-06,agency,189941
LS-04486,Douala,New Bell,studio,1,1,53.6,16,3,no,FALSE,FALSE,FALSE,FALSE,2026-01-19,agency,80443
LS-05724,Douala,PK14,apartment,2,2,59.7,17,0,FALSE,FALSE,TRUE,FALSE,FALSE,17/07/2025,agency,105337
LS-02448,Yaounde,Mvog-Betsi,apartment,3,2,90.5,12,4,no,FALSE,FALSE,FALSE,FALSE,2026-01-01,informal,190101
LS-03918,Douala,Bonaberi,villa,0,1,14.0,5,1,FALSE,TRUE,TRUE,FALSE,FALSE,2026-02-23,informal,51032
LS-02026,Yaounde,Etoudi,apartment,2,1,85.3,18,1,FALSE,FALSE,FALSE,FALSE,FALSE,2026-03-16,informal,149692
LS-02570,Douala,Bonaberi,apartment,1,2,49.2,2,1,FALSE,FALSE,TRUE,FALSE,FALSE,01/05/2026,agency,87764
LS-05427,Yaounde,Mimboman,chambre moderne,1,1,61.7,3,1,FALSE,FALSE,FALSE,FALSE,FALSE,25/05/2026,agency,57507
LS-06021,Yaounde,Biyem-Assi,duplex,2,2,72.0,20,1,no,FALSE,FALSE,FALSE,FALSE,2026-02-28,agency,"110,170"
LS-05232,Douala,PK14,studio,3,3,83.7,24,1,FALSE,FALSE,FALSE,FALSE,FALSE,2025-07-09,informal,
LS-04684,Yaounde,Mendong,chambre moderne,5,4,170.2,25,0,FALSE,TRUE,FALSE,FALSE,FALSE,12/03/2026,informal,944954
LS-02262,Douala,Akwa,duplex,1,1,50.1,22,1,TRUE,FALSE,TRUE,FALSE,FALSE,2026-03-04,portal,197448
LS-01320,Douala,Makepe,apartment,2,2,66.7,20,3,FALSE,FALSE,TRUE,TRUE,FALSE,2025-12-06,agency,228979
LS-02553,Douala,New Bell,villa,1,1,55.5,20,1,no,TRUE,TRUE,FALSE,TRUE,2026-01-12,portal,"110,360"
LS-02761,Douala,Ndokoti,apartment,2,2,63.6,27,3,FALSE,FALSE,FALSE,FALSE,FALSE,2026-05-14,portal,114325
LS-01732,Yaounde,Mvan,duplex,2,2,74.1 m2,21,1,FALSE,FALSE,FALSE,FALSE,FALSE,2026-01-16,agency,185244
LS-04231,Douala,Ndokoti,villa,2,2,64.9,13,4,FALSE,TRUE,FALSE,FALSE,FALSE,2026-05-18,portal,118264
LS-01166,Yaounde,Emana,duplex,0,1,24.6,28,0,FALSE,FALSE,FALSE,FALSE,FALSE,2025-07-25,informal,40699
LS-01154,Yaounde,Biyem-Assi,duplex,1,2,48.6,20,0,FALSE,FALSE,FALSE,FALSE,FALSE,2026-06-28,agency,88079
LS-03520,Yaounde,Mvog-Betsi,villa,0,1,39.2,18,2,FALSE,FALSE,TRUE,FALSE,FALSE,2026-08-14,agency,42790
LS-01057,Yaounde,Mvan,villa,3,3,91.7,5,0,TRUE,FALSE,FALSE,FALSE,FALSE,05/12/2025,agency,171416
LS-03139,Douala,Logpom,studio,1,1,48.0,13,0,FALSE,FALSE,FALSE,TRUE,FALSE,2025-07-10,informal,95454
LS-04909,Yaounde,Biyem-Assi,chambre moderne,5,3,162.9,12,4,FALSE,FALSE,TRUE,FALSE,FALSE,18/11/2025,agency,952529
LS-02779,Yaounde,Bastos,apartment,3,1,117.9,1,2,FALSE,FALSE,FALSE,TRUE,FALSE,2025-10-26,informal,423640
LS-02034,Yaounde,Mimboman,apartment,3,3,82.7,0,4,FALSE,FALSE,FALSE,FALSE,FALSE,2025-08-04,agency,237557
LS-03343,Douala,Makepe,apartment,2,3,81.7,10,1,TRUE,FALSE,TRUE,FALSE,FALSE,2026-03-24,agency,239727
LS-05940,Douala,Bonapriso,duplex,1,2,42.3,23,4,TRUE,FALSE,FALSE,FALSE,TRUE,2026-02-12,agency,137404
LS-02854,Yaounde,Mendong,studio,3,2,99.3,20,0,FALSE,TRUE,TRUE,TRUE,FALSE,2026-04-19,informal,
LS-04858,Douala,Bepanda,apartment,1,2,46.2,10,1,FALSE,FALSE,TRUE,FALSE,FALSE,2025-08-15,agency,"105,232"
LS-04014,Yaounde,Bastos,studio,1,2,51.3,2,1,TRUE,TRUE,FALSE,FALSE,FALSE,2026-05-11,informal,
LS-03087,Douala,Bonamoussadi,studio,1,2,54.0,1,1,FALSE,FALSE,TRUE,TRUE,FALSE,2026-03-01,portal,120358
LS-04703,Yaounde,Biyem-Assi,villa,1,1,53.3 m2,22,2,TRUE,FALSE,FALSE,FALSE,FALSE,2026-05-26,informal,124756
LS-04930,Yaounde,Omnisport,duplex,4,3,132.1,24,0,FALSE,FALSE,FALSE,FALSE,FALSE,2025-07-24,informal,450451
LS-00311,Yaounde,Etoudi,studio,4,3,107.5,14,2,FALSE,FALSE,FALSE,FALSE,FALSE,2026-03-31,portal,407201
LS-05209,Douala,Bonaberi,chambre moderne,1,2,39.0,23,1,yes,FALSE,TRUE,FALSE,FALSE,30/08/2025,agency,109330
LS-05434,Douala,Bonapriso,villa,2,2,66.0,18,4,TRUE,FALSE,TRUE,TRUE,TRUE,2026-05-29,portal,285356
LS-02683,Douala,Akwa,villa,3,3,76.1,0,3,TRUE,TRUE,TRUE,FALSE,TRUE,2026-01-06,portal,275466
LS-06069,Douala,Logpom,apartment,2,3,55.0,0,0,TRUE,TRUE,TRUE,FALSE,FALSE,2026-07-17,agency,128311
LS-02033,Yaounde,Nkolbisson,apartment,2,3,75.7,3,2,FALSE,FALSE,FALSE,FALSE,FALSE,2026-01-05,informal,143871
LS-06087,Yaounde,Nsam,apartment,0,1,14.0,3,0,TRUE,FALSE,TRUE,FALSE,FALSE,2025-12-19,agency,43540
LS-00161,Douala,PK14,apartment,2,2,58.8,11,0,FALSE,FALSE,FALSE,FALSE,FALSE,2025-12-19,agency,73680
LS-04552,Yaounde,Mendong,duplex,4,3,133.7,3,0,FALSE,FALSE,FALSE,FALSE,FALSE,2026-07-04,informal,
LS-04444,Yaounde,Etoudi,chambre moderne,2,2,73.5,14,1,FALSE,FALSE,FALSE,TRUE,FALSE,2025-10-07,portal,113768
LS-00643,Douala,Logpom,studio,1,1,51.6,10,4,FALSE,FALSE,FALSE,FALSE,FALSE,2026-08-17,agency,121480
LS-05581,Douala,Bonaberi,duplex,4,4,141.0,18,2,FALSE,FALSE,TRUE,FALSE,FALSE,2025-10-25,agency,456520
LS-03123,Yaounde,Omnisport,apartment,2,2,74.9,13,2,TRUE,FALSE,FALSE,FALSE,FALSE,2025-11-29,agency,177986
LS-00075,Yaounde,Biyem-Assi,villa,2,2,68.1,19,0,TRUE,TRUE,FALSE,FALSE,FALSE,2026-05-14,informal,
LS-02792,Douala,Bonamoussadi,duplex,2,1,75.4,11,4,TRUE,FALSE,TRUE,FALSE,FALSE,2025-10-17,informal,
LS-04738,Douala,Bonanjo,duplex,3,2,109.7,15,0,FALSE,TRUE,TRUE,FALSE,TRUE,23/03/2026,informal,416395
LS-04309,Douala,New Bell,studio,3,2,94.9,16,2,TRUE,FALSE,FALSE,FALSE,FALSE,2026-03-15,portal,245204
LS-00604,Yaounde,Mimboman,studio,4,2,108.0,12,0,FALSE,FALSE,FALSE,FALSE,TRUE,2025-09-27,agency,226440
LS-06081,Douala,Bepanda,apartment,1,1,52.1,31,1,no,FALSE,FALSE,FALSE,FALSE,2025-12-21,informal,83840
LS-04307,Douala,Bonamoussadi,villa,4,3,128.4,18,4,TRUE,TRUE,TRUE,FALSE,TRUE,2025-07-07,informal,776769
LS-00644,Douala,Akwa,duplex,2,2,70.9,33,2,TRUE,FALSE,TRUE,FALSE,FALSE,2025-12-02,informal,104575
LS-02683,Douala,Akwa,villa,3,3,76.1,0,3,TRUE,TRUE,TRUE,FALSE,TRUE,2026-01-06,portal,275466
LS-03190,Yaounde,Bastos,apartment,2,2,59.8,7,1,FALSE,FALSE,TRUE,TRUE,TRUE,2026-04-11,portal,229809
LS-04834,Douala,Bonapriso,chambre moderne,0,1,81.9,18,3,FALSE,FALSE,FALSE,TRUE,TRUE,2025-10-20,agency,381731
LS-03078,Yaounde,Omnisport,villa,2,2,82.6,2,2,FALSE,FALSE,TRUE,FALSE,FALSE,2025-10-27,portal,187606
LS-02740,Douala,PK14,studio,3,2,119.2,15,0,FALSE,TRUE,FALSE,FALSE,FALSE,2025-10-13,portal,231376
LS-03419,Douala,Ndokoti,apartment,0,1,19.3,25,1,FALSE,FALSE,FALSE,FALSE,FALSE,2025-09-30,agency,59977
LS-03912,Douala,Bonamoussadi,duplex,1,2,42.9,0,4,FALSE,TRUE,FALSE,TRUE,TRUE,2025-08-07,agency,263481
LS-02596,Yaounde,Emana,studio,0,1,14.0,22,0,FALSE,FALSE,FALSE,FALSE,FALSE,2026-01-16,agency,42669
LS-04852,Yaounde,Emana,studio,0,1,18.4,0,3,FALSE,FALSE,FALSE,FALSE,FALSE,2026-08-05,agency,34308
LS-02860,Yaounde,Golf,studio,0,1,33.3,0,2,TRUE,FALSE,TRUE,FALSE,FALSE,2025-10-05,agency,75438
LS-05874,Douala,Bonaberi,apartment,2,3,65.9,14,1,FALSE,FALSE,TRUE,FALSE,FALSE,2026-01-07,portal,108093
LS-01116,Yaounde,Mvan,apartment,3,3,96.7 m2,30,2,FALSE,FALSE,TRUE,FALSE,FALSE,2025-12-27,portal,141429
LS-02424,Douala,Makepe,villa,2,2,68.4,28,0,TRUE,FALSE,TRUE,FALSE,FALSE,31/01/2026,portal,184449
LS-05038,Yaounde,Mvog-Betsi,apartment,5,4,147.3,20,3,FALSE,FALSE,TRUE,FALSE,FALSE,2025-08-08,agency,569268
LS-01388,Douala,Logpom,apartment,1,2,56.3,13,2,FALSE,FALSE,TRUE,FALSE,FALSE,2026-06-02,agency,139698
LS-03625,Yaounde,Nsam,apartment,3,2,92.9,9,3,FALSE,TRUE,FALSE,FALSE,FALSE,2025-09-04,portal,205706
LS-01018,Douala,Ndokoti,apartment,3,3,93.6,24,1,FALSE,FALSE,TRUE,FALSE,FALSE,2025-12-10,portal,223383
LS-02497,Yaounde,Biyem-Assi,studio,2,2,89.7,24,4,FALSE,FALSE,TRUE,FALSE,FALSE,2026-06-18,informal,
LS-03325,Douala,Makepe,apartment,1,2,47.6,24,2,TRUE,TRUE,TRUE,FALSE,TRUE,2026-07-25,informal,
LS-04225,Yaounde,Mimboman,apartment,2,1,61.3,9,1,FALSE,FALSE,FALSE,FALSE,FALSE,2026-06-15,portal,88242
LS-01132,Yaounde,Mvan,villa,3,2,79.1,19,0,FALSE,FALSE,FALSE,TRUE,TRUE,2026-06-26,agency,224524
LS-03441,Yaounde,Biyem-Assi,apartment,3,3,103.8,14,3,FALSE,TRUE,FALSE,TRUE,FALSE,2025-08-18,agency,228062
LS-00064,Yaounde,Nsam,villa,1,1,54.4,27,1,FALSE,FALSE,FALSE,FALSE,FALSE,2026-02-05,portal,96908
LS-03407,Yaounde,Golf,apartment,2,3,82.5,17,4,FALSE,TRUE,FALSE,TRUE,FALSE,2026-07-10,agency,360975
LS-00574,Yaounde,Etoudi,chambre moderne,0,1,14.0,12,3,TRUE,FALSE,TRUE,FALSE,FALSE,21/03/2026,agency,46548
LS-00410,Douala,Bonamoussadi,studio,3,3,120.5,24,4,no,TRUE,TRUE,FALSE,FALSE,2026-03-02,agency,422748
LS-05240,Yaounde,Mvog-Betsi,chambre moderne,1,2,51.3 m2,9,0,FALSE,FALSE,TRUE,FALSE,FALSE,2026-02-03,informal,81232
LS-05964,Douala,Logpom,apartment,5,4,168.8,21,0,TRUE,TRUE,FALSE,FALSE,FALSE,2026-04-14,portal,1419405
LS-01828,Douala,Bepanda,chambre moderne,4,4,125.6,0,1,FALSE,FALSE,TRUE,FALSE,FALSE,2025-07-07,agency,453376
LS-00761,Douala,Logpom,duplex,3,2,129.5,16,0,no,FALSE,TRUE,FALSE,TRUE,2026-06-21,informal,411030
LS-02696,Yaounde,Nsam,apartment,1,2,59.6,39,0,FALSE,FALSE,FALSE,TRUE,FALSE,2026-02-23,portal,96411
LS-02092,Douala,Bonapriso,apartment,3,2,117.0,0,4,TRUE,FALSE,TRUE,FALSE,FALSE,16/11/2025,agency,422123
LS-01021,Yaounde,Nkolbisson,chambre moderne,1,1,43.8,13,1,FALSE,TRUE,FALSE,FALSE,FALSE,2025-09-22,informal,43428
LS-01362,Yaounde,Mendong,chambre moderne,3,3,109.2,19,1,FALSE,FALSE,TRUE,FALSE,FALSE,2026-06-02,agency,94295
LS-00833,Douala,Bepanda,apartment,2,2,72.2,17,4,TRUE,TRUE,FALSE,FALSE,FALSE,2026-01-23,agency,104265
LS-04932,Yaounde,Etoudi,apartment,2,3,71.4,0,3,FALSE,TRUE,TRUE,FALSE,FALSE,09/07/2025,portal,303334
LS-04272,Douala,Bonanjo,villa,2,2,64.0,0,0,TRUE,FALSE,FALSE,FALSE,FALSE,2026-01-20,portal,246218
LS-06051,Yaounde,Mvan,duplex,1,1,45.4 m2,21,0,FALSE,FALSE,FALSE,FALSE,FALSE,2026-01-05,portal,63276
LS-03181,Douala,Bonamoussadi,apartment,3,2,85.0,12,1,FALSE,FALSE,TRUE,TRUE,FALSE,2026-03-11,portal,239909
LS-02143,Douala,Bonapriso,apartment,3,2,73.8,4,2,TRUE,TRUE,FALSE,FALSE,FALSE,03/07/2026,agency,172618
LS-04442,Yaounde,Mvan,duplex,2,1,62.3,26,1,FALSE,FALSE,FALSE,FALSE,FALSE,2026-07-22,portal,58564
LS-03065,Yaounde,Golf,studio,0,1,32.3,15,4,TRUE,TRUE,TRUE,TRUE,FALSE,2025-11-30,informal,75966
LS-02471,Yaounde,Mimboman,apartment,2,1,95.4,22,4,FALSE,TRUE,FALSE,FALSE,FALSE,2026-04-24,agency,106531
LS-00044,Yaounde,Omnisport,apartment,1,1,46.3,15,0,FALSE,TRUE,TRUE,FALSE,FALSE,2026-07-20,agency,97853
LS-00114,Douala,Deido,villa,2,2,78.9,12,0,FALSE,FALSE,FALSE,TRUE,FALSE,2026-04-07,agency,165960
LS-00132,Douala,Logpom,apartment,2,1,63.8,22,3,FALSE,FALSE,TRUE,FALSE,FALSE,2026-08-06,informal,65981
LS-01243,Douala,Bonapriso,apartment,1,2,62.6,26,1,FALSE,FALSE,TRUE,TRUE,FALSE,2025-12-14,agency,266370
LS-02391,Yaounde,Omnisport,villa,3,3,97.5,8,0,FALSE,TRUE,FALSE,TRUE,FALSE,2026-01-15,portal,317425
LS-02439,Yaounde,Nsam,apartment,3,2,90.6,6,3,TRUE,FALSE,TRUE,FALSE,FALSE,2026-06-20,agency,131565
LS-00354,Douala,Bonaberi,duplex,2,2,61.6,6,0,TRUE,FALSE,FALSE,FALSE,FALSE,2026-07-25,informal,117156
LS-00755,Yaounde,Omnisport,duplex,3,3,98.2,0,1,TRUE,FALSE,TRUE,TRUE,FALSE,12/10/2025,informal,256328
LS-01987,Yaounde,Nsam,villa,3,3,99.7,35,0,FALSE,FALSE,TRUE,FALSE,FALSE,2025-10-02,portal,144512
LS-04742,Douala,Ndokoti,duplex,2,1,68.0,7,1,FALSE,FALSE,TRUE,FALSE,FALSE,2026-03-19,portal,127030
LS-05651,Douala,Deido,duplex,4,3,133.9,12,3,TRUE,FALSE,FALSE,FALSE,FALSE,2026-07-17,informal,517041
LS-02096,Douala,New Bell,apartment,3,3,109.6,13,2,FALSE,FALSE,FALSE,FALSE,TRUE,2025-08-26,agency,220953
LS-03178,Douala,New Bell,studio,4,2,117.8 m2,0,1,FALSE,FALSE,TRUE,FALSE,FALSE,2026-06-26,agency,"454,783"
LS-02791,Douala,Bonaberi,studio,2,1,68.8,9,1,FALSE,FALSE,TRUE,FALSE,TRUE,15/02/2026,portal,86031
LS-02609,Yaounde,Mendong,studio,2,2,82.8,0,3,FALSE,FALSE,TRUE,FALSE,FALSE,2026-03-28,agency,125657
LS-04689,Douala,Bonanjo,villa,1,1,40.9,8,2,FALSE,TRUE,TRUE,FALSE,FALSE,2026-08-14,agency,229481
LS-05993,Yaounde,Nkolbisson,apartment,3,4,99.5,19,1,FALSE,FALSE,FALSE,FALSE,FALSE,2026-08-12,agency,177042
LS-00603,Douala,PK14,studio,2,2,65.3,23,1,FALSE,FALSE,FALSE,TRUE,FALSE,2025-09-22,agency,67702
LS-02225,Yaounde,Emana,chambre moderne,2,2,57.7,0,3,FALSE,FALSE,TRUE,FALSE,FALSE,2025-08-23,agency,98613
LS-02806,Douala,Bonamoussadi,studio,4,4,126.0,30,0,TRUE,FALSE,TRUE,TRUE,FALSE,2025-12-29,informal,511519
LS-00664,Yaounde,Nkolbisson,studio,5,4,165.6 m2,14,3,FALSE,FALSE,FALSE,FALSE,FALSE,2026-08-24,portal,488391
LS-01258,Yaounde,Mimboman,duplex,1,2,50.2,30,0,FALSE,TRUE,TRUE,FALSE,FALSE,2025-08-30,portal,98665
LS-03296,Douala,Bonaberi,studio,2,3,80.4,9,1,FALSE,FALSE,FALSE,FALSE,FALSE,2026-04-02,informal,108740
LS-03488,Douala,Bonapriso,duplex,3,3,91.5,14,0,TRUE,TRUE,TRUE,FALSE,FALSE,2026-02-08,agency,456226
LS-00201,Douala,New Bell,apartment,2,3,99.7,11,4,FALSE,FALSE,FALSE,FALSE,FALSE,2026-03-06,informal,237600
LS-00336,Yaounde,Nsam,duplex,4,3,116.6,0,1,FALSE,FALSE,FALSE,TRUE,FALSE,2026-02-28,agency,384323
LS-02443,Douala,PK14,studio,2,1,67.9,28,1,TRUE,FALSE,FALSE,FALSE,FALSE,2026-02-17,agency,126863
LS-01632,Yaounde,Omnisport,apartment,3,3,100.3,18,0,FALSE,TRUE,FALSE,TRUE,FALSE,2025-12-29,agency,284097
LS-04959,Douala,Ndokoti,apartment,1,2,57.8,20,0,FALSE,FALSE,FALSE,FALSE,FALSE,23/06/2026,informal,
LS-02527,Douala,Logpom,studio,3,3,89.7,21,0,TRUE,TRUE,FALSE,TRUE,FALSE,09/07/2025,informal,381922
LS-00770,Yaounde,Omnisport,apartment,3,2,94.9,4,3,TRUE,FALSE,FALSE,FALSE,FALSE,2026-07-21,informal,403845
LS-02154,Yaounde,Nkolbisson,villa,1,1,44.6,9,4,FALSE,FALSE,TRUE,FALSE,FALSE,2025-12-20,informal,48299
LS-00766,Yaounde,Mimboman,apartment,1,1,46.4,11,1,TRUE,FALSE,FALSE,FALSE,FALSE,2026-05-05,agency,84569
LS-03426,Douala,Logpom,chambre moderne,5,4,159.4,26,0,TRUE,TRUE,TRUE,TRUE,FALSE,2026-08-05,informal,541178
LS-06053,Douala,New Bell,apartment,1,2,37.1,24,1,FALSE,TRUE,TRUE,FALSE,FALSE,2025-08-16,portal,76358
LS-03357,Douala,Bonamoussadi,studio,5,2,143.9,17,0,TRUE,FALSE,FALSE,TRUE,TRUE,2025-10-02,portal,1125209
LS-02295,Douala,New Bell,studio,3,3,99.2,1,3,FALSE,FALSE,TRUE,FALSE,FALSE,2026-07-01,informal,255565
LS-03875,Yaounde,Mendong,apartment,2,2,50.5,22,2,FALSE,TRUE,FALSE,FALSE,TRUE,01/08/2026,agency,178066
LS-05037,Douala,Bonamoussadi,chambre moderne,1,2,218.1,23,0,TRUE,TRUE,FALSE,FALSE,FALSE,2025-10-13,agency,733607
LS-01135,Douala,Logpom,apartment,2,2,65.4,1,0,FALSE,FALSE,FALSE,FALSE,TRUE,2025-11-29,portal,164548
LS-04963,Yaounde,Nkolbisson,studio,1,1,47.2,22,0,FALSE,FALSE,FALSE,FALSE,FALSE,2025-12-06,informal,
LS-04665,Yaounde,Emana,villa,1,2,53.6 m2,13,4,FALSE,TRUE,TRUE,FALSE,FALSE,2026-06-23,informal,79215
LS-00355,Yaounde,Mimboman,apartment,2,2,82.2,7,3,no,FALSE,TRUE,FALSE,FALSE,20/07/2025,agency,188912
LS-05345,Yaounde,Mvan,chambre moderne,0,1,17.7,14,1,FALSE,TRUE,TRUE,FALSE,FALSE,17/07/2025,agency,56913
LS-05567,Yaounde,Nsam,studio,2,2,89.6,6,1,FALSE,TRUE,FALSE,FALSE,FALSE,2026-04-08,informal,195329
LS-02847,Yaounde,Golf,chambre moderne,2,3,77.8,27,1,FALSE,FALSE,TRUE,FALSE,FALSE,2026-08-03,informal,
LS-00047,Yaounde,Emana,apartment,4,3,130.3,12,4,FALSE,FALSE,TRUE,FALSE,FALSE,2025-12-23,informal,"301,644"
LS-02353,Douala,Logpom,studio,3,3,93.6,26,3,FALSE,FALSE,TRUE,FALSE,FALSE,28/05/2026,agency,203064
LS-04775,Yaounde,Omnisport,apartment,3,3,96.5,9,3,FALSE,TRUE,TRUE,TRUE,FALSE,2026-06-09,agency,390381
LS-01822,Douala,New Bell,chambre moderne,1,1,49.2,9,1,FALSE,FALSE,FALSE,FALSE,FALSE,2026-03-14,agency,100304
LS-03769,Yaounde,Mvog-Betsi,villa,3,2,98.7,14,1,FALSE,TRUE,TRUE,FALSE,FALSE,2025-10-06,informal,
LS-02141,Douala,PK14,apartment,3,3,95.1,2,0,FALSE,FALSE,FALSE,FALSE,FALSE,2026-06-15,agency,175240
LS-01873,Douala,New Bell,apartment,2,2,65.1,0,1,FALSE,FALSE,FALSE,TRUE,FALSE,2026-01-05,agency,88680
LS-01419,Douala,Akwa,apartment,1,2,43.1,0,3,FALSE,TRUE,TRUE,TRUE,FALSE,2026-06-23,agency,126128
LS-02103,Yaounde,Biyem-Assi,chambre moderne,1,1,44.3,17,1,TRUE,FALSE,FALSE,FALSE,FALSE,2026-01-29,agency,70924
LS-04453,Douala,PK14,studio,1,2,54.6,12,1,FALSE,TRUE,FALSE,FALSE,FALSE,2025-07-24,agency,62174
LS-04918,Yaounde,Mvog-Betsi,apartment,2,2,64.6,14,2,TRUE,FALSE,TRUE,TRUE,FALSE,2026-02-23,agency,"210,211"
LS-04217,Douala,Bonapriso,apartment,3,2,103.5,27,3,TRUE,TRUE,TRUE,TRUE,TRUE,2025-11-04,agency,614241
LS-02965,Douala,New Bell,apartment,3,3,85.9,19,1,FALSE,FALSE,TRUE,FALSE,FALSE,08/05/2026,agency,183319
LS-01921,Douala,Akwa,apartment,2,2,65.1,8,3,TRUE,TRUE,FALSE,FALSE,FALSE,2026-07-20,agency,297528
LS-03600,Yaounde,Bastos,apartment,0,1,20.3,0,3,TRUE,FALSE,TRUE,TRUE,FALSE,2026-03-15,portal,97521
LS-01692,Douala,Akwa,apartment,4,2,123.4,34,0,TRUE,FALSE,FALSE,FALSE,FALSE,27/08/2025,agency,415981
LS-01923,Yaounde,Omnisport,villa,2,1,84.7,36,0,TRUE,FALSE,TRUE,FALSE,FALSE,2026-06-09,portal,140967
LS-03436,Yaounde,Mvan,villa,4,3,134.5,14,0,yes,FALSE,FALSE,FALSE,FALSE,10/07/2026,agency,333835
LS-04366,Yaounde,Mimboman,apartment,0,1,23.5,7,0,FALSE,FALSE,FALSE,FALSE,FALSE,2025-12-07,agency,47564
LS-02592,Douala,Akwa,apartment,5,2,138.3,9,3,FALSE,TRUE,TRUE,TRUE,TRUE,2026-05-04,agency,853466
LS-00282,Yaounde,Biyem-Assi,duplex,2,2,65.6,5,3,FALSE,FALSE,TRUE,TRUE,FALSE,09/10/2025,agency,139889
LS-02412,Yaounde,Mvan,studio,2,2,57.1,4,1,FALSE,FALSE,FALSE,FALSE,FALSE,2025-12-23,informal,
LS-04028,Yaounde,Omnisport,apartment,3,2,107.1,17,4,FALSE,TRUE,TRUE,FALSE,FALSE,2026-02-17,informal,
LS-04027,Yaounde,Emana,apartment,3,3,94.2,20,1,FALSE,FALSE,FALSE,FALSE,FALSE,2025-10-13,agency,147934
LS-01319,Douala,Bonaberi,chambre moderne,3,3,107.9,7,1,FALSE,FALSE,FALSE,FALSE,FALSE,2026-01-21,agency,259105
LS-01190,Douala,Bonamoussadi,villa,2,1,85.3,18,0,FALSE,FALSE,FALSE,TRUE,FALSE,2026-07-22,agency,292322
LS-00426,Douala,Bonamoussadi,apartment,2,3,83.2,30,3,TRUE,TRUE,TRUE,TRUE,FALSE,2025-10-18,informal,259795
LS-00382,Yaounde,Omnisport,apartment,2,2,64.5,16,3,FALSE,FALSE,FALSE,TRUE,FALSE,2026-01-19,informal,154654
LS-02442,Douala,PK14,duplex,1,1,25.0,13,1,FALSE,FALSE,FALSE,FALSE,FALSE,2026-07-03,portal,42897
LS-05092,Douala,Bonamoussadi,villa,2,2,56.6,21,1,FALSE,FALSE,TRUE,TRUE,TRUE,2026-02-03,portal,127763
LS-00951,Douala,Makepe,villa,2,1,74.9,6,1,TRUE,FALSE,TRUE,FALSE,FALSE,2026-03-01,agency,235947
LS-02530,Douala,Bonanjo,duplex,4,2,123.0,13,0,FALSE,TRUE,FALSE,TRUE,FALSE,2025-08-14,informal,499316
LS-01456,Yaounde,Nkolbisson,studio,1,2,30.2,29,3,FALSE,FALSE,TRUE,FALSE,FALSE,2025-09-03,agency,63200
LS-05126,Douala,Bonamoussadi,apartment,2,3,68.7,27,2,FALSE,TRUE,TRUE,TRUE,FALSE,2025-07-24,informal,150749
LS-02814,Yaounde,Etoudi,studio,4,3,123.9,9,3,TRUE,FALSE,FALSE,FALSE,FALSE,2026-08-02,informal,425550
LS-00548,Douala,Deido,apartment,3,1,95.3,18,0,TRUE,FALSE,TRUE,TRUE,FALSE,2026-05-21,agency,163149
LS-02564,Yaounde,Nkolbisson,apartment,0,1,14.0,7,1,FALSE,FALSE,TRUE,FALSE,FALSE,2026-08-13,agency,73167
LS-03489,Yaounde,Mvog-Betsi,apartment,2,2,87.7,14,4,no,FALSE,FALSE,FALSE,FALSE,2026-05-17,agency,240252
LS-05598,Yaounde,Emana,apartment,1,2,53.7,0,0,FALSE,FALSE,TRUE,FALSE,FALSE,2025-11-03,agency,100522
LS-04341,Douala,Akwa,apartment,3,2,87.3,5,4,FALSE,FALSE,FALSE,FALSE,TRUE,04/02/2026,portal,445836
LS-02671,Douala,Logpom,villa,1,1,30.2,10,3,FALSE,TRUE,FALSE,FALSE,FALSE,2026-03-17,informal,85258
LS-05194,Douala,New Bell,apartment,1,2,38.5,12,3,FALSE,FALSE,TRUE,FALSE,FALSE,2026-02-05,portal,77626
LS-06062,Douala,Deido,chambre moderne,2,2,73.7,16,2,FALSE,FALSE,FALSE,FALSE,FALSE,01/09/2025,agency,102549
LS-03415,Yaounde,Mendong,villa,3,3,89.5,20,3,no,FALSE,FALSE,FALSE,FALSE,13/04/2026,agency,112987
LS-06095,Douala,Ndokoti,studio,2,3,90.1,11,1,FALSE,TRUE,FALSE,FALSE,FALSE,2026-01-01,portal,216458
LS-05398,Yaounde,Bastos,apartment,1,2,30.6,22,0,TRUE,FALSE,FALSE,FALSE,TRUE,2026-05-04,informal,
LS-04076,Yaounde,Bastos,chambre moderne,2,2,69.0,8,0,TRUE,TRUE,TRUE,TRUE,FALSE,2025-10-02,portal,272618
LS-02271,Yaounde,Biyem-Assi,apartment,0,1,14.0,26,4,FALSE,FALSE,FALSE,FALSE,FALSE,2026-07-27,informal,45912
LS-05136,Yaounde,Nsam,apartment,5,4,152.5,25,2,FALSE,TRUE,FALSE,TRUE,FALSE,2025-08-06,agency,440949
LS-05959,Douala,Ndokoti,chambre moderne,1,1,69.7,45,0,FALSE,TRUE,FALSE,TRUE,FALSE,2025-10-24,portal,90794
LS-00753,Yaounde,Golf,duplex,2,3,82.2,37,1,TRUE,TRUE,TRUE,FALSE,FALSE,2026-01-01,agency,202439
LS-01397,Yaounde,Nsam,chambre moderne,1,1,38.9,14,4,FALSE,FALSE,FALSE,TRUE,TRUE,2025-11-08,agency,125555
LS-04103,Yaounde,Biyem-Assi,studio,4,3,116.4,20,2,FALSE,TRUE,FALSE,FALSE,FALSE,30/06/2026,portal,255339
LS-04935,Douala,Bonapriso,apartment,3,2,103.8,20,4,TRUE,FALSE,TRUE,TRUE,TRUE,08/07/2026,agency,268809
LS-05676,Yaounde,Biyem-Assi,villa,2,2,89.0,4,1,TRUE,FALSE,FALSE,FALSE,FALSE,2025-11-01,agency,167182
LS-05491,Douala,PK14,villa,2,2,73.6,5,0,TRUE,FALSE,FALSE,FALSE,FALSE,2026-01-31,informal,
LS-01340,Yaounde,Golf,apartment,2,2,66.8,21,0,FALSE,TRUE,FALSE,TRUE,TRUE,2025-07-10,agency,240678
LS-01775,Yaounde,Nkolbisson,apartment,1,1,55.2,12,2,no,FALSE,FALSE,FALSE,FALSE,2025-09-28,informal,99390
LS-02036,Yaounde,Golf,chambre moderne,1,2,38.4 m2,13,3,no,TRUE,FALSE,TRUE,FALSE,2026-03-21,agency,233861
LS-01137,Yaounde,Nkolbisson,apartment,0,1,31.6,21,4,FALSE,FALSE,FALSE,FALSE,FALSE,2026-04-08,informal,40510
LS-05158,Yaounde,Etoudi,chambre moderne,3,2,84.1,8,4,TRUE,FALSE,TRUE,FALSE,FALSE,2025-08-22,agency,203163
LS-02582,Douala,Makepe,apartment,0,1,30.0 m2,25,2,TRUE,TRUE,TRUE,FALSE,FALSE,2025-09-08,agency,56541
LS-02933,Yaounde,Omnisport,chambre moderne,3,2,111.2 m2,16,1,FALSE,TRUE,TRUE,FALSE,FALSE,2025-12-28,portal,355593
LS-03029,Yaounde,Nsam,apartment,1,2,29.5,21,1,FALSE,FALSE,FALSE,FALSE,TRUE,2025-12-28,portal,76270
LS-00476,Yaounde,Mvog-Betsi,duplex,1,2,53.2,9,1,TRUE,FALSE,FALSE,FALSE,FALSE,2026-06-11,informal,
LS-06119,Yaounde,Biyem-Assi,chambre moderne,2,2,81.0,24,3,FALSE,FALSE,TRUE,FALSE,FALSE,2026-08-19,portal,97989
LS-01654,Douala,Akwa,chambre moderne,1,1,56.0,8,2,FALSE,TRUE,FALSE,FALSE,FALSE,2025-09-08,informal,
LS-06156,Yaounde,Mvan,duplex,5,4,141.1,12,0,FALSE,TRUE,TRUE,TRUE,FALSE,20/10/2025,portal,424679
LS-01092,Douala,Deido,apartment,0,1,14.0,2,2,FALSE,TRUE,TRUE,TRUE,TRUE,26/06/2026,informal,44942
LS-05985,Yaounde,Mendong,apartment,2,3,74.8,13,0,FALSE,FALSE,FALSE,FALSE,FALSE,2026-05-14,agency,144534
LS-03234,Yaounde,Mendong,chambre moderne,4,4,145.7,0,3,yes,FALSE,FALSE,FALSE,FALSE,2025-11-16,agency,"472,989"
LS-00130,Yaounde,Etoudi,studio,2,1,52.7,19,2,FALSE,FALSE,FALSE,FALSE,FALSE,2026-07-22,agency,77119
LS-05192,Yaounde,Golf,villa,0,1,14.0,18,0,TRUE,FALSE,TRUE,FALSE,TRUE,2025-09-01,agency,111363
LS-04392,Yaounde,Biyem-Assi,apartment,2,2,73.8,23,3,FALSE,FALSE,FALSE,TRUE,FALSE,03/11/2025,portal,143672
LS-00769,Douala,Makepe,studio,2,2,69.7,4,4,TRUE,TRUE,TRUE,FALSE,FALSE,2026-03-28,portal,171031
LS-02051,Douala,Akwa,apartment,0,1,15.3,32,1,FALSE,FALSE,FALSE,TRUE,FALSE,2026-05-14,portal,46298
LS-05573,Douala,Bonanjo,chambre moderne,0,1,31.4,6,4,no,TRUE,TRUE,TRUE,TRUE,2026-01-26,agency,147981
LS-06013,Douala,New Bell,apartment,2,3,95.1,7,1,FALSE,FALSE,TRUE,FALSE,FALSE,16/10/2025,informal,171525
LS-03838,Douala,Bonapriso,apartment,1,1,50.7,8,2,FALSE,TRUE,TRUE,TRUE,FALSE,2025-11-01,agency,231216
LS-00460,Yaounde,Mvog-Betsi,villa,2,2,102.2,20,2,TRUE,FALSE,FALSE,TRUE,TRUE,2025-12-14,informal,310126
LS-02634,Douala,New Bell,duplex,4,3,150.7,31,1,FALSE,FALSE,FALSE,FALSE,TRUE,2025-11-21,portal,469157
LS-05824,Douala,Bonaberi,villa,2,2,104.7,4,4,FALSE,FALSE,TRUE,FALSE,FALSE,2026-04-06,informal,201975
LS-00937,Douala,Makepe,chambre moderne,0,1,14.0,20,0,TRUE,FALSE,TRUE,FALSE,FALSE,2025-08-14,agency,75974
LS-04620,Douala,Bonamoussadi,apartment,1,2,44.3,4,4,TRUE,TRUE,FALSE,FALSE,TRUE,30/08/2025,agency,96624
LS-01170,Douala,Ndokoti,apartment,1,1,41.3,33,1,FALSE,FALSE,FALSE,FALSE,FALSE,2025-09-23,informal,54338
LS-02547,Douala,Akwa,studio,1,1,44.7,6,4,TRUE,TRUE,FALSE,FALSE,FALSE,2026-03-13,agency,103501
LS-05122,Yaounde,Bastos,villa,3,3,93.3,12,0,FALSE,TRUE,FALSE,TRUE,TRUE,2026-07-11,agency,380245
LS-01997,Douala,Bonaberi,villa,1,1,51.5,16,0,FALSE,TRUE,FALSE,FALSE,TRUE,2026-02-21,portal,69840
LS-01210,Douala,Bonamoussadi,apartment,3,2,79.3,11,4,FALSE,FALSE,TRUE,FALSE,TRUE,2026-06-10,portal,314431
LS-02458,Yaounde,Etoudi,apartment,4,2,133.3,11,2,FALSE,FALSE,TRUE,FALSE,FALSE,2025-11-09,portal,399425
LS-01743,Douala,Bonapriso,apartment,3,3,86.3,20,4,TRUE,TRUE,TRUE,TRUE,TRUE,2026-01-10,agency,468496
LS-02267,Douala,Logpom,studio,2,3,288.2,1,0,TRUE,FALSE,TRUE,FALSE,FALSE,2026-04-03,informal,
LS-04900,Douala,Makepe,studio,0,1,14.8,16,0,FALSE,FALSE,FALSE,FALSE,FALSE,2025-07-21,agency,66104
LS-00504,Douala,Deido,villa,0,1,20.4,18,0,TRUE,FALSE,TRUE,FALSE,TRUE,2026-06-11,agency,72369
LS-02843,Yaounde,Biyem-Assi,chambre moderne,2,1,55.5,16,1,FALSE,FALSE,FALSE,FALSE,FALSE,2025-10-13,informal,
LS-01062,Yaounde,Mvog-Betsi,villa,4,3,126.7,13,0,TRUE,FALSE,TRUE,FALSE,FALSE,2026-02-19,agency,495893
LS-05882,Douala,Bepanda,apartment,3,3,105.8,0,0,TRUE,FALSE,FALSE,FALSE,FALSE,22/07/2026,agency,371623
LS-05073,Yaounde,Mvog-Betsi,studio,3,4,104.9,12,4,FALSE,FALSE,TRUE,FALSE,FALSE,2025-12-08,agency,304773
LS-04174,Yaounde,Mimboman,apartment,1,1,48.1,14,0,TRUE,FALSE,TRUE,FALSE,FALSE,2025-10-19,agency,106037
LS-05922,Douala,Bepanda,duplex,2,2,82.4 m2,4,0,FALSE,FALSE,TRUE,FALSE,FALSE,2026-04-05,informal,122909
LS-03105,Yaounde,Omnisport,chambre moderne,1,2,63.2,27,4,yes,TRUE,TRUE,FALSE,FALSE,2025-11-10,informal,99344
LS-02129,Yaounde,Golf,studio,2,2,76.5,8,1,FALSE,TRUE,TRUE,FALSE,FALSE,05/09/2025,agency,366946
LS-01214,Yaounde,Nkolbisson,villa,1,2,43.3,6,4,TRUE,FALSE,FALSE,FALSE,FALSE,19/08/2025,agency,88879
LS-05988,Douala,Bonamoussadi,chambre moderne,3,2,70.0,0,1,FALSE,FALSE,TRUE,FALSE,FALSE,2026-04-19,agency,330903
LS-02705,Douala,Makepe,studio,1,1,42.2,15,1,FALSE,TRUE,FALSE,FALSE,FALSE,12/08/2025,agency,135133
LS-03800,Yaounde,Emana,apartment,4,3,118.7,13,1,FALSE,FALSE,FALSE,FALSE,FALSE,2026-07-21,agency,262483
LS-00649,Douala,Deido,apartment,3,3,106.5,18,0,yes,FALSE,TRUE,FALSE,FALSE,2025-09-11,informal,
LS-00759,Yaounde,Mvan,chambre moderne,1,2,52.0,2,3,FALSE,FALSE,FALSE,FALSE,FALSE,2026-06-18,agency,"95,248"
LS-00073,Douala,PK14,apartment,2,1,67.3,36,2,FALSE,FALSE,FALSE,FALSE,FALSE,2026-08-23,agency,"57,093"
LS-04131,Yaounde,Omnisport,studio,3,4,107.0,9,0,FALSE,FALSE,FALSE,FALSE,TRUE,2025-09-01,agency,464974
LS-01481,Yaounde,Golf,apartment,1,1,39.1,6,2,TRUE,TRUE,TRUE,TRUE,FALSE,2026-02-15,agency,179881
LS-05898,Douala,Ndokoti,duplex,2,2,72.7,19,0,TRUE,TRUE,FALSE,FALSE,FALSE,2025-10-14,agency,113089
LS-00842,Yaounde,Emana,studio,2,2,64.1,27,2,FALSE,TRUE,FALSE,FALSE,FALSE,19/09/2025,portal,94310
LS-03302,Yaounde,Biyem-Assi,studio,0,1,30.6,7,0,FALSE,FALSE,FALSE,FALSE,FALSE,2025-10-04,agency,74641
LS-01453,Yaounde,Mvan,apartment,3,2,97.6,24,3,FALSE,FALSE,TRUE,FALSE,FALSE,08/08/2026,agency,"218,162"
LS-03531,Yaounde,Mendong,apartment,1,1,63.3,30,3,FALSE,FALSE,TRUE,FALSE,FALSE,2026-02-09,agency,91257
LS-03419,Douala,Ndokoti,apartment,0,1,19.3,25,1,FALSE,FALSE,FALSE,FALSE,FALSE,2025-09-30,agency,59977
LS-01675,Yaounde,Mendong,apartment,3,2,85.5,5,3,FALSE,FALSE,FALSE,FALSE,FALSE,2026-01-14,agency,215139
LS-03134,Douala,Bonaberi,apartment,1,1,55.1,36,1,FALSE,FALSE,TRUE,FALSE,FALSE,19/08/2025,portal,84432
LS-05537,Douala,Logpom,studio,1,2,47.6,16,1,FALSE,FALSE,FALSE,TRUE,FALSE,26/07/2026,agency,106856
LS-03961,Yaounde,Mimboman,apartment,0,1,14.0,14,1,FALSE,FALSE,FALSE,FALSE,FALSE,2026-05-22,informal,
LS-04965,Douala,PK14,duplex,2,1,74.0,17,3,FALSE,FALSE,FALSE,FALSE,FALSE,2025-09-22,agency,98818
LS-05228,Douala,Makepe,apartment,3,3,89.1,19,1,FALSE,FALSE,FALSE,FALSE,TRUE,25/02/2026,agency,278180
LS-02928,Douala,Deido,duplex,3,3,94.5,19,1,FALSE,FALSE,TRUE,TRUE,FALSE,2025-09-18,informal,171548
LS-04180,Douala,Bonanjo,chambre moderne,2,2,49.8,38,0,FALSE,TRUE,TRUE,FALSE,TRUE,2026-04-25,portal,130212
LS-03629,Douala,Bonamoussadi,duplex,4,3,129.8,18,0,FALSE,TRUE,FALSE,FALSE,FALSE,2025-07-19,portal,631506
LS-04086,Yaounde,Bastos,duplex,3,2,124.6,10,1,TRUE,FALSE,TRUE,TRUE,TRUE,12/04/2026,informal,640491
LS-01277,Douala,Bepanda,chambre moderne,2,1,81.5,6,0,FALSE,FALSE,TRUE,FALSE,FALSE,2026-06-30,agency,157899
LS-00793,Yaounde,Mimboman,villa,0,1,16.8,19,4,FALSE,FALSE,TRUE,FALSE,FALSE,2025-09-06,portal,35573
LS-05752,Yaounde,Mvog-Betsi,studio,2,3,71.0,14,3,FALSE,TRUE,FALSE,FALSE,FALSE,2026-08-13,agency,171208
LS-02153,Douala,Bonamoussadi,duplex,1,2,72.2,12,3,FALSE,TRUE,TRUE,TRUE,TRUE,2026-03-17,agency,"252,949"
LS-04800,Yaounde,Emana,studio,5,3,160.0,11,0,FALSE,FALSE,FALSE,FALSE,FALSE,2026-07-17,agency,500660
LS-01070,Douala,Akwa,studio,2,2,60.7,3,4,FALSE,FALSE,TRUE,FALSE,FALSE,2026-08-03,agency,240313
LS-02638,Yaounde,Emana,apartment,1,2,55.8,44,1,FALSE,FALSE,FALSE,FALSE,FALSE,2025-11-26,agency,62333
LS-05186,Douala,Logpom,studio,3,3,116.5,14,3,TRUE,FALSE,TRUE,FALSE,FALSE,2026-02-26,portal,374235
LS-04578,Douala,Bepanda,chambre moderne,4,2,122.8,13,4,FALSE,FALSE,FALSE,FALSE,FALSE,05/04/2026,informal,
LS-03110,Yaounde,Nsam,villa,3,3,103.7,3,4,FALSE,FALSE,FALSE,FALSE,FALSE,2026-02-06,portal,224322
LS-04349,Douala,Bonapriso,apartment,1,2,65.8,19,3,TRUE,TRUE,TRUE,FALSE,FALSE,2025-10-18,agency,273563
LS-02360,Douala,Ndokoti,chambre moderne,0,1,25.2,31,0,FALSE,FALSE,FALSE,TRUE,FALSE,2026-08-19,agency,61231
LS-00324,Yaounde,Etoudi,studio,4,3,128.9,17,0,TRUE,FALSE,FALSE,FALSE,FALSE,2026-08-19,agency,"308,448"
LS-02967,Yaounde,Biyem-Assi,chambre moderne,3,2,100.3,28,1,FALSE,FALSE,TRUE,FALSE,FALSE,2025-10-31,agency,286819
LS-01857,Yaounde,Mvog-Betsi,studio,0,1,14.0,23,2,FALSE,FALSE,FALSE,FALSE,FALSE,2025-11-29,agency,43660
LS-01739,Yaounde,Emana,villa,3,3,100.0,32,0,FALSE,TRUE,TRUE,FALSE,FALSE,2026-01-02,agency,191441
LS-05050,Yaounde,Etoudi,studio,3,3,97.6,14,2,FALSE,FALSE,FALSE,FALSE,FALSE,2026-06-16,agency,163959
LS-04347,Yaounde,Mvog-Betsi,duplex,2,2,60.0,0,3,FALSE,FALSE,FALSE,FALSE,FALSE,17/07/2025,agency,130616
LS-00321,Douala,Makepe,apartment,1,2,44.8,33,2,FALSE,FALSE,TRUE,FALSE,FALSE,2025-10-20,agency,"90,098"
LS-02520,Douala,PK14,apartment,0,1,28.1,12,0,FALSE,FALSE,TRUE,FALSE,FALSE,2025-10-11,informal,49865
LS-05654,Yaounde,Emana,villa,3,2,116.7,15,0,yes,FALSE,FALSE,FALSE,TRUE,04/06/2026,agency,176049
LS-01641,Douala,Ndokoti,studio,4,4,128.4,7,2,FALSE,TRUE,TRUE,FALSE,FALSE,2026-02-07,portal,351446
LS-03602,Douala,Deido,apartment,3,2,97.6,10,1,yes,FALSE,FALSE,TRUE,FALSE,2025-11-23,portal,298198
LS-04277,Douala,Akwa,villa,2,3,58.8,29,3,FALSE,FALSE,FALSE,TRUE,FALSE,2025-12-07,portal,225653
LS-05265,Douala,Ndokoti,villa,2,2,62.1,9,2,FALSE,FALSE,FALSE,FALSE,TRUE,2025-12-16,agency,137537
LS-02195,Douala,Makepe,studio,2,3,72.8 m2,3,0,FALSE,TRUE,TRUE,FALSE,FALSE,26/02/2026,agency,114568
LS-01860,Douala,Makepe,studio,1,1,39.5,11,0,FALSE,FALSE,TRUE,FALSE,FALSE,2026-03-25,agency,96456
LS-05018,Yaounde,Etoudi,duplex,3,3,102.2,14,3,FALSE,FALSE,FALSE,TRUE,FALSE,2026-06-14,informal,249843
LS-01549,Yaounde,Nkolbisson,studio,2,2,88.8,16,3,TRUE,FALSE,FALSE,FALSE,FALSE,2026-04-18,informal,99670
LS-03522,Yaounde,Biyem-Assi,apartment,5,3,162.7,4,0,FALSE,FALSE,FALSE,FALSE,FALSE,2026-02-19,agency,730290
LS-06032,Douala,Makepe,duplex,0,1,101.1,0,0,FALSE,FALSE,TRUE,FALSE,FALSE,2026-02-11,agency,563098
LS-01819,Douala,Deido,studio,1,1,53.0,12,3,no,FALSE,FALSE,FALSE,FALSE,2026-07-14,agency,55108
LS-01661,Yaounde,Etoudi,apartment,0,1,28.1,0,0,TRUE,FALSE,TRUE,FALSE,FALSE,2025-07-10,portal,73360
LS-00552,Douala,Makepe,apartment,1,1,53.7,21,1,FALSE,TRUE,TRUE,TRUE,FALSE,12/02/2026,agency,126264
LS-02300,Douala,Deido,studio,3,3,101.8,14,0,FALSE,TRUE,FALSE,FALSE,FALSE,2025-08-02,agency,218406
LS-03731,Yaounde,Golf,studio,1,1,46.9,24,3,TRUE,FALSE,FALSE,FALSE,TRUE,2025-09-01,agency,131519
LS-01221,Yaounde,Etoudi,studio,3,3,93.7,12,4,TRUE,FALSE,FALSE,FALSE,FALSE,2025-11-03,informal,176174
LS-02380,Douala,Bonamoussadi,studio,3,2,98.0,0,4,FALSE,FALSE,FALSE,TRUE,FALSE,2025-07-16,agency,355636
LS-02404,Douala,Bonapriso,studio,1,2,38.9,32,1,FALSE,TRUE,FALSE,TRUE,FALSE,2026-02-09,portal,170547
LS-04393,Douala,PK14,chambre moderne,1,2,45.3,0,0,FALSE,FALSE,FALSE,TRUE,FALSE,2026-03-20,agency,54667
LS-00339,Yaounde,Mvog-Betsi,apartment,4,4,123.8,23,1,TRUE,FALSE,TRUE,FALSE,TRUE,2025-12-09,informal,523841
LS-05317,Yaounde,Emana,villa,4,3,130.1,2,3,FALSE,FALSE,FALSE,FALSE,FALSE,2026-04-09,portal,308438
LS-00246,Yaounde,Mvog-Betsi,studio,1,2,70.7,3,4,no,FALSE,FALSE,FALSE,FALSE,2025-10-16,agency,89201
LS-05115,Yaounde,Nkolbisson,studio,3,2,113.6,39,0,FALSE,FALSE,FALSE,FALSE,FALSE,10/01/2026,agency,163400
LS-02331,Douala,Bonanjo,apartment,0,1,15.7,0,0,FALSE,TRUE,TRUE,TRUE,TRUE,2025-10-22,portal,117221
LS-05247,Douala,Bonamoussadi,chambre moderne,2,2,81.6,13,1,TRUE,TRUE,TRUE,TRUE,FALSE,2026-03-04,portal,329242
LS-02219,Yaounde,Mimboman,studio,2,1,79.5,12,3,FALSE,FALSE,FALSE,FALSE,FALSE,17/09/2025,informal,
LS-04303,Douala,Bonapriso,apartment,1,1,49.2,32,1,TRUE,TRUE,FALSE,TRUE,FALSE,2026-02-28,agency,270773
LS-04982,Yaounde,Mvog-Betsi,apartment,4,3,130.9,1,2,FALSE,FALSE,FALSE,FALSE,FALSE,2025-09-16,agency,440314
LS-00445,Yaounde,Nkolbisson,villa,4,3,125.4,26,0,TRUE,FALSE,TRUE,FALSE,FALSE,2025-08-16,agency,350326
LS-02702,Yaounde,Bastos,studio,2,1,54.7,10,2,FALSE,FALSE,FALSE,TRUE,FALSE,2026-03-21,agency,229775
LS-02042,Yaounde,Nsam,apartment,5,3,161.8,39,1,FALSE,TRUE,TRUE,FALSE,FALSE,2026-05-11,portal,475818
LS-01399,Douala,Deido,apartment,3,3,88.3,5,3,FALSE,FALSE,TRUE,FALSE,TRUE,2025-09-09,agency,305572
LS-05822,Yaounde,Nkolbisson,apartment,0,1,36.7,4,4,FALSE,FALSE,FALSE,FALSE,FALSE,2026-03-27,agency,82926
LS-01485,Yaounde,Nkolbisson,studio,0,1,14.0,16,4,FALSE,TRUE,FALSE,FALSE,FALSE,2026-07-16,informal,"40,562"
LS-04300,Douala,Bonaberi,apartment,0,1,16.4,0,0,FALSE,TRUE,FALSE,FALSE,FALSE,2025-08-25,portal,55270
LS-02068,Yaounde,Nsam,chambre moderne,2,3,54.8,2,0,FALSE,TRUE,FALSE,FALSE,FALSE,2025-12-16,agency,86646
LS-03895,Douala,Logpom,villa,2,2,78.5,10,0,FALSE,FALSE,TRUE,FALSE,TRUE,2025-07-19,agency,203273
LS-02080,Yaounde,Mimboman,apartment,2,1,67.1,30,4,FALSE,FALSE,FALSE,FALSE,FALSE,2025-10-19,portal,89365
LS-02317,Douala,Bonanjo,villa,1,1,60.5,17,4,TRUE,FALSE,TRUE,TRUE,FALSE,2025-07-29,agency,182120
LS-03008,Douala,Bepanda,apartment,4,4,117.4,0,0,FALSE,FALSE,FALSE,FALSE,FALSE,2026-02-05,portal,390317
LS-05436,Yaounde,Mimboman,studio,3,2,119.6,17,3,FALSE,FALSE,TRUE,FALSE,FALSE,2025-12-06,portal,145613
LS-05287,Douala,Logpom,apartment,1,2,55.8,17,0,FALSE,FALSE,TRUE,FALSE,FALSE,2025-12-07,portal,101299
LS-05812,Yaounde,Mendong,chambre moderne,1,1,38.9,18,2,TRUE,FALSE,FALSE,FALSE,FALSE,2026-05-25,informal,
LS-01872,Yaounde,Mimboman,apartment,2,3,84.1,32,2,FALSE,FALSE,FALSE,FALSE,FALSE,2025-11-13,agency,137432
LS-05682,Yaounde,Etoudi,apartment,1,1,60.4,16,0,FALSE,FALSE,TRUE,FALSE,FALSE,2026-02-03,informal,"78,895"
LS-03726,Douala,Akwa,chambre moderne,4,3,128.2,23,1,TRUE,TRUE,FALSE,TRUE,FALSE,2025-09-25,portal,528806
LS-02128,Douala,New Bell,studio,0,1,20.3,31,3,FALSE,FALSE,FALSE,FALSE,FALSE,2025-11-28,agency,23931
LS-01494,Douala,PK14,apartment,2,3,71.1,8,1,FALSE,FALSE,TRUE,FALSE,FALSE,2025-10-03,portal,105379
LS-02264,Yaounde,Bastos,chambre moderne,2,3,69.2,22,0,TRUE,TRUE,TRUE,TRUE,TRUE,09/12/2025,agency,478828
LS-03593,Douala,New Bell,apartment,3,2,102.4,7,2,FALSE,FALSE,FALSE,FALSE,FALSE,2026-06-12,portal,167296
LS-04424,Douala,New Bell,villa,1,2,47.4,24,0,FALSE,FALSE,FALSE,FALSE,TRUE,2026-04-05,informal,92022
LS-03965,Douala,PK14,apartment,2,1,59.9,6,1,FALSE,FALSE,TRUE,FALSE,FALSE,2026-06-20,agency,"81,915"
LS-04999,Yaounde,Biyem-Assi,apartment,3,3,87.2,21,1,FALSE,FALSE,FALSE,FALSE,FALSE,2025-09-22,agency,257140
LS-02146,Douala,Deido,apartment,4,3,113.8 m2,2,0,TRUE,FALSE,TRUE,TRUE,FALSE,20/08/2026,informal,381883
LS-00840,Douala,Bonapriso,duplex,0,1,22.0,9,1,FALSE,FALSE,TRUE,TRUE,TRUE,2026-05-14,informal,
LS-04101,Douala,Bepanda,chambre moderne,1,1,53.3,4,0,FALSE,FALSE,TRUE,FALSE,FALSE,2025-12-04,agency,123325
LS-04238,Douala,PK14,chambre moderne,4,4,114.9,6,3,FALSE,FALSE,FALSE,FALSE,FALSE,2026-01-21,agency,240932
LS-01299,Yaounde,Golf,apartment,3,3,101.7,5,0,TRUE,TRUE,TRUE,FALSE,TRUE,2025-09-13,agency,382446
LS-00505,Yaounde,Omnisport,studio,2,2,77.6,7,3,FALSE,FALSE,TRUE,TRUE,FALSE,2026-05-19,informal,200154
LS-05880,Yaounde,Bastos,apartment,1,1,21.0,20,2,FALSE,TRUE,TRUE,TRUE,TRUE,2026-08-06,portal,136681
LS-04429,Douala,Bonamoussadi,apartment,4,2,147.0,28,1,FALSE,TRUE,FALSE,FALSE,FALSE,2025-12-10,informal,
LS-03836,Douala,Logpom,studio,2,1,63.7,11,1,TRUE,FALSE,TRUE,FALSE,FALSE,2026-07-29,portal,145119
LS-01553,Douala,Ndokoti,duplex,2,3,151.3,0,3,no,FALSE,TRUE,FALSE,FALSE,2025-07-20,agency,731933
LS-01778,Yaounde,Etoudi,duplex,1,1,45.1,24,3,yes,FALSE,FALSE,TRUE,FALSE,2026-04-02,agency,95935
LS-05035,Douala,Logpom,apartment,1,1,33.5,5,0,TRUE,FALSE,FALSE,FALSE,FALSE,2026-05-09,agency,112525
LS-00202,Douala,Akwa,studio,3,2,101.8,5,1,FALSE,FALSE,TRUE,FALSE,FALSE,2026-03-10,portal,229725
LS-01975,Yaounde,Nkolbisson,apartment,2,1,79.8,7,4,FALSE,TRUE,FALSE,FALSE,FALSE,09/04/2026,agency,"114,547"
LS-04475,Yaounde,Emana,villa,3,2,90.6,34,4,FALSE,FALSE,FALSE,FALSE,FALSE,2026-05-21,agency,142911
LS-01563,Douala,Bonaberi,apartment,3,1,87.5,17,3,FALSE,FALSE,FALSE,FALSE,FALSE,2026-07-14,informal,130709
LS-04846,Yaounde,Golf,studio,2,3,74.0,28,4,TRUE,TRUE,FALSE,FALSE,FALSE,2025-08-23,portal,150189
LS-02629,Douala,New Bell,chambre moderne,2,2,57.4,3,3,TRUE,FALSE,TRUE,FALSE,FALSE,2026-06-09,agency,88892
LS-00470,Yaounde,Etoudi,apartment,3,2,94.6,12,2,FALSE,FALSE,FALSE,FALSE,FALSE,2025-10-20,portal,179592
LS-02999,Yaounde,Golf,apartment,1,1,61.5,15,3,FALSE,TRUE,TRUE,FALSE,FALSE,2026-08-08,informal,208663
LS-02558,Yaounde,Mendong,apartment,4,2,129.7,3,0,FALSE,TRUE,FALSE,FALSE,FALSE,2025-09-11,portal,337503
LS-04319,Yaounde,Nkolbisson,apartment,0,1,33.2,27,0,FALSE,FALSE,FALSE,FALSE,FALSE,2025-08-18,portal,28810
LS-00030,Douala,New Bell,chambre moderne,3,3,106.3,4,0,FALSE,FALSE,FALSE,FALSE,FALSE,2026-07-12,informal,
LS-06126,Yaounde,Etoudi,apartment,3,2,99.0,18,4,FALSE,TRUE,TRUE,FALSE,FALSE,2025-08-08,portal,174709
LS-01833,Douala,Deido,studio,1,1,47.7,29,3,FALSE,TRUE,FALSE,FALSE,TRUE,2025-07-12,informal,
LS-00742,Douala,Ndokoti,apartment,0,1,14.0,5,3,FALSE,FALSE,FALSE,FALSE,TRUE,2026-03-01,portal,"51,870"
LS-05542,Yaounde,Etoudi,apartment,1,2,18.1,16,4,TRUE,FALSE,TRUE,FALSE,FALSE,2026-02-22,agency,81434
LS-03345,Douala,Deido,villa,2,2,65.6,8,0,TRUE,FALSE,FALSE,FALSE,FALSE,2026-04-24,agency,175826
LS-05154,Douala,Deido,apartment,4,3,126.8,10,0,FALSE,FALSE,FALSE,TRUE,FALSE,2026-06-21,agency,255178
LS-00330,Yaounde,Mendong,duplex,2,2,85.8,4,4,FALSE,FALSE,TRUE,FALSE,FALSE,2026-03-31,agency,197903
LS-01341,Douala,Logpom,apartment,1,1,52.2,11,1,FALSE,TRUE,TRUE,FALSE,FALSE,2026-04-16,portal,100496
LS-02594,Yaounde,Mimboman,chambre moderne,1,2,31.8,0,1,FALSE,FALSE,FALSE,FALSE,FALSE,2025-12-28,agency,69168
LS-04911,Yaounde,Mendong,chambre moderne,2,1,73.2,0,1,FALSE,FALSE,FALSE,FALSE,FALSE,2025-11-25,agency,114201
LS-01805,Yaounde,Mimboman,duplex,2,2,57.4,15,0,FALSE,FALSE,FALSE,FALSE,FALSE,30/01/2026,agency,118177
LS-05961,Douala,Bonanjo,apartment,0,1,20.9,13,1,FALSE,TRUE,TRUE,FALSE,FALSE,2026-03-08,agency,162245
LS-05706,Douala,Makepe,villa,0,1,14.0,10,1,no,TRUE,FALSE,FALSE,TRUE,2026-07-14,agency,61104
LS-06083,Yaounde,Golf,apartment,3,4,96.3 m2,24,0,FALSE,FALSE,TRUE,FALSE,FALSE,2025-12-05,agency,"411,770"
LS-01964,Yaounde,Nsam,apartment,2,1,93.7,26,1,FALSE,FALSE,FALSE,FALSE,FALSE,2025-10-14,informal,
LS-05020,Douala,Bepanda,studio,1,2,48.2,9,0,FALSE,TRUE,TRUE,FALSE,FALSE,2025-11-19,informal,
LS-05097,Yaounde,Golf,chambre moderne,2,3,65.0,23,0,FALSE,FALSE,TRUE,FALSE,FALSE,2025-07-06,informal,240831
LS-00859,Douala,Deido,duplex,4,4,108.3,20,2,FALSE,FALSE,FALSE,TRUE,FALSE,27/12/2025,agency,575260
LS-03487,Yaounde,Nkolbisson,apartment,4,3,114.2,15,4,FALSE,FALSE,FALSE,FALSE,FALSE,2025-11-11,agency,209550
LS-05008,Douala,Bonapriso,apartment,2,2,57.9,6,0,TRUE,TRUE,TRUE,FALSE,FALSE,2025-10-17,portal,240006
LS-04266,Douala,Bonamoussadi,apartment,3,2,98.0,10,4,FALSE,FALSE,TRUE,TRUE,TRUE,2026-07-14,agency,668770
LS-03503,Yaounde,Nkolbisson,apartment,4,2,127.0,0,1,TRUE,FALSE,FALSE,TRUE,FALSE,19/05/2026,informal,406403
LS-01133,Douala,Deido,apartment,4,2,143.2,11,0,FALSE,FALSE,FALSE,FALSE,FALSE,2025-07-28,portal,356949
LS-02192,Yaounde,Bastos,apartment,3,2,105.1,10,0,FALSE,FALSE,FALSE,FALSE,FALSE,2025-11-22,informal,517512
LS-02469,Yaounde,Mimboman,apartment,1,2,51.1,17,1,FALSE,FALSE,FALSE,FALSE,FALSE,2026-07-19,agency,111676
LS-00619,Douala,Ndokoti,villa,2,1,44.2,2,0,FALSE,FALSE,TRUE,TRUE,FALSE,2025-09-11,portal,78832
LS-03176,Douala,Makepe,duplex,3,3,110.1,11,1,TRUE,FALSE,FALSE,FALSE,FALSE,24/11/2025,informal,369732
LS-04338,Yaounde,Bastos,apartment,2,3,64.1,22,1,FALSE,TRUE,FALSE,FALSE,TRUE,2026-02-24,portal,241190
LS-03591,Douala,Bonanjo,chambre moderne,2,2,84.3,15,4,TRUE,TRUE,TRUE,TRUE,FALSE,2026-02-22,informal,438054
LS-01443,Yaounde,Omnisport,studio,0,1,33.0,23,0,TRUE,FALSE,FALSE,FALSE,FALSE,2026-06-28,portal,102558
LS-02318,Douala,Deido,chambre moderne,5,3,168.4,12,3,FALSE,FALSE,FALSE,FALSE,FALSE,2025-08-05,agency,461172
LS-04623,Yaounde,Etoudi,duplex,0,1,17.7,16,1,FALSE,FALSE,TRUE,FALSE,FALSE,2026-06-24,portal,48629
LS-01078,Douala,New Bell,apartment,4,3,122.4,20,0,FALSE,FALSE,FALSE,FALSE,FALSE,2025-10-05,portal,367072
LS-03291,Douala,Bonapriso,chambre moderne,3,4,99.3,19,2,TRUE,TRUE,FALSE,FALSE,FALSE,2026-01-05,agency,381391
LS-04415,Yaounde,Biyem-Assi,apartment,3,4,108.2,13,4,TRUE,FALSE,TRUE,FALSE,FALSE,2026-08-12,agency,332981
LS-01658,Yaounde,Mimboman,villa,1,2,53.0,31,2,FALSE,FALSE,FALSE,FALSE,FALSE,2025-08-03,agency,50841
LS-00782,Douala,Bonamoussadi,studio,2,2,57.4,30,1,no,FALSE,TRUE,FALSE,FALSE,17/07/2025,agency,155885
LS-05647,Yaounde,Mendong,chambre moderne,1,1,60.6,32,3,TRUE,TRUE,FALSE,FALSE,FALSE,2026-07-12,agency,55117
LS-01104,Douala,Bepanda,apartment,0,1,17.6,39,2,FALSE,FALSE,FALSE,FALSE,FALSE,2025-08-29,informal,38819
LS-01790,Douala,Makepe,apartment,2,2,73.4,2,2,TRUE,FALSE,FALSE,FALSE,FALSE,2025-11-19,portal,138671
LS-04124,Yaounde,Bastos,duplex,1,1,43.4,3,0,FALSE,FALSE,TRUE,FALSE,TRUE,2025-08-30,portal,134207
LS-00454,Douala,Bonanjo,apartment,2,2,69.7,25,1,TRUE,FALSE,TRUE,FALSE,FALSE,01/07/2025,agency,197356
LS-01740,Douala,Bonamoussadi,apartment,1,1,46.1,18,0,FALSE,TRUE,FALSE,FALSE,FALSE,2025-09-03,portal,135469
LS-00584,Yaounde,Mvog-Betsi,chambre moderne,2,1,81.3,15,0,FALSE,FALSE,FALSE,FALSE,FALSE,2026-04-10,agency,114883
LS-03156,Yaounde,Nsam,apartment,1,1,53.1,18,0,FALSE,FALSE,FALSE,FALSE,FALSE,2026-08-05,agency,94496
LS-00953,Douala,Ndokoti,apartment,1,2,41.4,11,4,FALSE,FALSE,FALSE,FALSE,FALSE,12/07/2026,agency,84747
LS-02366,Douala,Bepanda,apartment,1,1,46.6,2,0,FALSE,FALSE,FALSE,FALSE,FALSE,2026-06-04,portal,91079
LS-02555,Douala,Ndokoti,studio,1,2,60.4 m2,13,0,FALSE,FALSE,FALSE,FALSE,FALSE,2026-03-12,informal,
LS-04657,Yaounde,Emana,apartment,1,2,33.6,13,0,FALSE,TRUE,FALSE,FALSE,FALSE,17/07/2025,portal,37994
LS-02682,Douala,Logpom,studio,2,2,71.4,17,0,FALSE,FALSE,TRUE,FALSE,TRUE,2026-08-14,agency,162845
LS-04811,Yaounde,Emana,apartment,0,1,32.7,13,4,TRUE,FALSE,FALSE,FALSE,FALSE,2026-07-29,portal,51998
LS-01516,Yaounde,Mvan,chambre moderne,1,1,72.8,5,0,FALSE,TRUE,TRUE,FALSE,TRUE,2025-12-20,informal,176966
LS-03642,Yaounde,Biyem-Assi,duplex,3,2,85.3,16,1,FALSE,TRUE,TRUE,FALSE,TRUE,2026-06-07,agency,242783
LS-01064,Douala,PK14,chambre moderne,1,2,52.3,30,1,FALSE,FALSE,TRUE,FALSE,FALSE,18/10/2025,informal,68819
LS-02441,Douala,Ndokoti,apartment,0,1,17.1,2,3,FALSE,TRUE,FALSE,FALSE,FALSE,2026-02-10,agency,55194
LS-02502,Yaounde,Etoudi,apartment,3,2,113.4,0,0,TRUE,FALSE,TRUE,TRUE,TRUE,2026-02-03,agency,406192
LS-03160,Douala,Ndokoti,chambre moderne,3,3,104.2,17,4,FALSE,FALSE,FALSE,FALSE,FALSE,2026-03-05,agency,165108
LS-04299,Yaounde,Etoudi,chambre moderne,0,1,14.0,0,2,FALSE,FALSE,TRUE,FALSE,FALSE,2026-07-01,portal,49121
LS-05290,Douala,Bonanjo,apartment,2,1,80.6,35,0,TRUE,TRUE,TRUE,FALSE,FALSE,2026-06-20,agency,256346
LS-01469,Yaounde,Etoudi,villa,3,3,109.6,21,0,TRUE,FALSE,FALSE,FALSE,FALSE,2026-03-20,portal,288677
LS-00745,Douala,Bonamoussadi,apartment,3,3,97.5,8,2,FALSE,TRUE,TRUE,TRUE,FALSE,2026-06-21,informal,229351
LS-02700,Douala,Bonanjo,apartment,1,2,44.1,24,3,TRUE,FALSE,TRUE,FALSE,FALSE,2026-05-06,informal,195688
LS-03142,Douala,New Bell,apartment,3,2,103.6,13,1,FALSE,FALSE,FALSE,FALSE,FALSE,07/03/2026,portal,220197
LS-05548,Douala,Akwa,apartment,4,3,114.8,0,1,TRUE,TRUE,FALSE,FALSE,FALSE,21/03/2026,portal,496994
LS-00595,Yaounde,Nsam,villa,2,3,65.3,1,3,FALSE,FALSE,FALSE,FALSE,FALSE,2025-09-10,agency,144019
LS-05513,Douala,Bonanjo,apartment,3,3,101.4,20,1,FALSE,FALSE,TRUE,FALSE,FALSE,2026-01-06,portal,264812
LS-04794,Yaounde,Omnisport,duplex,2,2,82.1,9,0,TRUE,TRUE,FALSE,FALSE,FALSE,2026-02-15,informal,246852
LS-05788,Douala,Bonanjo,apartment,2,2,52.5,21,0,FALSE,FALSE,TRUE,FALSE,TRUE,2026-08-06,agency,174027
LS-06198,Yaounde,Omnisport,studio,2,2,65.6,0,0,FALSE,FALSE,FALSE,FALSE,TRUE,2025-11-02,agency,179191
LS-02687,Yaounde,Nsam,apartment,2,2,73.4,16,0,FALSE,TRUE,FALSE,FALSE,TRUE,2025-09-29,informal,177234
LS-01036,Yaounde,Mendong,apartment,3,2,106.2,23,2,FALSE,FALSE,TRUE,FALSE,FALSE,2026-01-13,informal,138520
LS-03465,Douala,Bonanjo,apartment,1,2,44.3,20,0,FALSE,TRUE,TRUE,FALSE,FALSE,2026-04-10,informal,113171
LS-04886,Yaounde,Biyem-Assi,apartment,2,1,81.4,4,4,FALSE,FALSE,TRUE,FALSE,FALSE,2026-07-22,informal,111956
LS-01288,Douala,Logpom,studio,4,3,110.8,15,1,FALSE,FALSE,FALSE,FALSE,FALSE,2026-05-25,agency,409350
LS-00471,Douala,Bonamoussadi,apartment,3,2,80.0,16,3,FALSE,FALSE,TRUE,FALSE,TRUE,2025-12-31,agency,204570
LS-00556,Douala,Makepe,apartment,1,1,49.1,13,3,FALSE,TRUE,FALSE,FALSE,TRUE,2026-07-08,agency,209835
LS-02416,Yaounde,Golf,duplex,1,1,50.8 m2,21,1,FALSE,FALSE,TRUE,TRUE,FALSE,2025-07-19,agency,130333
LS-02903,Yaounde,Mvan,studio,1,2,61.9,0,1,FALSE,FALSE,TRUE,TRUE,FALSE,2025-07-02,agency,152490
LS-02519,Yaounde,Mimboman,duplex,2,1,63.3,14,1,FALSE,FALSE,FALSE,FALSE,FALSE,2026-02-20,informal,89289
LS-01970,Douala,Bonapriso,apartment,0,1,14.0,10,1,TRUE,TRUE,TRUE,TRUE,TRUE,2025-07-05,agency,105411
LS-05834,Yaounde,Omnisport,apartment,1,2,60.7,8,1,FALSE,FALSE,FALSE,FALSE,FALSE,2026-05-26,portal,121836
LS-05973,Douala,Logpom,villa,3,2,93.5,3,4,FALSE,TRUE,FALSE,TRUE,FALSE,2025-12-25,informal,
LS-03928,Douala,Bonamoussadi,villa,5,3,156.2,14,4,TRUE,FALSE,TRUE,TRUE,TRUE,2025-07-19,agency,960773
LS-03279,Yaounde,Etoudi,duplex,2,2,85.3,8,4,FALSE,FALSE,FALSE,TRUE,TRUE,2026-05-03,portal,137276
LS-02518,Douala,Bonamoussadi,villa,5,3,146.4 m2,16,3,TRUE,FALSE,TRUE,FALSE,FALSE,2025-10-11,agency,1077514
LS-01076,Douala,Deido,apartment,2,1,84.7 m2,23,1,FALSE,TRUE,FALSE,FALSE,FALSE,2026-04-09,agency,139884
LS-01918,Douala,Deido,duplex,2,2,76.9,0,0,TRUE,FALSE,FALSE,FALSE,FALSE,21/04/2026,agency,126766
LS-04854,Douala,Logpom,apartment,2,2,60.1,13,3,TRUE,FALSE,TRUE,TRUE,FALSE,2026-07-24,agency,139189
LS-03708,Yaounde,Nkolbisson,apartment,1,1,157.9,13,1,FALSE,TRUE,FALSE,FALSE,FALSE,2026-08-11,agency,333579
LS-02375,Yaounde,Mvog-Betsi,apartment,0,1,14.0,2,1,FALSE,FALSE,TRUE,FALSE,FALSE,2026-06-03,informal,46287
LS-02226,Douala,Bonaberi,apartment,3,2,92.5,10,4,FALSE,FALSE,FALSE,FALSE,FALSE,2026-06-06,portal,209185
LS-01150,Douala,Ndokoti,apartment,2,2,69.8,7,1,FALSE,FALSE,FALSE,TRUE,FALSE,2025-07-31,portal,"98,052"
LS-02888,Yaounde,Omnisport,apartment,4,4,109.5,14,1,TRUE,FALSE,FALSE,FALSE,FALSE,2026-06-14,informal,
LS-00855,Yaounde,Bastos,villa,3,3,94.9,18,1,TRUE,TRUE,TRUE,TRUE,FALSE,2026-05-31,agency,377298
LS-00786,Yaounde,Omnisport,duplex,2,2,49.9,43,0,TRUE,FALSE,FALSE,TRUE,FALSE,2025-07-10,portal,218711
LS-03205,Yaounde,Nsam,studio,1,1,33.7,0,1,FALSE,TRUE,FALSE,FALSE,FALSE,2025-12-30,informal,76477
LS-05340,Yaounde,Mvog-Betsi,apartment,1,2,61.3,21,0,FALSE,TRUE,TRUE,TRUE,FALSE,2026-06-12,portal,122567
LS-02485,Douala,Bonanjo,duplex,5,4,156.4,20,1,FALSE,TRUE,TRUE,TRUE,FALSE,2025-07-11,portal,1042325
LS-00323,Douala,Bonanjo,duplex,3,3,93.4,3,0,FALSE,FALSE,TRUE,TRUE,FALSE,2026-07-09,agency,175662
LS-05029,Douala,Makepe,apartment,2,2,85.5,19,1,FALSE,FALSE,TRUE,FALSE,FALSE,2026-02-18,agency,267939
LS-03790,Douala,Bonanjo,apartment,4,3,102.8,5,4,TRUE,TRUE,TRUE,TRUE,TRUE,2025-10-01,agency,868413
LS-00603,Douala,PK14,studio,2,2,65.3,23,1,FALSE,FALSE,FALSE,TRUE,FALSE,2025-09-22,agency,67702
LS-01592,Yaounde,Omnisport,chambre moderne,1,2,139.3,1,1,FALSE,FALSE,TRUE,FALSE,TRUE,05/12/2025,portal,994518
LS-03636,Yaounde,Bastos,apartment,3,2,94.2,21,3,TRUE,FALSE,FALSE,FALSE,FALSE,2025-09-25,agency,383892
LS-00242,Douala,Deido,apartment,2,2,75.6,5,2,FALSE,FALSE,FALSE,FALSE,FALSE,2025-09-01,agency,134852
LS-01189,Douala,Ndokoti,villa,3,3,112.3,15,3,FALSE,FALSE,FALSE,FALSE,FALSE,2026-03-04,portal,288489
LS-03221,Douala,Logpom,apartment,2,1,60.1,24,1,FALSE,FALSE,FALSE,FALSE,FALSE,2025-08-10,informal,
LS-01600,Yaounde,Biyem-Assi,villa,2,2,75.9,30,1,TRUE,TRUE,FALSE,FALSE,FALSE,2025-07-03,agency,146992
LS-03637,Yaounde,Mvog-Betsi,apartment,3,3,99.0,21,0,FALSE,FALSE,FALSE,FALSE,FALSE,2026-07-24,informal,169598
LS-06100,Douala,PK14,apartment,2,2,90.3,16,1,FALSE,FALSE,FALSE,FALSE,FALSE,2026-05-21,agency,130034
LS-01960,Yaounde,Golf,apartment,4,3,120.8,14,1,TRUE,FALSE,FALSE,TRUE,FALSE,2026-04-22,portal,807089
LS-05662,Douala,Bonamoussadi,duplex,5,3,160.1,26,0,FALSE,FALSE,TRUE,FALSE,FALSE,2026-07-17,agency,543984
LS-04769,Yaounde,Mimboman,apartment,2,1,68.9,7,2,FALSE,FALSE,FALSE,FALSE,FALSE,2025-09-26,informal,68975
LS-00645,Yaounde,Golf,apartment,3,2,104.2,4,1,TRUE,FALSE,TRUE,FALSE,FALSE,2026-01-30,portal,420635
LS-01593,Yaounde,Mendong,studio,2,2,79.1,26,3,TRUE,FALSE,FALSE,FALSE,FALSE,2026-07-22,agency,122625
LS-01806,Douala,Bepanda,duplex,2,2,63.3,19,0,FALSE,FALSE,TRUE,FALSE,FALSE,16/07/2026,portal,99768
LS-00121,Douala,Logpom,chambre moderne,3,2,105.1,22,0,FALSE,TRUE,TRUE,FALSE,FALSE,2025-07-12,agency,262567
LS-01927,Douala,Bonamoussadi,studio,3,2,99.4,0,1,FALSE,FALSE,FALSE,FALSE,FALSE,2025-09-12,agency,394583
LS-03137,Yaounde,Mvog-Betsi,chambre moderne,3,2,68.1,19,0,FALSE,FALSE,FALSE,FALSE,TRUE,2025-09-17,agency,166780
LS-03433,Douala,Makepe,duplex,2,2,92.2,4,0,FALSE,FALSE,TRUE,TRUE,TRUE,2025-10-16,agency,296990
LS-05541,Yaounde,Nsam,apartment,0,1,30.3,13,1,TRUE,FALSE,TRUE,FALSE,FALSE,2026-02-11,portal,58448
LS-03052,Yaounde,Mvan,duplex,2,3,80.0,8,0,TRUE,FALSE,FALSE,FALSE,FALSE,2026-04-12,informal,114112
LS-03831,Yaounde,Nkolbisson,duplex,0,1,21.4,5,3,FALSE,FALSE,TRUE,FALSE,FALSE,2025-10-05,portal,43096
LS-02944,Yaounde,Mimboman,chambre moderne,2,2,87.3,14,2,no,FALSE,FALSE,FALSE,FALSE,25/08/2026,agency,159947
LS-05412,Douala,Bonaberi,apartment,2,3,64.5,27,3,TRUE,FALSE,TRUE,FALSE,FALSE,2026-06-10,agency,171757
LS-02044,Douala,Akwa,duplex,1,2,46.8,24,0,TRUE,TRUE,TRUE,FALSE,FALSE,2026-03-02,portal,142124
LS-04704,Douala,Bepanda,apartment,2,2,76.3,4,2,FALSE,FALSE,FALSE,FALSE,FALSE,2026-01-09,agency,167530
LS-02872,Yaounde,Bastos,apartment,2,1,82.0,29,1,TRUE,FALSE,TRUE,TRUE,TRUE,2026-01-14,informal,351683
LS-03218,Yaounde,Omnisport,villa,1,1,26.2,11,0,FALSE,FALSE,FALSE,TRUE,FALSE,2025-11-13,agency,90569
LS-04881,Douala,PK14,apartment,3,3,98.2,16,0,FALSE,TRUE,FALSE,FALSE,FALSE,2026-07-27,agency,198025
LS-06001,Douala,Bonaberi,chambre moderne,4,3,130.1,13,4,TRUE,FALSE,FALSE,FALSE,FALSE,08/08/2025,portal,371930
LS-03808,Douala,Bonamoussadi,apartment,3,4,105.8,12,4,FALSE,FALSE,TRUE,FALSE,FALSE,2025-09-12,portal,478297
LS-01187,Douala,New Bell,apartment,3,2,97.2,29,1,FALSE,FALSE,TRUE,FALSE,FALSE,2025-09-18,agency,182791
LS-00676,Douala,Bepanda,chambre moderne,2,2,81.7,7,0,FALSE,FALSE,TRUE,FALSE,FALSE,2026-07-11,agency,158231
LS-04193,Yaounde,Nsam,apartment,3,2,111.7,22,4,FALSE,FALSE,FALSE,FALSE,FALSE,2026-04-22,agency,172723
LS-00956,Yaounde,Mvan,chambre moderne,2,1,53.2,24,0,no,TRUE,TRUE,FALSE,FALSE,2026-03-27,portal,72498
LS-01772,Yaounde,Biyem-Assi,villa,2,2,65.6,32,2,TRUE,TRUE,FALSE,FALSE,FALSE,23/09/2025,portal,87047
LS-04267,Yaounde,Bastos,villa,2,3,45.5,0,0,FALSE,TRUE,FALSE,TRUE,FALSE,2025-09-17,informal,227463
LS-01075,Yaounde,Mvan,villa,3,3,101.3,17,1,FALSE,FALSE,FALSE,FALSE,TRUE,2025-08-07,agency,244384
LS-03113,Yaounde,Bastos,apartment,2,2,54.6,12,1,TRUE,FALSE,FALSE,TRUE,TRUE,2026-03-21,informal,225379
LS-05159,Douala,Bonapriso,duplex,1,2,58.9,16,0,TRUE,TRUE,TRUE,FALSE,FALSE,2025-09-10,agency,190866
LS-04662,Yaounde,Mvan,studio,1,1,67.9,0,0,FALSE,TRUE,FALSE,FALSE,FALSE,2025-07-26,agency,71777
LS-03941,Douala,PK14,apartment,3,4,100.7 m2,29,2,FALSE,FALSE,FALSE,FALSE,FALSE,2026-03-26,portal,158280
LS-00015,Douala,Akwa,apartment,3,3,89.7,1,1,FALSE,FALSE,FALSE,FALSE,FALSE,2026-04-03,agency,228459
LS-04430,Douala,Bonanjo,apartment,4,3,126.1,13,1,FALSE,FALSE,FALSE,FALSE,FALSE,05/03/2026,portal,848039
LS-06161,Douala,New Bell,apartment,3,2,93.2,7,0,FALSE,FALSE,TRUE,FALSE,FALSE,2026-07-25,agency,242015
LS-01973,Yaounde,Emana,apartment,0,1,14.8,18,4,FALSE,FALSE,FALSE,FALSE,FALSE,23/07/2026,portal,46410
LS-04108,Douala,Bonaberi,studio,5,4,135.4,32,4,FALSE,FALSE,TRUE,TRUE,FALSE,22/08/2025,agency,418896
LS-06043,Yaounde,Omnisport,apartment,2,2,78.9,7,0,FALSE,FALSE,TRUE,FALSE,FALSE,2025-09-23,informal,291480
LS-04570,Yaounde,Emana,apartment,2,1,77.7,12,3,FALSE,FALSE,FALSE,FALSE,FALSE,2026-01-24,informal,
LS-05887,Yaounde,Etoudi,apartment,2,2,69.2,0,1,TRUE,FALSE,TRUE,FALSE,TRUE,2026-08-24,portal,143440
LS-02098,Douala,Bonanjo,duplex,0,1,14.0,0,4,TRUE,TRUE,TRUE,TRUE,TRUE,2026-07-16,agency,104736
LS-00432,Douala,Deido,studio,2,2,70.2,7,0,FALSE,TRUE,TRUE,FALSE,TRUE,2026-08-12,agency,227024
LS-04831,Douala,PK14,apartment,1,2,56.1,15,2,FALSE,FALSE,FALSE,FALSE,FALSE,2026-03-01,portal,82151
LS-04031,Douala,Bonanjo,apartment,3,2,92.0,13,2,FALSE,TRUE,FALSE,FALSE,TRUE,2026-07-02,agency,310578
LS-04401,Douala,Bonaberi,studio,1,1,58.5,13,0,FALSE,FALSE,FALSE,FALSE,FALSE,10/12/2025,agency,111144
LS-04291,Douala,Logpom,apartment,3,3,123.7 m2,1,1,TRUE,TRUE,TRUE,FALSE,FALSE,2025-11-23,agency,654236
LS-04066,Douala,Bonaberi,studio,3,2,101.6,9,1,FALSE,FALSE,FALSE,FALSE,FALSE,2026-07-26,portal,201966
LS-04878,Yaounde,Mendong,studio,2,1,61.2,6,1,FALSE,TRUE,TRUE,FALSE,FALSE,2025-11-23,agency,69088
LS-05373,Yaounde,Bastos,villa,1,2,49.2 m2,0,1,TRUE,TRUE,TRUE,FALSE,TRUE,2025-12-14,portal,231691
LS-00405,Douala,Bonapriso,apartment,2,2,54.7,15,1,FALSE,FALSE,FALSE,FALSE,TRUE,13/01/2026,portal,169402
LS-04702,Yaounde,Mendong,studio,2,2,72.9,17,0,FALSE,FALSE,TRUE,FALSE,TRUE,2026-05-23,agency,"157,897"
LS-04189,Yaounde,Mvog-Betsi,duplex,3,2,98.2,9,0,TRUE,TRUE,TRUE,TRUE,FALSE,2025-10-02,informal,
LS-05533,Douala,Makepe,duplex,1,2,47.7,24,0,FALSE,FALSE,TRUE,TRUE,FALSE,2026-02-22,agency,155578
LS-04559,Yaounde,Biyem-Assi,apartment,5,3,158.6,17,4,FALSE,FALSE,FALSE,FALSE,FALSE,2026-01-31,portal,341913
LS-01222,Yaounde,Mendong,villa,2,1,75.2,21,1,FALSE,FALSE,FALSE,FALSE,FALSE,2025-10-16,portal,104072
LS-01944,Douala,Bonaberi,apartment,1,2,41.3,7,0,TRUE,TRUE,FALSE,FALSE,FALSE,2025-10-11,agency,98858
LS-05625,Douala,Bonanjo,duplex,0,1,14.0,22,4,TRUE,FALSE,FALSE,FALSE,FALSE,2025-09-27,informal,93950
LS-00447,Douala,PK14,studio,0,1,29.8,22,0,FALSE,FALSE,FALSE,FALSE,FALSE,15/02/2026,agency,51823
LS-04420,Douala,New Bell,apartment,3,2,83.2,28,0,FALSE,FALSE,FALSE,FALSE,FALSE,2025-09-25,agency,140278
LS-00363,Douala,Bonapriso,chambre moderne,2,2,66.0,10,2,TRUE,TRUE,TRUE,FALSE,TRUE,2026-01-05,informal,297281
LS-01373,Yaounde,Mvog-Betsi,duplex,2,2,84.9,2,0,FALSE,FALSE,FALSE,TRUE,TRUE,2026-03-30,agency,270207
LS-00829,Yaounde,Bastos,apartment,1,2,29.2,18,1,TRUE,TRUE,FALSE,TRUE,FALSE,2026-03-18,portal,203087
LS-01868,Yaounde,Mimboman,apartment,4,4,127.2,39,1,FALSE,FALSE,FALSE,FALSE,FALSE,2025-12-23,agency,268066
LS-04427,Douala,Bonapriso,apartment,1,1,59.2,12,3,TRUE,TRUE,TRUE,TRUE,FALSE,2025-12-20,informal,172419
LS-04413,Douala,Bepanda,apartment,3,3,77.0,10,1,FALSE,FALSE,FALSE,FALSE,FALSE,2025-10-09,agency,311261
LS-06103,Yaounde,Mimboman,studio,3,3,76.9,17,1,FALSE,FALSE,FALSE,FALSE,FALSE,2026-07-21,agency,133384
LS-02477,Douala,Deido,studio,3,3,105.1,13,4,TRUE,FALSE,FALSE,TRUE,FALSE,07/04/2026,agency,300528
LS-01008,Yaounde,Bastos,duplex,1,1,56.1,12,4,FALSE,FALSE,TRUE,FALSE,FALSE,2026-08-11,informal,133959
LS-01648,Yaounde,Biyem-Assi,apartment,2,2,58.3,0,0,TRUE,TRUE,TRUE,FALSE,FALSE,29/09/2025,agency,118015
LS-04095,Yaounde,Etoudi,apartment,2,1,82.1,5,0,FALSE,FALSE,TRUE,FALSE,FALSE,2026-02-24,portal,183569
LS-04943,Douala,New Bell,duplex,2,3,84.5,20,0,FALSE,TRUE,FALSE,FALSE,FALSE,2025-12-03,portal,163512
LS-04237,Yaounde,Omnisport,apartment,0,1,39.0,12,2,FALSE,FALSE,FALSE,FALSE,FALSE,2026-05-27,agency,86304
LS-01682,Douala,Akwa,apartment,2,3,71.6,18,2,TRUE,FALSE,TRUE,TRUE,FALSE,2026-02-11,portal,199474
LS-01026,Yaounde,Biyem-Assi,apartment,4,3,146.2,23,3,FALSE,FALSE,TRUE,TRUE,FALSE,2026-04-02,informal,386466
LS-03018,Yaounde,Mvan,studio,5,4,138.4,19,0,FALSE,FALSE,FALSE,FALSE,TRUE,20/03/2026,agency,841391
LS-02767,Douala,Deido,studio,2,2,103.0,21,2,no,TRUE,TRUE,TRUE,FALSE,2025-08-30,portal,181757
LS-05148,Yaounde,Biyem-Assi,apartment,1,1,43.1,0,1,TRUE,TRUE,TRUE,FALSE,FALSE,2025-12-18,informal,
LS-04581,Yaounde,Mimboman,apartment,0,1,14.0,18,4,FALSE,FALSE,FALSE,FALSE,FALSE,2026-07-07,agency,71771
LS-03863,Yaounde,Etoudi,studio,2,1,104.5,11,3,FALSE,FALSE,FALSE,FALSE,FALSE,2025-08-23,agency,334683
LS-05030,Yaounde,Golf,chambre moderne,0,1,51.7,0,1,FALSE,FALSE,TRUE,TRUE,FALSE,2026-04-24,informal,
LS-00586,Douala,New Bell,villa,0,1,14.0,17,0,FALSE,FALSE,FALSE,FALSE,FALSE,2025-12-12,agency,29857
LS-05935,Yaounde,Omnisport,duplex,1,1,42.6,21,4,FALSE,FALSE,FALSE,TRUE,TRUE,20/11/2025,agency,170792
LS-02370,Yaounde,Mendong,chambre moderne,3,3,98.6,17,0,FALSE,FALSE,FALSE,FALSE,FALSE,2025-10-27,agency,127957
LS-02058,Yaounde,Nkolbisson,apartment,3,3,98.3 m2,1,1,FALSE,FALSE,FALSE,FALSE,FALSE,2026-07-21,agency,179161
LS-05203,Yaounde,Nsam,studio,1,2,46.7,24,4,FALSE,FALSE,FALSE,FALSE,FALSE,2026-06-22,agency,75318
LS-01517,Douala,PK14,villa,2,3,87.3,21,1,FALSE,FALSE,TRUE,FALSE,TRUE,2025-09-08,portal,210621
LS-04699,Yaounde,Nsam,villa,1,2,62.4,24,0,TRUE,TRUE,FALSE,FALSE,FALSE,2025-12-29,informal,125821
LS-05811,Douala,Akwa,villa,1,2,56.7,8,4,FALSE,FALSE,FALSE,TRUE,FALSE,2026-01-05,agency,"213,971"
LS-03197,Yaounde,Mendong,apartment,3,2,109.6,33,0,FALSE,FALSE,FALSE,FALSE,FALSE,2026-04-29,portal,197724
LS-05719,Yaounde,Nkolbisson,chambre moderne,4,4,131.0,20,0,FALSE,TRUE,FALSE,FALSE,TRUE,2025-07-11,portal,229332
LS-02695,Douala,Akwa,villa,1,1,59.3,12,2,FALSE,FALSE,TRUE,TRUE,FALSE,26/03/2026,portal,196097
LS-00461,Douala,PK14,villa,3,2,101.1,9,0,FALSE,FALSE,TRUE,FALSE,FALSE,2025-10-30,portal,195329
LS-05028,Yaounde,Mvog-Betsi,chambre moderne,3,3,93.9,0,1,no,FALSE,FALSE,FALSE,FALSE,2025-10-10,agency,140307
LS-00809,Douala,Makepe,apartment,2,2,74.3,14,0,TRUE,FALSE,TRUE,FALSE,FALSE,2025-08-05,agency,224652
LS-03599,Yaounde,Etoudi,chambre moderne,3,2,95.6,13,4,FALSE,TRUE,FALSE,FALSE,TRUE,2025-12-02,agency,260003
LS-00402,Yaounde,Etoudi,villa,3,3,105.4,5,0,FALSE,FALSE,FALSE,FALSE,TRUE,2026-04-25,agency,511983
LS-04981,Douala,Bonamoussadi,apartment,3,3,91.7,25,0,TRUE,FALSE,TRUE,FALSE,FALSE,2026-01-22,agency,"203,240"
LS-02772,Yaounde,Emana,chambre moderne,2,2,58.6 m2,18,0,FALSE,FALSE,FALSE,TRUE,FALSE,2026-06-02,agency,96330
LS-02201,Douala,Logpom,apartment,2,1,88.4,6,0,TRUE,FALSE,TRUE,FALSE,FALSE,2026-08-09,portal,273907
LS-01900,Douala,Bepanda,apartment,3,3,97.7,0,0,FALSE,FALSE,TRUE,FALSE,FALSE,2026-05-05,informal,
LS-02332,Yaounde,Golf,apartment,1,1,27.2,4,0,TRUE,FALSE,FALSE,FALSE,FALSE,2026-05-27,informal,89033
LS-06000,Douala,Bepanda,duplex,1,2,51.5,25,0,TRUE,FALSE,TRUE,FALSE,FALSE,2026-03-14,agency,95942
LS-05118,Yaounde,Emana,apartment,0,1,37.7,27,1,FALSE,FALSE,TRUE,TRUE,FALSE,2026-03-14,agency,61224
LS-02679,Yaounde,Nkolbisson,duplex,5,3,152.1,19,0,FALSE,FALSE,FALSE,FALSE,FALSE,2025-12-13,portal,410502
LS-02530,Douala,Bonanjo,duplex,4,2,123.0,13,0,FALSE,TRUE,FALSE,TRUE,FALSE,2025-08-14,informal,499316
LS-01032,Yaounde,Emana,chambre moderne,1,1,49.8,21,0,FALSE,TRUE,FALSE,FALSE,FALSE,2026-05-01,agency,61203
LS-03225,Yaounde,Mimboman,studio,2,1,79.6,15,0,FALSE,TRUE,TRUE,FALSE,FALSE,2025-09-20,agency,178038
LS-04242,Yaounde,Emana,duplex,0,1,29.0,27,0,FALSE,FALSE,FALSE,FALSE,FALSE,2025-08-17,informal,
LS-06000,Douala,Bepanda,duplex,1,2,51.5,25,0,TRUE,FALSE,TRUE,FALSE,FALSE,2026-03-14,agency,95942
LS-01142,Yaounde,Emana,chambre moderne,3,2,88.9,13,0,no,FALSE,TRUE,FALSE,FALSE,2026-05-03,portal,149662
LS-04176,Yaounde,Omnisport,apartment,3,2,69.3 m2,34,1,TRUE,FALSE,TRUE,FALSE,FALSE,09/07/2026,informal,170610
LS-00473,Douala,Ndokoti,apartment,1,2,49.3 m2,26,3,FALSE,FALSE,TRUE,TRUE,FALSE,2026-03-04,agency,103300
LS-06041,Douala,Bonapriso,studio,2,1,87.3,21,2,FALSE,FALSE,TRUE,FALSE,FALSE,2025-08-30,agency,290633
LS-03313,Douala,Ndokoti,chambre moderne,3,3,113.2,15,1,FALSE,FALSE,FALSE,FALSE,FALSE,2025-09-29,portal,342304
LS-04532,Douala,Akwa,villa,2,1,83.0 m2,11,0,TRUE,TRUE,TRUE,FALSE,FALSE,20/08/2025,agency,308692
LS-04146,Yaounde,Emana,villa,3,3,105.4,9,0,FALSE,FALSE,FALSE,FALSE,FALSE,09/03/2026,agency,219661
LS-00497,Yaounde,Nkolbisson,chambre moderne,2,2,56.3,16,1,FALSE,FALSE,FALSE,FALSE,FALSE,2025-07-31,agency,128710
LS-03187,Douala,Deido,studio,2,3,62.4,9,1,FALSE,TRUE,FALSE,FALSE,TRUE,2026-02-22,agency,415520
LS-01628,Yaounde,Biyem-Assi,apartment,1,1,55.7,14,0,FALSE,TRUE,FALSE,FALSE,FALSE,02/12/2025,agency,109924
LS-00927,Douala,Bonaberi,apartment,1,1,44.7,19,1,FALSE,FALSE,FALSE,FALSE,FALSE,2026-02-03,agency,63579
LS-00989,Yaounde,Bastos,duplex,2,2,70.6,20,2,TRUE,TRUE,TRUE,TRUE,TRUE,2025-08-11,agency,165468
LS-03309,Douala,Akwa,villa,3,2,103.3,15,4,no,FALSE,FALSE,FALSE,FALSE,2025-10-09,agency,231130
LS-05908,Douala,Bonamoussadi,apartment,0,1,14.0,17,0,TRUE,TRUE,TRUE,TRUE,FALSE,2026-06-01,agency,90966
LS-05054,Douala,Logpom,chambre moderne,2,3,55.6,13,4,FALSE,FALSE,TRUE,FALSE,FALSE,27/02/2026,agency,101116
LS-00878,Douala,Bepanda,studio,3,2,91.7,0,1,FALSE,FALSE,FALSE,FALSE,TRUE,2025-08-03,agency,315356
LS-00551,Yaounde,Mendong,villa,1,2,45.3,0,0,FALSE,FALSE,FALSE,FALSE,FALSE,2025-08-13,agency,90852
LS-01056,Douala,PK14,studio,0,1,20.2,28,2,FALSE,FALSE,FALSE,FALSE,FALSE,2026-05-07,agency,53769
LS-03468,Yaounde,Mvog-Betsi,apartment,1,2,73.8,0,4,TRUE,FALSE,FALSE,FALSE,FALSE,2026-03-20,informal,170386
LS-02456,Douala,Deido,apartment,2,3,72.0 m2,3,1,FALSE,FALSE,TRUE,TRUE,FALSE,2025-07-05,agency,179379
LS-04937,Yaounde,Omnisport,villa,5,3,146.6,12,1,TRUE,FALSE,TRUE,TRUE,FALSE,2025-10-31,informal,931325
LS-03172,Douala,New Bell,studio,2,2,67.0,30,2,FALSE,TRUE,FALSE,FALSE,FALSE,2025-09-05,agency,105499
LS-00052,Yaounde,Golf,chambre moderne,2,3,87.4,19,4,FALSE,FALSE,TRUE,TRUE,TRUE,10/07/2026,agency,288230
LS-05861,Douala,Bepanda,apartment,2,2,59.9,19,1,TRUE,FALSE,TRUE,FALSE,TRUE,2026-04-30,agency,101626
LS-02167,Douala,Deido,studio,3,2,94.6,14,0,FALSE,TRUE,TRUE,FALSE,FALSE,2026-03-25,portal,158943
LS-05611,Douala,Bonanjo,apartment,2,2,69.1,1,4,TRUE,TRUE,TRUE,TRUE,FALSE,2025-10-27,agency,325445
LS-03710,Yaounde,Nsam,apartment,4,3,134.7,12,0,FALSE,FALSE,FALSE,FALSE,FALSE,2026-01-09,informal,462353
LS-01293,Yaounde,Emana,apartment,5,3,166.2,0,1,FALSE,TRUE,FALSE,FALSE,TRUE,2025-10-07,agency,844322
LS-03655,Yaounde,Mvog-Betsi,chambre moderne,1,2,44.5,24,2,FALSE,FALSE,FALSE,FALSE,FALSE,10/12/2025,agency,100727
LS-00880,Yaounde,Biyem-Assi,apartment,3,3,96.7,0,3,FALSE,FALSE,FALSE,TRUE,FALSE,2025-12-29,portal,366732
LS-04497,Douala,Deido,chambre moderne,2,2,61.2,25,1,FALSE,FALSE,FALSE,FALSE,FALSE,2026-05-25,informal,101800
LS-04490,Yaounde,Omnisport,chambre moderne,1,1,46.5,0,1,TRUE,FALSE,FALSE,FALSE,FALSE,2025-07-18,portal,122980
LS-03257,Douala,Akwa,apartment,2,3,81.1,11,0,FALSE,TRUE,TRUE,TRUE,FALSE,2026-04-06,informal,349370
LS-01796,Douala,Bonapriso,villa,3,3,103.6,7,4,FALSE,TRUE,TRUE,TRUE,FALSE,2025-09-11,agency,229877
LS-02798,Yaounde,Emana,apartment,1,2,42.5,7,0,FALSE,FALSE,FALSE,FALSE,FALSE,2026-05-07,agency,44241
LS-05805,Douala,Bonapriso,duplex,2,3,52.3,21,4,FALSE,FALSE,TRUE,FALSE,TRUE,2026-04-22,portal,244309
LS-04902,Yaounde,Mendong,chambre moderne,2,2,76.5,22,1,FALSE,FALSE,FALSE,FALSE,FALSE,2026-03-28,portal,104736
LS-05757,Douala,PK14,chambre moderne,2,2,74.6,0,1,FALSE,FALSE,FALSE,FALSE,FALSE,2025-10-17,agency,84179
LS-01290,Yaounde,Nkolbisson,apartment,3,1,94.8,9,2,FALSE,TRUE,FALSE,FALSE,FALSE,2025-08-21,agency,172310
LS-05329,Yaounde,Bastos,apartment,3,3,104.9,19,1,TRUE,TRUE,TRUE,TRUE,FALSE,2026-05-11,agency,515417
LS-00088,Douala,New Bell,apartment,0,1,15.8,12,3,no,FALSE,FALSE,TRUE,FALSE,30/07/2025,agency,30934
LS-03070,Douala,Bonapriso,duplex,2,1,71.3,6,4,TRUE,TRUE,TRUE,TRUE,TRUE,2025-11-20,agency,339451
LS-01080,Yaounde,Biyem-Assi,villa,3,3,85.4,12,1,TRUE,TRUE,FALSE,FALSE,FALSE,2026-02-20,agency,236908
LS-00955,Yaounde,Etoudi,chambre moderne,2,2,85.2,16,3,FALSE,FALSE,FALSE,FALSE,FALSE,2026-05-01,portal,156710
LS-05680,Douala,Ndokoti,duplex,3,2,85.3,12,0,FALSE,FALSE,TRUE,FALSE,TRUE,2025-08-18,agency,215210
LS-05945,Yaounde,Bastos,duplex,3,3,95.9,22,3,TRUE,FALSE,TRUE,TRUE,FALSE,11/07/2025,agency,525226
LS-03869,Douala,Bepanda,apartment,3,2,83.0,22,2,no,FALSE,FALSE,TRUE,FALSE,2025-11-05,agency,222031
LS-03963,Yaounde,Bastos,apartment,1,1,64.9,29,1,FALSE,TRUE,TRUE,TRUE,FALSE,2026-04-09,portal,128558
LS-03208,Yaounde,Mendong,duplex,1,2,54.3,10,3,TRUE,FALSE,FALSE,FALSE,TRUE,2025-07-02,agency,95211
LS-05153,Douala,Akwa,chambre moderne,1,2,51.3,14,0,TRUE,FALSE,TRUE,TRUE,FALSE,2026-06-23,agency,135682
LS-01204,Yaounde,Golf,apartment,1,2,26.9,0,0,FALSE,TRUE,TRUE,TRUE,FALSE,20/05/2026,agency,156914
LS-00154,Douala,Bonamoussadi,apartment,3,2,99.9,18,1,TRUE,FALSE,FALSE,FALSE,FALSE,2026-04-22,agency,285814
LS-03837,Douala,New Bell,apartment,3,2,102.6,30,0,FALSE,FALSE,FALSE,FALSE,FALSE,2025-11-18,portal,153743
LS-04695,Douala,Bepanda,apartment,1,2,43.2,12,1,FALSE,FALSE,FALSE,FALSE,FALSE,2025-08-10,portal,55874
LS-03001,Yaounde,Golf,duplex,3,3,93.0,0,1,FALSE,TRUE,TRUE,TRUE,TRUE,2025-12-10,agency,402198
LS-04045,Douala,Bepanda,apartment,5,3,143.4,14,1,FALSE,FALSE,FALSE,FALSE,FALSE,2026-04-01,agency,541721
LS-02567,Yaounde,Mvan,apartment,1,2,66.1,8,0,FALSE,FALSE,FALSE,FALSE,FALSE,03/01/2026,agency,137787
LS-01812,Douala,Deido,duplex,1,2,51.0,26,2,TRUE,FALSE,TRUE,TRUE,TRUE,2025-12-12,agency,118310
LS-00086,Yaounde,Omnisport,chambre moderne,0,1,37.5,11,4,FALSE,FALSE,TRUE,FALSE,FALSE,2026-02-19,portal,103471
LS-02410,Yaounde,Mendong,villa,1,1,41.6,10,3,FALSE,FALSE,TRUE,FALSE,FALSE,28/01/2026,portal,72686
LS-00446,Yaounde,Golf,apartment,1,2,47.5,18,2,TRUE,FALSE,FALSE,TRUE,FALSE,2026-04-21,agency,148758
LS-01267,Douala,Logpom,apartment,3,3,106.6,10,0,TRUE,FALSE,FALSE,FALSE,FALSE,2025-09-29,agency,343251
LS-04631,Douala,Bonapriso,duplex,1,1,46.6,10,3,TRUE,FALSE,TRUE,FALSE,TRUE,25/10/2025,agency,200271
LS-04407,Yaounde,Bastos,apartment,4,4,117.8,17,1,TRUE,TRUE,TRUE,TRUE,FALSE,2025-08-02,portal,736444
LS-02794,Yaounde,Mendong,apartment,3,3,103.9,25,1,FALSE,TRUE,FALSE,FALSE,FALSE,2026-01-09,informal,
LS-01988,Yaounde,Biyem-Assi,studio,3,3,109.7,29,1,FALSE,FALSE,TRUE,FALSE,FALSE,2025-12-24,agency,313353
LS-03712,Douala,Deido,apartment,2,1,61.8,21,1,FALSE,FALSE,FALSE,FALSE,FALSE,2026-04-18,portal,85858
LS-05947,Douala,Bonanjo,apartment,4,3,145.9,10,0,FALSE,TRUE,TRUE,TRUE,TRUE,2026-01-29,agency,1228402
LS-01996,Yaounde,Mimboman,apartment,2,2,73.9,6,1,FALSE,TRUE,FALSE,FALSE,TRUE,26/04/2026,portal,211754
LS-04123,Douala,Bonanjo,studio,4,3,127.0,10,0,FALSE,FALSE,FALSE,TRUE,FALSE,2026-03-26,portal,590862
LS-00948,Yaounde,Emana,apartment,1,2,62.0,13,0,FALSE,TRUE,FALSE,FALSE,FALSE,2025-07-30,informal,96442
LS-03406,Yaounde,Mvan,studio,1,2,49.5,13,2,FALSE,TRUE,FALSE,FALSE,FALSE,2026-03-26,agency,128845
LS-03596,Yaounde,Biyem-Assi,apartment,2,2,67.9,22,0,FALSE,FALSE,FALSE,FALSE,FALSE,2026-07-13,agency,150166
LS-03347,Douala,Deido,villa,1,2,50.0,9,0,FALSE,FALSE,FALSE,FALSE,TRUE,2025-10-11,agency,111066
LS-01471,Douala,Ndokoti,apartment,2,3,66.7,16,3,FALSE,FALSE,FALSE,TRUE,FALSE,2026-07-30,agency,118915
LS-04281,Yaounde,Mvan,apartment,3,4,84.6,10,3,TRUE,FALSE,FALSE,FALSE,FALSE,2026-01-26,agency,220206
LS-04280,Yaounde,Mimboman,apartment,3,2,106.1,24,0,TRUE,FALSE,FALSE,FALSE,FALSE,2026-04-17,agency,155834
LS-02290,Yaounde,Mvog-Betsi,villa,3,3,80.4,0,2,TRUE,FALSE,FALSE,FALSE,FALSE,2026-07-21,portal,357660
LS-05877,Douala,Bonamoussadi,apartment,1,1,32.9,28,1,FALSE,TRUE,FALSE,FALSE,FALSE,2026-06-24,portal,82750
LS-00864,Douala,Bepanda,apartment,3,2,95.5,20,0,FALSE,FALSE,FALSE,FALSE,FALSE,2025-12-21,informal,283655
LS-05620,Yaounde,Emana,chambre moderne,1,2,51.7,17,1,FALSE,FALSE,FALSE,FALSE,FALSE,2026-03-27,portal,74679
LS-04167,Douala,PK14,duplex,1,1,57.9,6,1,FALSE,TRUE,FALSE,FALSE,FALSE,2025-11-14,agency,126522
LS-02536,Yaounde,Mimboman,apartment,3,3,97.4,0,0,FALSE,TRUE,FALSE,FALSE,FALSE,2026-04-20,agency,321428
LS-05477,Yaounde,Bastos,duplex,2,3,79.1,4,1,TRUE,FALSE,TRUE,TRUE,FALSE,2025-08-11,agency,408985
LS-05363,Douala,New Bell,chambre moderne,2,1,75.0,20,0,FALSE,TRUE,TRUE,FALSE,FALSE,2026-06-13,informal,104381
LS-03862,Yaounde,Mvan,apartment,5,4,152.2,13,0,FALSE,FALSE,FALSE,FALSE,FALSE,2026-03-02,informal,426214
LS-00271,Douala,Bonapriso,villa,4,3,127.5,14,4,TRUE,FALSE,TRUE,FALSE,FALSE,16/07/2026,informal,632311
LS-02982,Yaounde,Emana,apartment,4,4,126.2,0,1,FALSE,FALSE,FALSE,FALSE,FALSE,2025-08-21,portal,256126
LS-01652,Douala,Bonaberi,duplex,0,1,25.9 m2,14,3,FALSE,TRUE,TRUE,FALSE,FALSE,17/05/2026,portal,48574
LS-05918,Douala,New Bell,duplex,1,2,42.8,20,1,FALSE,TRUE,TRUE,FALSE,FALSE,2026-05-29,portal,49846
LS-02351,Yaounde,Mvan,villa,4,4,98.9,12,2,FALSE,FALSE,TRUE,FALSE,FALSE,2025-12-23,agency,179947
LS-00269,Douala,Logpom,apartment,2,2,66.7,18,1,TRUE,TRUE,TRUE,FALSE,FALSE,2026-01-24,agency,187036
LS-00474,Douala,Akwa,apartment,0,1,21.9,19,3,FALSE,TRUE,TRUE,FALSE,FALSE,2025-12-12,agency,90757
LS-05751,Douala,New Bell,studio,2,2,87.0,14,0,FALSE,FALSE,TRUE,FALSE,FALSE,2025-07-04,portal,147387
LS-05371,Douala,Ndokoti,duplex,5,3,154.7,12,4,FALSE,TRUE,FALSE,FALSE,FALSE,2026-06-25,agency,597004
LS-02800,Yaounde,Biyem-Assi,villa,2,2,62.5 m2,10,1,FALSE,FALSE,FALSE,TRUE,FALSE,2025-12-12,agency,"162,571"
LS-05619,Douala,Deido,duplex,1,1,79.0,2,1,TRUE,TRUE,FALSE,FALSE,TRUE,2025-08-05,agency,181061
LS-02953,Yaounde,Mimboman,villa,2,2,66.9,5,1,TRUE,FALSE,TRUE,FALSE,FALSE,2026-04-20,agency,145622
LS-01827,Douala,Akwa,duplex,4,3,137.9,0,0,FALSE,FALSE,TRUE,TRUE,FALSE,2026-03-11,agency,726466
LS-05402,Douala,New Bell,apartment,2,2,80.1,29,2,TRUE,FALSE,FALSE,FALSE,FALSE,2025-09-30,informal,198664
LS-03282,Yaounde,Omnisport,chambre moderne,2,3,88.3,14,1,FALSE,FALSE,FALSE,TRUE,FALSE,27/07/2026,agency,227161
LS-04624,Yaounde,Omnisport,studio,4,3,126.9,12,2,FALSE,FALSE,TRUE,FALSE,FALSE,2026-02-08,agency,515930
LS-01498,Yaounde,Mendong,apartment,4,3,121.0,9,1,FALSE,FALSE,FALSE,FALSE,FALSE,2026-07-06,agency,330549
LS-02514,Yaounde,Mimboman,chambre moderne,3,3,90.8,12,3,FALSE,FALSE,FALSE,FALSE,FALSE,2026-08-04,informal,167208
LS-04159,Yaounde,Etoudi,villa,1,2,37.8,13,0,no,FALSE,FALSE,FALSE,FALSE,2026-05-12,informal,
LS-00659,Yaounde,Omnisport,apartment,2,3,63.4,9,0,TRUE,FALSE,TRUE,FALSE,FALSE,2026-04-17,informal,
LS-03336,Yaounde,Mendong,apartment,1,2,43.1,14,0,TRUE,FALSE,FALSE,FALSE,FALSE,2025-12-19,informal,62085
LS-01103,Douala,Bonaberi,apartment,2,2,74.5,18,3,FALSE,FALSE,TRUE,TRUE,TRUE,2026-05-07,portal,192620
LS-02371,Douala,Ndokoti,apartment,3,3,90.7,6,1,FALSE,FALSE,FALSE,FALSE,FALSE,2025-09-19,agency,205735
LS-04501,Douala,PK14,apartment,2,2,70.7,0,0,FALSE,FALSE,FALSE,FALSE,FALSE,2025-12-01,portal,74407
LS-00715,Douala,Bonamoussadi,studio,3,2,323.1,5,4,FALSE,TRUE,TRUE,FALSE,TRUE,2026-07-11,portal,3244078
LS-01412,Yaounde,Mendong,apartment,4,3,144.2,43,0,FALSE,FALSE,FALSE,FALSE,TRUE,2026-05-22,agency,386489
LS-04073,Yaounde,Mvan,apartment,3,4,102.4,10,2,FALSE,FALSE,FALSE,TRUE,FALSE,2025-07-07,informal,268243
LS-05989,Yaounde,Emana,apartment,0,1,20.8,27,0,FALSE,FALSE,TRUE,FALSE,FALSE,2026-04-14,portal,36451
LS-02187,Douala,Logpom,villa,3,4,107.1,23,1,FALSE,FALSE,TRUE,FALSE,FALSE,2026-06-02,agency,348106
LS-02289,Douala,New Bell,apartment,1,1,39.4,20,4,FALSE,TRUE,FALSE,FALSE,FALSE,2025-09-22,agency,95067
LS-04241,Douala,Deido,villa,0,1,16.5,12,2,FALSE,FALSE,FALSE,FALSE,FALSE,10/07/2026,informal,
LS-05529,Yaounde,Etoudi,apartment,2,2,82.7,1,3,TRUE,FALSE,TRUE,TRUE,FALSE,2025-09-02,portal,268850
LS-02777,Douala,Bepanda,apartment,2,3,65.0,16,2,FALSE,FALSE,FALSE,FALSE,FALSE,2026-06-28,portal,97239
LS-05174,Douala,Makepe,villa,2,1,85.6,4,3,FALSE,FALSE,FALSE,FALSE,FALSE,2026-01-12,agency,193599
LS-05925,Yaounde,Bastos,duplex,1,2,41.8,30,3,FALSE,TRUE,TRUE,TRUE,FALSE,2026-03-29,agency,128551
LS-02347,Douala,Bonapriso,studio,3,2,84.2,22,3,TRUE,FALSE,FALSE,TRUE,FALSE,2026-01-27,agency,265371
LS-00259,Yaounde,Biyem-Assi,apartment,2,2,73.0,3,3,TRUE,FALSE,TRUE,FALSE,FALSE,2026-01-19,agency,190803
LS-05263,Douala,Bepanda,villa,1,2,59.1,12,0,FALSE,FALSE,FALSE,FALSE,FALSE,2026-03-25,informal,81000
LS-02007,Yaounde,Nsam,apartment,1,1,57.6,20,2,FALSE,FALSE,TRUE,FALSE,FALSE,2026-08-09,portal,83017
LS-00372,Yaounde,Mvan,apartment,3,3,106.2,7,1,FALSE,FALSE,TRUE,FALSE,FALSE,2026-02-20,agency,255457
LS-05204,Douala,Bonamoussadi,apartment,1,1,43.2,23,0,FALSE,TRUE,TRUE,FALSE,FALSE,2026-07-31,agency,111245
LS-04396,Yaounde,Nkolbisson,villa,2,2,67.8,8,0,FALSE,FALSE,FALSE,FALSE,FALSE,12/02/2026,agency,140913
LS-04602,Yaounde,Mimboman,villa,4,3,140.2,0,1,FALSE,FALSE,FALSE,FALSE,FALSE,2026-05-14,portal,352540
LS-00328,Yaounde,Bastos,apartment,2,2,64.4,6,4,FALSE,TRUE,TRUE,FALSE,FALSE,04/04/2026,agency,272039
LS-00687,Yaounde,Golf,apartment,4,3,117.9,18,1,FALSE,TRUE,TRUE,TRUE,FALSE,2026-08-16,agency,519550
LS-02233,Yaounde,Nkolbisson,studio,2,2,60.3 m2,34,3,no,FALSE,FALSE,FALSE,FALSE,2025-09-28,agency,87500
LS-02045,Yaounde,Biyem-Assi,villa,3,2,112.4,39,4,FALSE,FALSE,FALSE,FALSE,FALSE,2026-02-28,agency,156966
LS-04668,Douala,Deido,duplex,3,2,106.2,16,4,FALSE,TRUE,FALSE,FALSE,FALSE,2026-07-10,portal,168644
LS-03950,Douala,New Bell,villa,2,2,83.4,18,3,FALSE,FALSE,TRUE,FALSE,FALSE,2025-08-30,portal,"128,630"
LS-02802,Douala,Bonapriso,duplex,3,2,105.5,19,3,FALSE,TRUE,TRUE,TRUE,FALSE,2026-06-10,informal,405891
LS-03462,Yaounde,Mimboman,studio,2,3,69.5,11,1,FALSE,FALSE,TRUE,FALSE,FALSE,2026-05-04,agency,113278
LS-01009,Douala,Bonaberi,studio,2,2,78.3,20,3,TRUE,FALSE,FALSE,FALSE,TRUE,2025-12-11,informal,124616
LS-03957,Douala,Bonanjo,apartment,0,1,18.5,18,3,FALSE,TRUE,TRUE,FALSE,FALSE,2025-08-11,portal,94181
LS-03986,Yaounde,Bastos,villa,2,2,58.4 m2,8,1,FALSE,TRUE,TRUE,FALSE,FALSE,2026-07-17,agency,186996
LS-02088,Yaounde,Mimboman,apartment,1,1,47.8,7,3,TRUE,TRUE,TRUE,FALSE,FALSE,2025-10-05,agency,99397
LS-04529,Douala,Ndokoti,chambre moderne,1,1,43.9,15,4,FALSE,FALSE,FALSE,FALSE,FALSE,2026-03-28,agency,74789
LS-00601,Yaounde,Emana,chambre moderne,1,2,45.3,24,1,FALSE,FALSE,FALSE,FALSE,FALSE,29/03/2026,informal,59080
LS-02744,Yaounde,Mvan,duplex,3,3,102.8,11,1,FALSE,TRUE,FALSE,FALSE,TRUE,2026-07-18,portal,306530
LS-04931,Douala,Bonapriso,apartment,3,3,99.4,15,2,TRUE,TRUE,TRUE,FALSE,FALSE,2026-02-04,agency,504988
LS-05781,Douala,New Bell,studio,1,1,45.7,15,0,FALSE,FALSE,FALSE,FALSE,FALSE,2026-01-27,informal,
LS-05987,Yaounde,Nsam,chambre moderne,1,1,41.0,15,0,FALSE,FALSE,TRUE,FALSE,FALSE,2026-01-17,portal,71752
LS-01125,Yaounde,Nsam,chambre moderne,2,3,60.6,28,2,FALSE,FALSE,FALSE,TRUE,FALSE,28/12/2025,agency,120849
LS-03915,Douala,Bepanda,apartment,3,2,126.2,9,0,FALSE,TRUE,FALSE,FALSE,FALSE,2025-07-16,agency,200118
LS-05873,Yaounde,Golf,apartment,3,2,91.8,6,0,yes,FALSE,TRUE,FALSE,TRUE,19/09/2025,agency,353431
LS-05565,Douala,Bonanjo,apartment,2,1,85.3,34,0,TRUE,FALSE,TRUE,FALSE,TRUE,2025-11-19,informal,
LS-01669,Douala,Ndokoti,apartment,2,2,75.5,15,1,FALSE,FALSE,FALSE,FALSE,FALSE,2026-01-31,agency,116925
LS-03810,Douala,Bonapriso,apartment,4,2,119.9,22,0,FALSE,TRUE,FALSE,FALSE,TRUE,12/12/2025,informal,461345
LS-00421,Yaounde,Omnisport,studio,3,3,101.0,21,1,FALSE,FALSE,FALSE,FALSE,FALSE,25/04/2026,portal,183243
LS-02716,Douala,Bonapriso,studio,4,3,123.7,10,3,TRUE,FALSE,TRUE,FALSE,FALSE,2026-04-29,informal,1166987
LS-02224,Yaounde,Bastos,villa,1,1,42.9,20,3,TRUE,FALSE,TRUE,FALSE,TRUE,2025-09-27,portal,180660
LS-01557,Yaounde,Biyem-Assi,chambre moderne,2,2,82.9,27,3,FALSE,FALSE,FALSE,TRUE,FALSE,2025-08-27,agency,143933
LS-01605,Douala,Logpom,apartment,2,2,74.8,6,3,no,FALSE,TRUE,TRUE,FALSE,2025-07-01,agency,153217
LS-00965,Douala,New Bell,duplex,2,2,77.0,22,3,FALSE,TRUE,FALSE,FALSE,FALSE,2026-06-30,agency,85426
LS-02397,Douala,Bonamoussadi,villa,1,1,39.9,14,1,FALSE,FALSE,FALSE,FALSE,FALSE,2025-10-21,agency,164319
LS-01841,Douala,Bonamoussadi,duplex,4,4,133.9 m2,19,1,FALSE,FALSE,FALSE,FALSE,FALSE,2025-09-28,portal,365789
LS-04568,Douala,Logpom,chambre moderne,2,2,77.8,22,0,TRUE,FALSE,TRUE,TRUE,FALSE,2026-06-18,agency,289299
LS-03975,Douala,Makepe,villa,3,2,96.4,29,1,TRUE,TRUE,FALSE,FALSE,FALSE,2025-07-06,informal,
LS-02503,Yaounde,Mendong,duplex,1,1,55.4,22,0,FALSE,FALSE,FALSE,FALSE,TRUE,2026-07-07,agency,102835
LS-03371,Douala,New Bell,apartment,4,2,129.0,32,1,FALSE,FALSE,FALSE,FALSE,FALSE,2026-05-20,agency,187500
LS-02885,Douala,Ndokoti,chambre moderne,1,2,49.4,10,4,TRUE,TRUE,TRUE,FALSE,FALSE,2025-12-26,portal,"138,903"
LS-04615,Yaounde,Biyem-Assi,apartment,2,2,66.2,5,1,TRUE,FALSE,FALSE,FALSE,FALSE,14/11/2025,agency,305466
LS-02072,Douala,Ndokoti,duplex,3,2,117.4,16,0,yes,FALSE,TRUE,FALSE,FALSE,2025-09-16,agency,212395
LS-01913,Yaounde,Mvog-Betsi,duplex,1,2,58.3,1,4,FALSE,FALSE,FALSE,TRUE,FALSE,2026-07-18,informal,
LS-04198,Yaounde,Emana,apartment,2,2,62.7,10,1,FALSE,TRUE,TRUE,FALSE,FALSE,2025-12-01,portal,97132
LS-01109,Douala,Bonaberi,villa,4,4,136.4,14,1,FALSE,TRUE,FALSE,FALSE,FALSE,2026-01-20,portal,371324
LS-06180,Yaounde,Emana,studio,3,3,126.0,18,0,FALSE,FALSE,FALSE,TRUE,FALSE,2026-07-28,informal,
LS-00990,Yaounde,Biyem-Assi,chambre moderne,2,2,77.1,10,0,FALSE,TRUE,FALSE,FALSE,FALSE,2026-06-22,agency,173269
LS-02170,Douala,New Bell,duplex,2,2,65.6,25,0,FALSE,TRUE,FALSE,FALSE,FALSE,2026-08-20,informal,52775
LS-03807,Yaounde,Bastos,apartment,0,1,14.0,0,1,FALSE,TRUE,TRUE,FALSE,FALSE,2026-01-04,portal,106872
LS-03135,Yaounde,Nsam,apartment,3,2,103.9,16,0,TRUE,TRUE,FALSE,FALSE,FALSE,2026-03-21,agency,357192
LS-01023,Douala,Deido,studio,3,2,94.8,21,3,TRUE,FALSE,FALSE,FALSE,FALSE,30/04/2026,informal,
LS-02598,Yaounde,Biyem-Assi,apartment,4,3,131.0,7,3,FALSE,TRUE,TRUE,FALSE,FALSE,2025-11-23,portal,567053
LS-05080,Yaounde,Omnisport,villa,2,2,65.7,13,0,FALSE,TRUE,TRUE,TRUE,FALSE,2026-03-12,agency,225196
LS-04700,Douala,Makepe,apartment,3,2,107.6,35,0,no,TRUE,FALSE,TRUE,FALSE,2026-06-02,agency,357716
LS-04895,Douala,PK14,apartment,3,2,97.8,12,0,TRUE,FALSE,FALSE,FALSE,TRUE,2025-12-27,agency,268638
LS-04864,Yaounde,Bastos,apartment,1,1,45.4,0,0,FALSE,FALSE,TRUE,TRUE,TRUE,01/12/2025,portal,143638
LS-05711,Yaounde,Mvog-Betsi,apartment,1,1,55.4 m2,13,4,TRUE,FALSE,TRUE,FALSE,FALSE,2025-11-27,informal,65826
LS-00621,Douala,PK14,chambre moderne,1,2,45.1,13,2,FALSE,FALSE,FALSE,FALSE,FALSE,2025-08-07,portal,67471
LS-00648,Douala,New Bell,villa,2,2,59.7,14,3,FALSE,FALSE,TRUE,FALSE,FALSE,18/10/2025,agency,92688
LS-05155,Douala,Bepanda,chambre moderne,5,3,156.3,23,3,FALSE,TRUE,TRUE,TRUE,FALSE,07/07/2025,agency,713728
LS-01298,Douala,Bonanjo,apartment,4,3,449.5,22,4,TRUE,FALSE,TRUE,FALSE,FALSE,2026-01-19,informal,1759254
LS-03130,Yaounde,Mvan,apartment,3,2,87.3,6,4,TRUE,FALSE,FALSE,FALSE,TRUE,2026-06-30,agency,"207,561"
LS-05518,Yaounde,Mendong,apartment,1,2,53.8,23,1,FALSE,FALSE,TRUE,FALSE,FALSE,2026-06-24,portal,"93,939"
LS-05439,Yaounde,Etoudi,apartment,1,2,63.8,36,0,FALSE,FALSE,FALSE,FALSE,FALSE,2025-12-02,portal,"111,752"
LS-06002,Douala,New Bell,apartment,5,3,156.0,16,1,FALSE,FALSE,FALSE,FALSE,FALSE,2025-07-23,portal,751663
LS-03751,Douala,Bonanjo,apartment,0,1,16.2,23,1,TRUE,FALSE,TRUE,FALSE,TRUE,27/11/2025,agency,161050
LS-03026,Yaounde,Emana,studio,4,3,144.1 m2,18,0,FALSE,FALSE,FALSE,FALSE,FALSE,2026-07-08,informal,396460
LS-04029,Douala,Makepe,villa,4,3,136.6,0,0,FALSE,FALSE,TRUE,FALSE,FALSE,10/07/2026,portal,1073851
LS-05005,Yaounde,Bastos,duplex,4,3,131.7,2,0,yes,TRUE,TRUE,TRUE,FALSE,2026-05-29,portal,970254
LS-01164,Douala,Bonamoussadi,apartment,3,2,106.1,5,3,no,TRUE,TRUE,TRUE,TRUE,2026-01-23,agency,718009
LS-06006,Douala,Akwa,chambre moderne,2,3,88.0,8,0,TRUE,FALSE,FALSE,FALSE,TRUE,2025-12-12,informal,
LS-01724,Douala,New Bell,villa,3,3,75.2,8,4,FALSE,FALSE,TRUE,FALSE,FALSE,2026-03-11,agency,210553
LS-04243,Yaounde,Mendong,apartment,3,3,102.3,0,0,FALSE,FALSE,FALSE,TRUE,FALSE,2026-08-18,agency,281287
LS-00245,Yaounde,Nsam,villa,3,2,107.5,17,4,FALSE,FALSE,TRUE,FALSE,FALSE,2026-05-17,agency,162020
LS-04969,Yaounde,Golf,apartment,1,2,50.6,38,1,TRUE,TRUE,FALSE,FALSE,TRUE,2025-12-26,agency,85014
LS-00034,Douala,Ndokoti,chambre moderne,1,2,49.4,30,4,FALSE,TRUE,FALSE,FALSE,FALSE,2025-11-01,agency,55192
LS-01709,Yaounde,Mimboman,apartment,2,2,62.6,9,0,FALSE,TRUE,FALSE,FALSE,TRUE,2026-05-19,agency,117530
LS-04102,Douala,New Bell,chambre moderne,1,1,67.2,25,1,FALSE,FALSE,FALSE,FALSE,TRUE,2025-10-14,agency,123717
LS-05683,Douala,Logpom,apartment,2,2,75.9,12,4,FALSE,FALSE,TRUE,FALSE,FALSE,2025-07-29,agency,"139,722"
LS-00439,Douala,Makepe,studio,1,1,34.7,14,3,no,TRUE,FALSE,FALSE,FALSE,2026-02-07,agency,90055
LS-00484,Douala,Ndokoti,apartment,3,3,115.5,8,1,FALSE,TRUE,FALSE,TRUE,FALSE,2026-02-23,portal,230981
LS-00001,Yaounde,Biyem-Assi,apartment,2,3,79.7 m2,21,0,FALSE,TRUE,TRUE,FALSE,FALSE,2026-04-10,agency,107626
LS-03511,Douala,PK14,apartment,4,4,128.0,7,3,FALSE,FALSE,FALSE,FALSE,FALSE,07/07/2026,portal,280531
LS-05108,Douala,Ndokoti,apartment,3,3,101.7,22,1,FALSE,FALSE,FALSE,FALSE,FALSE,2025-11-26,portal,170461
LS-03214,Douala,Bonamoussadi,duplex,1,2,120.5,6,1,TRUE,FALSE,FALSE,FALSE,TRUE,2025-07-04,agency,479837
LS-03630,Douala,Bonapriso,villa,2,2,78.1,15,0,TRUE,TRUE,TRUE,TRUE,TRUE,22/10/2025,agency,379216
LS-04400,Douala,Akwa,apartment,0,1,32.5,20,2,FALSE,FALSE,TRUE,FALSE,FALSE,2025-08-21,portal,78638
LS-04171,Yaounde,Nkolbisson,duplex,5,3,160.7,6,3,FALSE,FALSE,FALSE,FALSE,FALSE,2025-07-21,portal,405535
LS-01352,Yaounde,Golf,villa,3,3,108.5,28,1,TRUE,FALSE,TRUE,FALSE,TRUE,2026-02-09,portal,412428
LS-00538,Douala,Makepe,villa,1,1,44.3,11,1,TRUE,FALSE,FALSE,TRUE,FALSE,2026-03-16,informal,
LS-05415,Yaounde,Omnisport,duplex,0,1,14.0,18,1,TRUE,FALSE,FALSE,FALSE,TRUE,2025-10-28,agency,62804
LS-05780,Douala,Bepanda,apartment,3,2,93.2,20,0,FALSE,FALSE,FALSE,FALSE,FALSE,2025-12-21,agency,172728
LS-05585,Yaounde,Mvan,duplex,3,3,95.9,0,4,FALSE,FALSE,FALSE,TRUE,FALSE,2025-11-26,agency,180400
LS-03453,Yaounde,Nsam,chambre moderne,2,2,67.1,14,1,FALSE,FALSE,FALSE,FALSE,FALSE,2026-02-25,agency,92993
LS-05245,Douala,Bonamoussadi,apartment,3,4,122.5,17,0,FALSE,TRUE,FALSE,FALSE,FALSE,2026-06-25,informal,304600
LS-01336,Douala,Bepanda,villa,2,3,69.3,19,1,FALSE,TRUE,TRUE,FALSE,FALSE,2025-10-30,agency,139777
LS-01327,Yaounde,Bastos,villa,1,1,48.6,14,0,no,FALSE,TRUE,TRUE,FALSE,22/07/2026,agency,124701
LS-03990,Douala,Bepanda,studio,4,3,124.0,14,3,FALSE,FALSE,TRUE,FALSE,FALSE,2025-12-11,agency,418120
LS-00203,Douala,Bonaberi,apartment,3,2,110.0,22,1,FALSE,FALSE,TRUE,FALSE,FALSE,2025-07-25,portal,262359
LS-05059,Yaounde,Etoudi,duplex,3,2,89.8,0,2,TRUE,FALSE,FALSE,FALSE,FALSE,05/02/2026,agency,250956
LS-05474,Yaounde,Omnisport,apartment,1,1,36.8,10,1,FALSE,TRUE,TRUE,TRUE,TRUE,25/03/2026,informal,161522
LS-01935,Douala,Ndokoti,apartment,3,3,100.2,5,3,FALSE,FALSE,FALSE,FALSE,FALSE,2025-12-02,agency,285535
LS-04879,Yaounde,Etoudi,chambre moderne,2,2,92.3,12,1,FALSE,FALSE,TRUE,FALSE,FALSE,2025-11-14,portal,147953
LS-05273,Yaounde,Nkolbisson,apartment,2,1,77.6,0,0,FALSE,FALSE,TRUE,TRUE,FALSE,2026-01-08,agency,59970
LS-00495,Douala,Bepanda,chambre moderne,1,1,41.9 m2,11,3,TRUE,FALSE,TRUE,FALSE,FALSE,2026-03-18,agency,73637
LS-01275,Douala,Makepe,villa,1,2,54.4,20,2,FALSE,FALSE,TRUE,FALSE,FALSE,2025-10-09,informal,
LS-00611,Yaounde,Bastos,chambre moderne,3,4,119.9,33,1,FALSE,FALSE,TRUE,TRUE,FALSE,2026-06-18,informal,672203
LS-04917,Yaounde,Etoudi,duplex,1,2,53.3,29,3,FALSE,FALSE,FALSE,TRUE,FALSE,2025-10-23,portal,107961
LS-01325,Douala,New Bell,studio,1,2,33.8,5,0,FALSE,FALSE,TRUE,FALSE,FALSE,2026-07-12,agency,89707
LS-02436,Douala,Ndokoti,chambre moderne,4,4,102.6,29,4,FALSE,FALSE,FALSE,TRUE,FALSE,08/09/2025,agency,298185
LS-02572,Douala,Akwa,villa,2,2,73.5,2,3,FALSE,FALSE,FALSE,FALSE,FALSE,2026-08-07,agency,244965
LS-06027,Yaounde,Mvog-Betsi,chambre moderne,2,1,70.2,4,4,TRUE,FALSE,FALSE,FALSE,FALSE,2025-09-22,agency,189312
LS-02259,Douala,Ndokoti,apartment,3,2,117.4,27,3,FALSE,FALSE,TRUE,FALSE,FALSE,2025-08-23,agency,223880
LS-01427,Douala,Ndokoti,chambre moderne,2,2,63.3,3,3,FALSE,FALSE,TRUE,FALSE,FALSE,2025-12-05,agency,147918
LS-02529,Yaounde,Mendong,studio,0,1,25.5 m2,14,1,FALSE,FALSE,FALSE,FALSE,FALSE,2026-05-24,portal,59428
LS-04746,Yaounde,Bastos,studio,4,3,131.0,14,0,TRUE,TRUE,FALSE,TRUE,TRUE,2026-07-13,agency,"1,069,811"
LS-05860,Yaounde,Mvog-Betsi,duplex,1,2,38.3,11,0,FALSE,FALSE,FALSE,TRUE,FALSE,2026-05-19,agency,100244
LS-04805,Yaounde,Biyem-Assi,chambre moderne,1,1,23.6,24,0,TRUE,FALSE,TRUE,FALSE,FALSE,05/10/2025,agency,76863
LS-00580,Yaounde,Nkolbisson,villa,0,1,21.7,13,4,FALSE,TRUE,FALSE,FALSE,FALSE,24/01/2026,agency,45977
LS-01636,Douala,Bonapriso,apartment,2,3,79.0,12,4,TRUE,TRUE,TRUE,FALSE,TRUE,2026-03-25,informal,285341
LS-04355,Yaounde,Etoudi,chambre moderne,3,2,103.9,0,2,FALSE,TRUE,FALSE,FALSE,TRUE,2026-03-04,portal,308894
LS-01633,Douala,Bonamoussadi,apartment,2,3,52.9,9,3,FALSE,TRUE,FALSE,TRUE,TRUE,2026-05-09,portal,228957
LS-04647,Douala,Logpom,duplex,3,1,106.0,20,0,TRUE,TRUE,TRUE,FALSE,FALSE,27/09/2025,agency,216444
LS-00225,Douala,New Bell,apartment,1,1,44.6,1,0,no,FALSE,FALSE,FALSE,TRUE,2026-05-28,informal,120946
LS-01295,Douala,Logpom,chambre moderne,2,3,69.7,19,1,TRUE,TRUE,TRUE,TRUE,FALSE,2026-01-03,portal,153141
LS-00529,Yaounde,Nkolbisson,studio,4,4,133.3,14,4,TRUE,FALSE,FALSE,TRUE,FALSE,2026-02-25,agency,481078
LS-00385,Douala,PK14,apartment,2,3,64.2 m2,16,1,FALSE,TRUE,FALSE,FALSE,FALSE,2025-11-19,agency,116036
LS-03400,Douala,PK14,chambre moderne,0,1,26.2,17,1,FALSE,FALSE,FALSE,FALSE,FALSE,2026-05-02,agency,25490
LS-05129,Douala,PK14,chambre moderne,2,1,77.1,17,1,FALSE,FALSE,FALSE,FALSE,FALSE,04/12/2025,agency,"65,457"
LS-02064,Yaounde,Mendong,apartment,5,4,159.3,15,0,FALSE,FALSE,FALSE,FALSE,TRUE,2025-10-08,agency,"552,646"
LS-04211,Douala,Ndokoti,chambre moderne,2,3,74.4,2,0,FALSE,FALSE,FALSE,FALSE,FALSE,2025-10-15,agency,178954
LS-00106,Yaounde,Mimboman,apartment,5,2,153.2,21,4,FALSE,FALSE,TRUE,FALSE,FALSE,2026-04-03,agency,275137
LS-02692,Douala,Bonaberi,apartment,3,2,103.4,26,1,FALSE,FALSE,FALSE,FALSE,FALSE,2026-02-15,agency,204194
LS-01597,Douala,Bonanjo,studio,3,2,102.9,19,0,FALSE,TRUE,FALSE,TRUE,FALSE,31/08/2025,portal,413956
LS-03743,Douala,Makepe,apartment,3,2,96.9,0,0,FALSE,FALSE,FALSE,FALSE,FALSE,13/12/2025,informal,242046
LS-03988,Douala,New Bell,studio,2,1,70.4,5,0,FALSE,FALSE,FALSE,FALSE,FALSE,2026-06-05,portal,96661
LS-00401,Yaounde,Golf,duplex,5,3,149.5,7,2,FALSE,FALSE,TRUE,FALSE,TRUE,17/06/2026,informal,1207839
LS-02462,Douala,Bepanda,duplex,2,3,85.4,18,1,FALSE,TRUE,FALSE,FALSE,FALSE,11/07/2025,agency,"225,448"
LS-05913,Douala,Ndokoti,apartment,2,2,87.8,8,1,FALSE,FALSE,FALSE,FALSE,FALSE,2026-06-17,agency,212731
LS-03936,Yaounde,Biyem-Assi,apartment,1,1,50.7,0,4,FALSE,FALSE,TRUE,TRUE,FALSE,2026-08-06,agency,144569
LS-03566,Yaounde,Biyem-Assi,apartment,0,1,19.9,15,3,yes,FALSE,FALSE,FALSE,FALSE,14/07/2025,agency,49552
LS-05506,Yaounde,Mvan,villa,3,3,82.7 m2,18,1,FALSE,TRUE,TRUE,FALSE,FALSE,2026-04-13,portal,205329
LS-02994,Yaounde,Nsam,duplex,5,4,136.3,4,3,TRUE,FALSE,FALSE,FALSE,FALSE,2026-05-03,portal,615777
LS-05100,Yaounde,Golf,apartment,4,3,119.6,6,2,FALSE,FALSE,TRUE,FALSE,FALSE,2026-06-29,portal,396342
LS-00388,Yaounde,Etoudi,villa,0,1,20.2,14,0,no,FALSE,TRUE,FALSE,FALSE,2025-09-20,informal,44942
LS-05536,Douala,Ndokoti,apartment,1,2,49.7,14,1,FALSE,FALSE,FALSE,FALSE,FALSE,29/10/2025,agency,80950
LS-04859,Yaounde,Emana,apartment,5,3,156.9,25,0,FALSE,FALSE,FALSE,FALSE,FALSE,2025-08-13,agency,424273
LS-04266,Douala,Bonamoussadi,apartment,3,2,98.0,10,4,FALSE,FALSE,TRUE,TRUE,TRUE,2026-07-14,agency,668770
LS-01278,Yaounde,Nkolbisson,duplex,4,3,129.0,38,1,FALSE,FALSE,FALSE,FALSE,FALSE,02/01/2026,informal,319583
LS-04987,Yaounde,Emana,apartment,0,1,14.0,24,4,FALSE,FALSE,FALSE,FALSE,FALSE,2025-10-08,agency,29641
LS-04329,Yaounde,Biyem-Assi,apartment,1,2,169.9,17,3,TRUE,FALSE,FALSE,FALSE,FALSE,2026-07-14,portal,590029
LS-04428,Yaounde,Emana,villa,2,1,38.7,6,0,FALSE,FALSE,FALSE,FALSE,TRUE,2026-06-26,agency,110188
LS-01704,Douala,Bonapriso,apartment,2,1,84.5,14,3,TRUE,FALSE,TRUE,TRUE,FALSE,2026-04-22,informal,"352,870"
LS-03735,Yaounde,Mendong,duplex,3,3,86.5,27,1,FALSE,FALSE,FALSE,FALSE,FALSE,2026-06-13,agency,180569
LS-02934,Yaounde,Nkolbisson,apartment,2,3,62.9,16,0,FALSE,FALSE,FALSE,FALSE,FALSE,2025-07-07,informal,122647
LS-02460,Yaounde,Bastos,apartment,2,2,76.0,0,4,TRUE,FALSE,TRUE,FALSE,TRUE,15/12/2025,agency,"416,556"
LS-00754,Douala,Bonapriso,duplex,2,2,72.4,24,4,FALSE,TRUE,TRUE,TRUE,FALSE,2025-10-02,informal,260934
LS-01687,Douala,New Bell,apartment,1,1,65.7,28,4,FALSE,TRUE,TRUE,FALSE,FALSE,24/07/2026,portal,99970
LS-03614,Douala,Bonamoussadi,duplex,2,3,61.7,0,2,FALSE,TRUE,TRUE,TRUE,FALSE,2026-07-31,agency,265877
LS-06048,Yaounde,Biyem-Assi,chambre moderne,2,2,64.4,17,4,TRUE,TRUE,FALSE,FALSE,FALSE,2026-08-25,portal,132235
LS-03092,Yaounde,Biyem-Assi,apartment,2,3,64.1,32,1,FALSE,FALSE,TRUE,FALSE,FALSE,2025-12-19,agency,110059
LS-00351,Douala,Bonanjo,villa,2,2,79.9,15,4,FALSE,FALSE,TRUE,TRUE,FALSE,2025-07-21,informal,
LS-00663,Douala,Akwa,chambre moderne,3,2,96.2,25,3,FALSE,TRUE,TRUE,FALSE,FALSE,2025-07-30,informal,277160
LS-01715,Douala,Bepanda,apartment,2,2,81.5,17,0,FALSE,FALSE,TRUE,TRUE,FALSE,2026-05-30,agency,176338
LS-01326,Douala,Akwa,apartment,2,1,91.2,12,0,FALSE,TRUE,FALSE,FALSE,FALSE,2025-11-07,portal,348643
LS-04363,Yaounde,Mendong,duplex,2,3,87.8,22,1,FALSE,FALSE,FALSE,FALSE,FALSE,2025-07-11,portal,278333
LS-03212,Yaounde,Emana,apartment,2,3,73.1,23,4,FALSE,FALSE,FALSE,FALSE,FALSE,2025-07-16,agency,90983
LS-02134,Douala,Bonaberi,apartment,4,3,127.2,23,0,FALSE,FALSE,FALSE,FALSE,FALSE,2025-10-04,agency,261397
LS-03251,Douala,Bepanda,villa,0,1,14.0,16,3,TRUE,FALSE,FALSE,FALSE,FALSE,2025-07-24,agency,68194
LS-01269,Douala,Akwa,studio,2,3,95.4,11,1,FALSE,FALSE,TRUE,TRUE,FALSE,2026-02-01,informal,
LS-01760,Yaounde,Mendong,apartment,2,1,77.7,11,3,FALSE,FALSE,FALSE,FALSE,FALSE,2026-02-27,agency,150211
LS-02595,Douala,Bonanjo,studio,3,2,101.4,7,1,FALSE,FALSE,FALSE,TRUE,FALSE,2026-03-23,agency,408902
LS-02533,Yaounde,Emana,duplex,3,3,114.2,4,1,no,TRUE,TRUE,FALSE,FALSE,2025-09-18,agency,188315
LS-02220,Yaounde,Golf,chambre moderne,1,2,49.6 m2,39,4,no,FALSE,FALSE,FALSE,TRUE,2026-05-02,agency,120073
LS-00963,Douala,Bonapriso,apartment,1,2,24.8,31,4,TRUE,FALSE,FALSE,TRUE,FALSE,2025-09-09,agency,177493
LS-03650,Douala,New Bell,studio,2,2,76.4,33,0,no,FALSE,FALSE,FALSE,FALSE,2025-07-10,agency,"67,073"
LS-01452,Yaounde,Etoudi,villa,2,2,78.6,9,2,FALSE,FALSE,FALSE,FALSE,FALSE,2025-07-16,agency,158843
LS-00819,Douala,Bepanda,apartment,3,2,109.5,11,0,FALSE,FALSE,TRUE,FALSE,FALSE,2026-03-03,informal,264385
LS-01176,Douala,New Bell,studio,2,3,69.1,24,3,FALSE,FALSE,FALSE,FALSE,FALSE,2026-03-21,agency,94811
LS-00518,Yaounde,Mendong,chambre moderne,2,2,85.2,0,1,TRUE,TRUE,FALSE,FALSE,TRUE,2026-02-15,agency,132628
LS-05475,Yaounde,Nkolbisson,studio,2,2,75.8,20,1,FALSE,FALSE,FALSE,FALSE,FALSE,2026-08-02,agency,125202
LS-05989,Yaounde,Emana,apartment,0,1,20.8,27,0,FALSE,FALSE,TRUE,FALSE,FALSE,2026-04-14,portal,36451
LS-05417,Yaounde,Nsam,apartment,1,2,55.2,16,1,FALSE,TRUE,TRUE,FALSE,FALSE,2026-02-26,informal,91816
LS-01463,Douala,Bonaberi,duplex,1,1,47.6,20,1,FALSE,FALSE,FALSE,FALSE,TRUE,2026-08-07,portal,107277
LS-00590,Douala,Bonanjo,apartment,4,3,135.1,7,1,TRUE,TRUE,TRUE,FALSE,FALSE,2026-04-25,informal,633303
LS-02449,Douala,Bonamoussadi,apartment,5,3,146.7,4,2,FALSE,FALSE,FALSE,TRUE,FALSE,17/03/2026,agency,483185
LS-02793,Douala,PK14,duplex,2,1,84.1,19,1,FALSE,FALSE,FALSE,FALSE,FALSE,2025-08-06,portal,125210
LS-01858,Yaounde,Golf,apartment,3,2,78.2,26,3,TRUE,FALSE,TRUE,FALSE,FALSE,2025-10-20,agency,181306
LS-02095,Yaounde,Mendong,apartment,2,1,60.3 m2,7,1,FALSE,TRUE,FALSE,TRUE,FALSE,18/12/2025,portal,117672
LS-02056,Douala,Bonamoussadi,duplex,1,1,16.5,11,0,FALSE,FALSE,TRUE,FALSE,FALSE,2025-12-25,agency,78055
LS-03271,Yaounde,Etoudi,apartment,1,2,78.5,24,0,TRUE,FALSE,FALSE,FALSE,FALSE,2025-12-06,informal,192046
LS-02309,Douala,Bonamoussadi,studio,3,3,102.6 m2,22,3,FALSE,FALSE,TRUE,FALSE,FALSE,2026-03-09,agency,259337
LS-05848,Douala,Ndokoti,apartment,4,4,123.0,17,1,no,FALSE,FALSE,FALSE,FALSE,01/12/2025,agency,321443
LS-01247,Douala,Logpom,studio,2,2,70.1,0,0,FALSE,FALSE,FALSE,FALSE,FALSE,2026-03-14,agency,182081
LS-00084,Douala,Bonaberi,apartment,3,2,92.6,10,0,FALSE,TRUE,TRUE,FALSE,FALSE,27/07/2026,agency,165453
LS-01380,Douala,Deido,apartment,3,3,108.4 m2,0,0,FALSE,FALSE,FALSE,FALSE,FALSE,24/07/2025,agency,362959
LS-02059,Yaounde,Golf,chambre moderne,3,3,103.6,16,4,FALSE,TRUE,TRUE,TRUE,TRUE,16/03/2026,agency,384786
LS-02875,Yaounde,Biyem-Assi,apartment,1,2,54.3,4,4,FALSE,FALSE,TRUE,FALSE,FALSE,2026-06-08,agency,101033
LS-00414,Yaounde,Bastos,duplex,1,1,35.1,28,0,FALSE,FALSE,TRUE,FALSE,FALSE,2026-03-22,portal,113647
LS-01001,Yaounde,Nsam,apartment,3,2,104.4,16,1,FALSE,FALSE,FALSE,FALSE,FALSE,2025-07-20,portal,172265
LS-04537,Douala,Bepanda,duplex,4,2,116.9,13,1,FALSE,FALSE,TRUE,FALSE,FALSE,08/10/2025,informal,355894
LS-00502,Yaounde,Bastos,studio,3,3,133.0,3,1,FALSE,FALSE,TRUE,FALSE,FALSE,2025-12-04,agency,1021437
LS-01536,Douala,Bonanjo,studio,3,2,106.3,5,2,FALSE,TRUE,TRUE,FALSE,FALSE,2025-12-29,informal,404220
LS-03784,Yaounde,Mvan,apartment,3,4,119.7,24,3,FALSE,FALSE,TRUE,FALSE,FALSE,2026-06-09,agency,182919
LS-04561,Douala,Ndokoti,apartment,2,3,61.1,20,2,FALSE,TRUE,TRUE,FALSE,FALSE,2025-07-03,portal,123691
LS-05764,Yaounde,Omnisport,apartment,4,3,118.0,0,1,FALSE,TRUE,FALSE,TRUE,FALSE,2026-01-26,agency,445205
LS-02906,Yaounde,Nkolbisson,apartment,2,2,71.9,17,4,FALSE,FALSE,FALSE,FALSE,FALSE,2025-12-07,agency,99393
LS-03867,Yaounde,Mimboman,studio,2,2,69.5,10,2,FALSE,FALSE,TRUE,FALSE,FALSE,2026-01-25,portal,"77,177"
LS-03431,Yaounde,Bastos,apartment,3,3,107.7,1,0,TRUE,FALSE,TRUE,FALSE,FALSE,2026-08-19,agency,608455
LS-05771,Yaounde,Mvan,apartment,3,2,91.7,10,0,no,FALSE,FALSE,TRUE,FALSE,2025-09-14,agency,308029
LS-00902,Yaounde,Nkolbisson,duplex,1,2,64.6,13,0,FALSE,TRUE,FALSE,TRUE,FALSE,2025-08-12,portal,119883
LS-04080,Douala,Bonamoussadi,chambre moderne,1,1,42.4,0,0,FALSE,FALSE,TRUE,TRUE,FALSE,2025-10-13,agency,144689
LS-05429,Yaounde,Bastos,villa,2,2,61.5,21,3,FALSE,TRUE,TRUE,FALSE,TRUE,07/07/2025,informal,
LS-03951,Douala,Bonanjo,studio,1,1,47.9,19,1,FALSE,FALSE,TRUE,TRUE,FALSE,2026-06-29,portal,106232
LS-02983,Douala,Bonapriso,apartment,1,2,62.7,21,0,FALSE,FALSE,TRUE,TRUE,TRUE,2026-02-12,agency,306926
LS-03182,Douala,PK14,studio,5,4,159.6,1,0,TRUE,FALSE,FALSE,FALSE,FALSE,2026-02-06,informal,463982
LS-05448,Yaounde,Bastos,studio,1,1,37.6,23,0,FALSE,TRUE,TRUE,FALSE,TRUE,2026-06-09,agency,139390
LS-05707,Douala,Logpom,chambre moderne,5,4,149.8,0,4,no,FALSE,TRUE,FALSE,TRUE,2025-11-22,agency,779189
LS-05300,Yaounde,Bastos,apartment,3,2,103.1,29,0,TRUE,FALSE,TRUE,FALSE,TRUE,2026-06-23,agency,500336
LS-03074,Douala,Bepanda,apartment,2,2,66.3,0,2,FALSE,FALSE,TRUE,FALSE,FALSE,2025-10-13,agency,118630
LS-01491,Yaounde,Mvan,apartment,5,3,168.5,25,1,no,TRUE,FALSE,FALSE,FALSE,2025-11-13,informal,848930
LS-02234,Douala,Bonanjo,apartment,3,3,100.5 m2,14,2,FALSE,FALSE,TRUE,TRUE,FALSE,2025-07-01,portal,325961
LS-00783,Yaounde,Nkolbisson,apartment,3,3,100.3,4,0,FALSE,TRUE,FALSE,FALSE,FALSE,2025-11-28,agency,219067
LS-04412,Yaounde,Nsam,chambre moderne,2,3,84.2,14,3,FALSE,FALSE,TRUE,FALSE,FALSE,2026-05-19,portal,226308
LS-05799,Yaounde,Etoudi,studio,2,3,99.2,11,0,FALSE,TRUE,TRUE,FALSE,FALSE,2026-05-26,portal,303058
LS-00857,Yaounde,Mvog-Betsi,studio,2,3,76.0,5,3,FALSE,FALSE,FALSE,FALSE,FALSE,2026-05-10,portal,110929
LS-06193,Yaounde,Golf,chambre moderne,1,2,46.9,24,3,TRUE,TRUE,TRUE,FALSE,FALSE,2025-10-26,agency,118150
LS-05181,Yaounde,Omnisport,chambre moderne,2,2,64.0,36,0,TRUE,FALSE,FALSE,FALSE,FALSE,2026-07-23,agency,100421
LS-01360,Douala,Deido,apartment,5,3,144.1,13,0,FALSE,FALSE,TRUE,FALSE,FALSE,2026-08-10,agency,528885
LS-03413,Yaounde,Nsam,studio,5,4,142.9,3,3,FALSE,TRUE,FALSE,FALSE,FALSE,04/03/2026,portal,488013
LS-04258,Yaounde,Omnisport,duplex,2,2,84.1,2,3,TRUE,FALSE,TRUE,FALSE,FALSE,2026-04-30,agency,347817
LS-05545,Douala,Bonamoussadi,chambre moderne,1,2,26.0,22,1,TRUE,FALSE,TRUE,TRUE,TRUE,2026-05-02,agency,141666
LS-02297,Yaounde,Nsam,apartment,3,2,105.7,19,4,FALSE,FALSE,FALSE,FALSE,FALSE,2025-09-02,portal,182433
LS-02754,Yaounde,Biyem-Assi,apartment,1,2,16.1,17,1,FALSE,FALSE,TRUE,FALSE,FALSE,2025-08-19,agency,67240
LS-04564,Douala,Logpom,studio,2,2,71.1,16,3,FALSE,TRUE,FALSE,TRUE,FALSE,2026-01-24,agency,171294
LS-02616,Yaounde,Mendong,villa,2,2,79.9,0,4,FALSE,TRUE,TRUE,FALSE,FALSE,2026-07-28,agency,157263
LS-00048,Douala,Bonaberi,villa,1,2,42.4,9,4,FALSE,FALSE,TRUE,FALSE,FALSE,12/01/2026,portal,77525
LS-00923,Yaounde,Nkolbisson,duplex,2,2,70.1,7,1,FALSE,TRUE,TRUE,TRUE,FALSE,2026-04-13,portal,110335
LS-05343,Douala,PK14,apartment,3,1,81.6 m2,20,1,FALSE,FALSE,FALSE,FALSE,FALSE,2025-08-15,agency,96692
LS-01720,Yaounde,Mimboman,villa,4,4,128.9,20,1,FALSE,FALSE,FALSE,FALSE,FALSE,2026-07-24,informal,
LS-04993,Douala,Bepanda,chambre moderne,3,2,102.5,0,1,FALSE,FALSE,FALSE,FALSE,FALSE,2025-07-23,informal,214390
LS-03859,Douala,Makepe,duplex,3,2,106.0,12,1,FALSE,FALSE,TRUE,FALSE,FALSE,2026-05-05,agency,289407
LS-01387,Douala,Akwa,duplex,2,2,88.4,0,0,TRUE,FALSE,FALSE,FALSE,FALSE,2026-04-26,agency,202513
LS-00935,Yaounde,Nsam,chambre moderne,1,2,64.2,10,1,FALSE,FALSE,FALSE,FALSE,FALSE,2026-06-18,portal,106558
LS-01487,Yaounde,Mvan,apartment,4,3,122.4,7,1,TRUE,TRUE,TRUE,FALSE,FALSE,28/09/2025,informal,332071
LS-05754,Yaounde,Mvog-Betsi,chambre moderne,4,3,141.9,11,2,TRUE,FALSE,TRUE,FALSE,FALSE,2026-08-25,agency,515750
LS-01799,Douala,Makepe,studio,3,2,98.4,31,1,TRUE,FALSE,FALSE,TRUE,FALSE,2026-07-14,agency,178370
LS-01617,Douala,PK14,villa,2,2,69.9,21,0,FALSE,TRUE,FALSE,FALSE,FALSE,2026-08-09,agency,73788
LS-03825,Yaounde,Nkolbisson,apartment,3,3,97.9,4,1,no,TRUE,TRUE,FALSE,FALSE,2025-09-30,informal,
LS-00055,Douala,Akwa,chambre moderne,3,2,95.2,0,0,FALSE,FALSE,FALSE,FALSE,FALSE,2025-07-12,portal,465361
LS-06076,Douala,Akwa,apartment,2,3,64.8,18,0,FALSE,FALSE,TRUE,TRUE,FALSE,2026-05-11,informal,
LS-02392,Douala,PK14,apartment,0,1,23.9,17,3,no,FALSE,TRUE,FALSE,FALSE,2026-01-12,agency,40452
LS-02435,Yaounde,Bastos,apartment,1,2,56.3,17,0,TRUE,TRUE,TRUE,TRUE,TRUE,02/03/2026,agency,"270,496"
LS-01755,Yaounde,Mvan,apartment,2,2,92.8,5,4,FALSE,FALSE,FALSE,FALSE,FALSE,2026-03-04,agency,180405
LS-04016,Yaounde,Mimboman,chambre moderne,1,2,40.1,16,2,TRUE,FALSE,FALSE,FALSE,TRUE,2025-12-30,agency,72705
LS-01716,Yaounde,Mvan,villa,2,1,62.3,8,2,no,TRUE,FALSE,FALSE,FALSE,2025-12-02,agency,99517
LS-02194,Douala,New Bell,studio,2,3,97.5,6,0,FALSE,FALSE,FALSE,FALSE,TRUE,2025-11-21,agency,251606
LS-03095,Yaounde,Mimboman,apartment,2,2,57.0,10,3,FALSE,TRUE,FALSE,FALSE,FALSE,2026-03-20,portal,122285
LS-06112,Douala,PK14,apartment,1,1,55.3 m2,21,1,FALSE,FALSE,TRUE,FALSE,FALSE,2025-07-09,agency,76267
LS-04279,Yaounde,Golf,duplex,3,3,93.7,0,2,TRUE,FALSE,TRUE,FALSE,FALSE,2025-09-28,informal,395104
LS-04835,Douala,PK14,apartment,3,3,103.7,27,2,FALSE,FALSE,FALSE,FALSE,FALSE,2025-11-04,informal,147505
LS-05320,Douala,PK14,villa,0,1,26.6,5,2,FALSE,FALSE,FALSE,FALSE,FALSE,08/07/2026,informal,"59,606"
LS-00650,Douala,Bepanda,apartment,3,3,92.2,8,4,TRUE,FALSE,FALSE,FALSE,FALSE,2025-10-03,portal,150550
LS-04519,Yaounde,Nkolbisson,studio,3,3,104.6,9,1,FALSE,TRUE,FALSE,FALSE,FALSE,2025-09-26,portal,172761
LS-04948,Douala,Akwa,duplex,3,3,87.1,0,1,FALSE,FALSE,FALSE,FALSE,FALSE,2025-11-20,informal,338447
LS-00492,Yaounde,Etoudi,chambre moderne,2,1,86.9,24,0,FALSE,TRUE,FALSE,FALSE,FALSE,2026-06-14,agency,"243,604"
LS-05032,Yaounde,Nsam,apartment,0,1,24.1,14,2,FALSE,FALSE,TRUE,FALSE,FALSE,2026-04-15,portal,51175
LS-04230,Douala,Logpom,apartment,4,2,123.8,8,1,FALSE,FALSE,TRUE,FALSE,FALSE,16/11/2025,agency,471486
LS-03022,Douala,Makepe,duplex,2,1,57.3,13,4,FALSE,TRUE,TRUE,FALSE,FALSE,17/02/2026,portal,171607
LS-05601,Douala,Bonapriso,apartment,1,2,59.9,9,2,FALSE,TRUE,FALSE,TRUE,TRUE,2026-01-12,portal,207854
LS-02253,Yaounde,Nkolbisson,villa,4,3,126.6,20,2,FALSE,TRUE,FALSE,FALSE,FALSE,2026-04-18,agency,274664
LS-00932,Yaounde,Nsam,villa,3,3,93.2,5,0,FALSE,FALSE,FALSE,FALSE,FALSE,2026-06-30,portal,173564
LS-04575,Yaounde,Bastos,duplex,3,3,88.9,13,3,TRUE,TRUE,TRUE,TRUE,TRUE,2025-09-22,agency,436884
LS-00374,Douala,Bonapriso,chambre moderne,3,3,99.7,9,1,FALSE,TRUE,TRUE,FALSE,FALSE,26/07/2026,portal,360249
LS-04893,Douala,Deido,apartment,5,4,139.6,9,0,FALSE,TRUE,TRUE,FALSE,FALSE,2026-07-01,informal,
LS-00276,Douala,Makepe,chambre moderne,0,1,31.2,2,0,FALSE,FALSE,TRUE,TRUE,TRUE,2025-11-01,portal,103469
LS-01010,Yaounde,Nsam,apartment,4,2,129.3,29,3,FALSE,FALSE,FALSE,FALSE,FALSE,2026-03-05,portal,245851
LS-02384,Douala,Bonaberi,apartment,1,2,56.0,29,2,no,FALSE,TRUE,FALSE,FALSE,26/12/2025,agency,101026
LS-04372,Douala,Akwa,duplex,0,1,21.2,2,3,FALSE,FALSE,TRUE,TRUE,FALSE,2026-06-29,agency,72408
LS-02840,Douala,Logpom,duplex,2,2,82.9,15,4,FALSE,FALSE,FALSE,FALSE,TRUE,2025-08-20,agency,212374
LS-04650,Douala,Bepanda,chambre moderne,1,1,44.5,5,2,FALSE,TRUE,TRUE,FALSE,FALSE,2025-12-21,informal,
LS-04283,Douala,Makepe,apartment,1,2,26.6,26,2,TRUE,TRUE,TRUE,FALSE,TRUE,2026-03-20,informal,
LS-03619,Yaounde,Mimboman,apartment,3,2,112.0,0,0,FALSE,FALSE,FALSE,FALSE,TRUE,2025-10-23,agency,210446
LS-01649,Douala,Makepe,duplex,0,1,19.5,17,1,FALSE,FALSE,FALSE,FALSE,FALSE,2026-01-01,informal,63210
LS-05911,Douala,Bonaberi,duplex,1,1,32.9,19,1,FALSE,FALSE,FALSE,FALSE,FALSE,2026-08-25,informal,81033
LS-01358,Douala,Bonanjo,apartment,4,4,130.9,22,1,TRUE,FALSE,TRUE,FALSE,TRUE,2026-07-28,portal,599441
LS-05958,Yaounde,Mvan,apartment,0,1,45.4,28,0,yes,TRUE,TRUE,TRUE,TRUE,2026-01-10,agency,89055
LS-02860,Yaounde,Golf,studio,0,1,33.3,0,2,TRUE,FALSE,TRUE,FALSE,FALSE,2025-10-05,agency,75438
LS-04246,Douala,Deido,apartment,4,3,146.6,16,4,FALSE,TRUE,TRUE,FALSE,FALSE,2026-08-14,agency,521816
LS-02269,Douala,New Bell,studio,2,2,83.4,24,2,FALSE,FALSE,FALSE,FALSE,FALSE,2025-09-06,agency,82764
LS-06015,Yaounde,Bastos,chambre moderne,2,2,73.1,4,3,TRUE,FALSE,FALSE,TRUE,FALSE,2025-12-17,agency,279699
LS-02024,Yaounde,Omnisport,studio,2,2,54.3,19,0,FALSE,FALSE,FALSE,TRUE,FALSE,2026-05-02,agency,163207
LS-01375,Douala,Bonamoussadi,apartment,4,3,132.9,0,2,yes,FALSE,TRUE,TRUE,FALSE,2025-09-04,agency,711708
LS-04625,Yaounde,Golf,chambre moderne,2,3,68.9,21,2,FALSE,TRUE,TRUE,TRUE,FALSE,2026-02-23,portal,249595
LS-02425,Yaounde,Mimboman,chambre moderne,1,1,35.3,7,4,FALSE,FALSE,TRUE,TRUE,FALSE,24/07/2026,agency,44785
LS-02811,Douala,Bonanjo,duplex,1,1,38.3,0,2,FALSE,TRUE,FALSE,TRUE,FALSE,2026-04-15,informal,149994
LS-00430,Yaounde,Mimboman,duplex,2,3,81.7,0,1,TRUE,FALSE,TRUE,FALSE,FALSE,2025-09-04,informal,
LS-01538,Douala,PK14,apartment,1,2,60.4,29,4,FALSE,TRUE,FALSE,FALSE,FALSE,2026-07-02,agency,67366
LS-05000,Douala,PK14,studio,2,1,75.8,8,1,TRUE,FALSE,FALSE,FALSE,FALSE,2026-06-03,agency,84284
LS-01215,Douala,Bonanjo,apartment,3,3,83.3,0,0,TRUE,FALSE,TRUE,TRUE,FALSE,2026-06-25,portal,378286
LS-02114,Yaounde,Etoudi,apartment,1,2,61.8,17,3,FALSE,TRUE,TRUE,FALSE,FALSE,2025-12-20,informal,125222
LS-04115,Douala,Makepe,chambre moderne,2,1,66.6,30,3,FALSE,TRUE,FALSE,FALSE,FALSE,2026-01-21,agency,170432
LS-00791,Douala,New Bell,apartment,1,2,46.6,2,1,FALSE,FALSE,TRUE,FALSE,FALSE,2026-01-05,informal,122027
LS-02164,Yaounde,Omnisport,chambre moderne,3,3,93.2,14,0,TRUE,TRUE,FALSE,FALSE,FALSE,2025-09-04,agency,313904
LS-01525,Yaounde,Mendong,villa,2,1,81.6 m2,3,0,TRUE,TRUE,FALSE,FALSE,FALSE,2026-02-11,informal,
LS-00739,Douala,Bonamoussadi,apartment,2,3,76.6,9,0,FALSE,FALSE,TRUE,TRUE,TRUE,2025-08-28,portal,294294
LS-03093,Yaounde,Mendong,chambre moderne,2,1,84.9,14,3,FALSE,FALSE,TRUE,TRUE,FALSE,26/09/2025,agency,133577
LS-05168,Yaounde,Omnisport,apartment,3,1,111.8,0,1,TRUE,FALSE,FALSE,FALSE,TRUE,2026-02-18,portal,541102
LS-00986,Douala,Makepe,apartment,2,1,75.1,27,0,FALSE,TRUE,FALSE,FALSE,TRUE,2026-07-02,informal,196896
LS-03030,Yaounde,Biyem-Assi,apartment,3,3,112.4,14,2,FALSE,TRUE,FALSE,FALSE,FALSE,2026-04-10,agency,408490
LS-02190,Yaounde,Etoudi,chambre moderne,1,2,51.1,4,2,FALSE,FALSE,FALSE,FALSE,FALSE,24/05/2026,agency,108404
LS-03428,Douala,Logpom,duplex,0,1,23.4,18,3,TRUE,FALSE,TRUE,FALSE,FALSE,21/07/2026,portal,71170
LS-01478,Yaounde,Etoudi,chambre moderne,0,1,20.3,25,4,TRUE,FALSE,FALSE,FALSE,FALSE,2025-11-02,agency,40436
LS-02715,Yaounde,Biyem-Assi,duplex,2,1,84.3,4,2,TRUE,FALSE,FALSE,FALSE,FALSE,2026-06-04,agency,219217
LS-04107,Yaounde,Bastos,apartment,2,2,100.0,30,1,TRUE,TRUE,FALSE,FALSE,FALSE,2026-07-22,portal,511153
LS-05040,Yaounde,Emana,studio,1,1,53.4 m2,18,2,FALSE,FALSE,FALSE,FALSE,FALSE,2026-06-07,agency,"114,434"
LS-01087,Yaounde,Mvog-Betsi,apartment,2,2,65.8,29,1,FALSE,FALSE,FALSE,FALSE,FALSE,2026-06-04,portal,121254
LS-03580,Douala,Bepanda,villa,1,1,36.0 m2,7,3,FALSE,FALSE,FALSE,FALSE,FALSE,27/09/2025,agency,78355
LS-01551,Douala,Bonaberi,apartment,0,1,14.0 m2,29,1,FALSE,FALSE,TRUE,FALSE,TRUE,2025-09-04,informal,51930
LS-01315,Douala,Bonamoussadi,studio,3,4,84.2,2,3,TRUE,FALSE,TRUE,TRUE,FALSE,2026-03-13,agency,247474
LS-03398,Douala,Deido,villa,1,1,61.6,14,1,FALSE,FALSE,FALSE,FALSE,TRUE,2025-08-25,informal,"161,909"
LS-00103,Douala,PK14,villa,2,1,85.4,28,2,FALSE,FALSE,TRUE,FALSE,FALSE,2025-09-08,informal,
LS-00830,Yaounde,Mvan,villa,1,2,38.2,22,4,TRUE,FALSE,FALSE,FALSE,FALSE,2025-10-26,portal,74540
LS-00949,Yaounde,Mvan,apartment,3,2,128.8,10,1,FALSE,FALSE,TRUE,FALSE,FALSE,2025-07-28,portal,306890
LS-04481,Douala,PK14,chambre moderne,2,2,71.9 m2,13,4,FALSE,FALSE,FALSE,FALSE,FALSE,2026-07-27,agency,154007
LS-03227,Douala,Akwa,chambre moderne,1,2,54.8,15,3,FALSE,TRUE,TRUE,TRUE,FALSE,2025-08-08,portal,159300
LS-00655,Yaounde,Golf,studio,2,2,76.0,14,1,TRUE,FALSE,FALSE,TRUE,FALSE,2025-09-24,agency,186929
LS-02325,Yaounde,Nkolbisson,apartment,1,2,52.0,13,3,FALSE,TRUE,TRUE,FALSE,FALSE,2025-07-26,informal,
LS-03050,Yaounde,Etoudi,apartment,1,1,56.8,8,4,FALSE,TRUE,FALSE,FALSE,TRUE,2026-01-29,agency,157701
LS-02932,Yaounde,Golf,duplex,5,3,166.1,33,0,TRUE,TRUE,FALSE,TRUE,FALSE,2026-01-29,informal,
LS-00703,Douala,Bonapriso,studio,2,2,69.7,1,3,FALSE,TRUE,TRUE,FALSE,FALSE,2025-07-23,portal,306206
LS-01122,Douala,Bonamoussadi,apartment,0,1,24.4,17,0,FALSE,FALSE,TRUE,FALSE,FALSE,2025-11-11,informal,
LS-03391,Douala,Bonapriso,studio,3,3,112.1,31,2,no,FALSE,TRUE,FALSE,TRUE,2026-08-01,agency,495456
LS-02697,Douala,Bepanda,apartment,3,3,92.6,28,1,FALSE,FALSE,TRUE,TRUE,FALSE,2026-03-13,agency,244895
LS-00347,Yaounde,Biyem-Assi,duplex,2,1,88.1,0,1,FALSE,FALSE,FALSE,FALSE,FALSE,2025-12-14,agency,198606
LS-03476,Yaounde,Mvog-Betsi,duplex,1,2,45.2,13,1,FALSE,TRUE,TRUE,TRUE,FALSE,2025-08-26,agency,130692
LS-03061,Douala,Logpom,apartment,2,2,79.9,17,0,FALSE,FALSE,FALSE,TRUE,FALSE,2025-11-17,agency,211933
LS-03350,Douala,Deido,duplex,4,3,128.2,4,0,FALSE,FALSE,TRUE,TRUE,FALSE,2026-07-02,agency,303987
LS-03706,Yaounde,Emana,duplex,2,3,90.1,30,0,no,FALSE,FALSE,FALSE,FALSE,2026-05-01,agency,114351
LS-02626,Douala,Logpom,duplex,2,2,61.8,28,2,FALSE,TRUE,FALSE,FALSE,FALSE,08/07/2025,agency,171815
LS-05379,Yaounde,Mvog-Betsi,chambre moderne,5,3,166.6,0,0,TRUE,FALSE,TRUE,FALSE,FALSE,2025-12-01,portal,"637,184"
LS-02996,Douala,Bonapriso,apartment,2,2,70.4,13,2,TRUE,FALSE,FALSE,TRUE,FALSE,2026-05-31,agency,326420
LS-01629,Douala,Bonanjo,duplex,2,2,52.8,1,2,FALSE,TRUE,TRUE,FALSE,FALSE,2025-07-27,agency,225121
LS-03505,Douala,Logpom,duplex,1,2,35.2,23,1,FALSE,TRUE,FALSE,FALSE,FALSE,20/08/2026,informal,167985
LS-04855,Yaounde,Emana,duplex,2,2,81.5,0,1,FALSE,FALSE,TRUE,FALSE,FALSE,2026-02-28,portal,141679
LS-04431,Yaounde,Bastos,apartment,4,3,133.2,5,0,FALSE,FALSE,TRUE,TRUE,FALSE,04/10/2025,agency,1084970
LS-04065,Yaounde,Mvan,apartment,4,3,137.5,12,0,FALSE,FALSE,FALSE,FALSE,FALSE,2026-05-13,portal,306599
LS-01090,Yaounde,Biyem-Assi,chambre moderne,4,3,127.0,32,0,FALSE,FALSE,FALSE,FALSE,FALSE,2026-04-06,portal,312669
LS-06166,Douala,Bonanjo,apartment,2,2,73.1,27,3,FALSE,FALSE,FALSE,TRUE,FALSE,2026-03-28,portal,187408
LS-03956,Douala,Akwa,apartment,2,3,77.1,15,4,FALSE,FALSE,TRUE,TRUE,FALSE,19/12/2025,informal,193986
LS-00567,Yaounde,Mvan,apartment,2,2,80.5,21,0,FALSE,FALSE,TRUE,FALSE,FALSE,2026-02-01,portal,147075
LS-03681,Yaounde,Mimboman,villa,2,3,94.1,18,0,FALSE,FALSE,FALSE,FALSE,FALSE,2026-03-08,agency,146731
LS-02133,Douala,Bonamoussadi,villa,1,1,32.3,13,0,TRUE,FALSE,TRUE,TRUE,FALSE,2025-12-19,agency,136350
LS-04402,Yaounde,Omnisport,studio,1,2,39.1,4,0,TRUE,FALSE,FALSE,FALSE,FALSE,2026-01-06,agency,169922
LS-01391,Douala,Bonamoussadi,apartment,1,2,36.2,16,0,FALSE,TRUE,FALSE,TRUE,FALSE,2026-04-16,agency,155795
LS-04236,Yaounde,Mendong,apartment,2,1,65.4,11,4,FALSE,FALSE,FALSE,TRUE,FALSE,2025-10-23,portal,189158
LS-03175,Douala,Ndokoti,chambre moderne,4,3,124.9,0,1,FALSE,FALSE,TRUE,FALSE,FALSE,2026-08-13,agency,459279
LS-00516,Yaounde,Omnisport,apartment,3,2,103.7,21,0,FALSE,TRUE,TRUE,TRUE,TRUE,2026-06-26,informal,600224
LS-01683,Douala,Bonaberi,villa,1,2,68.8,11,1,FALSE,FALSE,TRUE,FALSE,FALSE,2025-10-12,portal,80682
LS-00081,Yaounde,Nkolbisson,villa,2,2,85.6,21,3,FALSE,FALSE,FALSE,FALSE,FALSE,2026-06-09,agency,135596
LS-03166,Douala,Akwa,villa,4,4,131.9,19,1,TRUE,TRUE,FALSE,FALSE,FALSE,2026-03-03,portal,913094
LS-05364,Douala,PK14,duplex,3,2,83.3,24,1,FALSE,FALSE,FALSE,TRUE,FALSE,2026-04-06,informal,104342
LS-04551,Yaounde,Mvog-Betsi,studio,1,1,50.7,10,4,TRUE,TRUE,FALSE,FALSE,FALSE,2026-06-15,portal,134425
LS-02145,Yaounde,Emana,apartment,3,3,97.1,6,2,TRUE,TRUE,TRUE,FALSE,FALSE,2025-12-25,agency,167290
LS-02643,Douala,Logpom,villa,3,3,94.8,15,2,TRUE,TRUE,TRUE,FALSE,FALSE,2026-03-10,informal,
LS-03454,Douala,Akwa,studio,3,4,105.5,9,1,FALSE,TRUE,FALSE,TRUE,FALSE,2026-08-12,agency,374548
LS-03410,Yaounde,Bastos,duplex,1,2,43.2,18,0,TRUE,FALSE,TRUE,TRUE,FALSE,2025-07-24,agency,182789
LS-01107,Yaounde,Mvan,studio,2,2,71.6 m2,1,1,FALSE,FALSE,FALSE,FALSE,FALSE,2026-03-16,portal,183880
LS-04312,Douala,Deido,chambre moderne,1,2,34.0,19,0,TRUE,FALSE,FALSE,TRUE,FALSE,2025-08-08,agency,63924
LS-05175,Douala,Logpom,chambre moderne,2,3,64.7,17,3,FALSE,FALSE,FALSE,FALSE,FALSE,2025-09-03,agency,147952
LS-02604,Yaounde,Nkolbisson,apartment,3,3,97.2,24,0,FALSE,FALSE,FALSE,FALSE,FALSE,2026-06-18,agency,158731
LS-01908,Douala,Bepanda,duplex,3,2,79.9,17,0,FALSE,TRUE,FALSE,FALSE,FALSE,24/07/2025,informal,
LS-04244,Yaounde,Bastos,villa,2,2,85.3,20,0,TRUE,FALSE,TRUE,FALSE,TRUE,2026-06-27,agency,479694
LS-05966,Yaounde,Nsam,apartment,2,2,83.5,16,1,FALSE,FALSE,FALSE,FALSE,FALSE,2025-07-29,informal,
LS-01722,Douala,Bepanda,apartment,4,3,145.9,5,0,FALSE,FALSE,FALSE,FALSE,FALSE,2026-02-01,agency,271529
LS-04873,Yaounde,Mvan,villa,2,2,83.0,8,3,FALSE,TRUE,FALSE,FALSE,FALSE,2026-05-09,informal,188699
LS-02378,Douala,Ndokoti,duplex,4,4,128.0,13,0,FALSE,FALSE,TRUE,FALSE,TRUE,2025-12-03,agency,383855
LS-05563,Douala,Akwa,apartment,2,2,80.0,4,0,FALSE,TRUE,FALSE,TRUE,FALSE,2025-11-29,portal,218478
LS-02265,Douala,Bonanjo,apartment,3,1,76.2,37,3,FALSE,FALSE,FALSE,FALSE,FALSE,2025-10-20,informal,278107
LS-02988,Yaounde,Biyem-Assi,chambre moderne,2,2,73.5,16,2,FALSE,FALSE,TRUE,FALSE,FALSE,2026-04-03,agency,159552
LS-03521,Douala,Makepe,duplex,2,3,74.4,37,2,TRUE,FALSE,FALSE,FALSE,TRUE,2025-12-11,portal,"235,026"
LS-00299,Yaounde,Omnisport,studio,1,1,53.4,20,2,FALSE,FALSE,FALSE,FALSE,FALSE,2026-04-22,portal,107758
LS-00826,Douala,Deido,villa,0,1,15.7,12,0,TRUE,FALSE,FALSE,FALSE,FALSE,2025-07-17,informal,
LS-04792,Yaounde,Bastos,apartment,1,2,64.8,23,0,TRUE,TRUE,TRUE,TRUE,FALSE,2026-01-02,agency,233170
LS-00556,Douala,Makepe,apartment,1,1,49.1,13,3,FALSE,TRUE,FALSE,FALSE,TRUE,2026-07-08,agency,209835
LS-02383,Yaounde,Golf,apartment,1,1,32.0,11,0,FALSE,TRUE,TRUE,TRUE,FALSE,2026-05-06,portal,164249
LS-04122,Yaounde,Mvan,villa,3,2,88.8,12,1,FALSE,FALSE,TRUE,FALSE,FALSE,2026-08-22,portal,169173
LS-02434,Douala,Akwa,apartment,1,2,34.4,26,0,FALSE,TRUE,TRUE,FALSE,FALSE,2025-09-01,agency,90291
LS-04077,Yaounde,Emana,apartment,1,2,44.7,14,4,FALSE,TRUE,FALSE,FALSE,FALSE,2025-08-22,portal,41692
LS-01025,Yaounde,Golf,duplex,2,2,68.2,5,0,FALSE,FALSE,FALSE,TRUE,FALSE,2026-05-16,informal,387229
LS-05171,Douala,New Bell,apartment,2,1,79.3,29,0,no,FALSE,FALSE,FALSE,TRUE,2025-10-24,informal,91258
LS-03517,Douala,New Bell,apartment,2,2,80.1,10,2,FALSE,FALSE,FALSE,FALSE,FALSE,2025-11-30,portal,100431
LS-05986,Douala,Bonanjo,villa,3,2,82.6,26,2,TRUE,TRUE,TRUE,TRUE,FALSE,2025-08-07,agency,343998
LS-06094,Yaounde,Emana,apartment,2,2,75.8,0,0,FALSE,FALSE,FALSE,FALSE,FALSE,2026-04-02,informal,104315
LS-04057,Yaounde,Mimboman,chambre moderne,1,1,53.8,2,0,FALSE,FALSE,FALSE,FALSE,FALSE,2025-09-15,informal,67543
LS-00053,Yaounde,Emana,apartment,2,2,76.6,21,1,FALSE,FALSE,FALSE,FALSE,FALSE,2025-11-12,agency,91579
LS-00396,Douala,Bonanjo,apartment,1,2,74.8,0,3,yes,TRUE,TRUE,TRUE,FALSE,2025-07-21,informal,328740
LS-00803,Yaounde,Biyem-Assi,chambre moderne,1,2,52.9,0,2,FALSE,FALSE,TRUE,FALSE,FALSE,27/04/2026,portal,"126,897"
LS-02942,Douala,Bepanda,apartment,3,1,89.7,12,4,FALSE,TRUE,TRUE,FALSE,FALSE,2025-07-31,agency,229773
LS-06128,Yaounde,Nkolbisson,studio,3,3,113.0,16,3,no,TRUE,TRUE,TRUE,FALSE,2025-09-27,agency,253781
LS-02576,Yaounde,Golf,villa,3,3,100.0,25,1,FALSE,TRUE,TRUE,TRUE,TRUE,2026-07-22,agency,365206
LS-02127,Yaounde,Mimboman,villa,1,2,45.7,17,0,TRUE,FALSE,FALSE,FALSE,FALSE,2025-09-14,agency,75715
LS-04660,Yaounde,Mendong,villa,2,3,85.3,1,1,FALSE,TRUE,FALSE,FALSE,FALSE,27/05/2026,agency,167038
LS-01111,Yaounde,Etoudi,chambre moderne,0,1,14.0,0,0,FALSE,FALSE,TRUE,FALSE,FALSE,2025-08-24,portal,105128
LS-03133,Douala,Makepe,apartment,3,1,108.8,3,1,TRUE,FALSE,FALSE,FALSE,FALSE,2025-12-24,agency,427225
LS-05198,Douala,Bonamoussadi,apartment,1,1,57.7,17,0,FALSE,FALSE,FALSE,TRUE,FALSE,29/04/2026,agency,147299
LS-01178,Douala,Logpom,chambre moderne,3,2,103.2,23,1,FALSE,TRUE,FALSE,FALSE,FALSE,2025-09-30,agency,"258,199"
LS-03241,Douala,Bonapriso,chambre moderne,2,2,78.1,21,0,FALSE,TRUE,TRUE,FALSE,TRUE,2025-09-10,agency,"422,888"
LS-00677,Douala,Deido,duplex,2,2,88.5 m2,12,4,FALSE,FALSE,TRUE,FALSE,TRUE,2025-08-12,agency,221638
LS-00297,Yaounde,Omnisport,chambre moderne,2,1,70.7,15,1,FALSE,FALSE,TRUE,FALSE,TRUE,2026-08-05,informal,
LS-00327,Yaounde,Bastos,apartment,2,1,51.9,20,1,FALSE,FALSE,TRUE,FALSE,FALSE,2026-02-14,informal,
LS-04574,Yaounde,Nkolbisson,apartment,2,1,80.7 m2,34,0,TRUE,FALSE,FALSE,FALSE,FALSE,2025-09-26,portal,69521
LS-00305,Yaounde,Bastos,apartment,4,3,124.4,6,0,TRUE,TRUE,TRUE,FALSE,FALSE,2025-08-12,portal,719506
LS-03657,Douala,Akwa,apartment,2,1,49.4,11,0,TRUE,FALSE,TRUE,TRUE,FALSE,08/08/2025,agency,209422
LS-04032,Yaounde,Bastos,apartment,3,3,100.1,1,1,TRUE,FALSE,FALSE,TRUE,FALSE,2026-03-12,portal,427219
LS-01461,Douala,Makepe,apartment,2,2,87.8,29,1,FALSE,FALSE,TRUE,FALSE,FALSE,2026-01-28,agency,208724
LS-01496,Yaounde,Golf,apartment,3,2,110.4,5,4,FALSE,TRUE,FALSE,FALSE,FALSE,2026-01-22,portal,637891
LS-01134,Yaounde,Bastos,duplex,0,1,24.7,1,1,TRUE,FALSE,TRUE,TRUE,TRUE,2026-05-23,informal,78262
LS-05031,Douala,Bonapriso,apartment,3,2,102.9,2,0,FALSE,FALSE,TRUE,TRUE,TRUE,2025-07-16,agency,388582
LS-06165,Douala,Bonanjo,apartment,1,1,35.0,8,1,FALSE,FALSE,FALSE,TRUE,FALSE,2025-09-03,portal,246059
LS-04072,Douala,Bonaberi,chambre moderne,2,3,87.5,5,1,FALSE,FALSE,TRUE,FALSE,FALSE,2025-11-28,agency,190281
LS-00415,Yaounde,Mimboman,studio,2,2,61.2,14,1,FALSE,FALSE,FALSE,FALSE,TRUE,2026-03-10,agency,95272
LS-04585,Douala,Ndokoti,apartment,2,2,46.0,13,1,FALSE,FALSE,FALSE,FALSE,FALSE,2025-09-29,agency,122025
LS-02627,Douala,Bonanjo,apartment,1,1,53.8,11,1,TRUE,FALSE,TRUE,TRUE,FALSE,2025-12-25,agency,"142,741"
LS-05905,Douala,Bonaberi,chambre moderne,1,1,50.2,6,4,FALSE,TRUE,TRUE,FALSE,FALSE,2025-09-13,informal,
LS-03853,Douala,Deido,villa,2,2,80.3,26,0,FALSE,TRUE,FALSE,FALSE,FALSE,2025-07-31,agency,98310
LS-03045,Douala,Ndokoti,apartment,1,1,45.6,17,2,FALSE,FALSE,TRUE,TRUE,FALSE,2025-10-29,agency,96907
LS-00173,Yaounde,Bastos,apartment,2,2,62.0,31,2,no,FALSE,FALSE,FALSE,TRUE,2025-09-09,agency,217522
LS-04133,Yaounde,Mvan,chambre moderne,2,2,68.9,15,3,FALSE,FALSE,FALSE,FALSE,FALSE,2025-08-01,agency,91689
LS-06181,Douala,Akwa,apartment,2,1,60.2,9,0,TRUE,FALSE,FALSE,TRUE,FALSE,2025-08-12,agency,149229
LS-02862,Douala,Bonapriso,apartment,1,1,47.8,0,4,FALSE,FALSE,TRUE,FALSE,TRUE,2026-04-25,agency,149904
LS-05480,Yaounde,Nsam,villa,1,2,68.5,22,2,FALSE,FALSE,TRUE,FALSE,FALSE,2026-03-08,informal,95659
LS-01579,Yaounde,Omnisport,apartment,2,2,87.1,10,3,FALSE,FALSE,TRUE,TRUE,FALSE,26/12/2025,agency,343453
LS-04583,Douala,PK14,studio,2,1,57.1,8,3,FALSE,FALSE,FALSE,FALSE,FALSE,2025-10-22,agency,87107
LS-05167,Douala,Deido,apartment,2,2,81.4,9,0,FALSE,FALSE,TRUE,FALSE,FALSE,23/09/2025,portal,150006
LS-02910,Douala,Makepe,chambre moderne,2,1,65.1,16,0,FALSE,FALSE,TRUE,TRUE,FALSE,12/07/2026,agency,179319
LS-01644,Douala,Logpom,studio,3,2,85.8,21,1,no,FALSE,TRUE,FALSE,FALSE,2026-08-21,agency,265756
LS-01455,Yaounde,Mimboman,chambre moderne,2,2,68.8,17,0,no,FALSE,FALSE,FALSE,FALSE,2026-02-10,portal,146984
LS-02048,Douala,Makepe,duplex,2,2,89.8,13,4,TRUE,FALSE,TRUE,FALSE,FALSE,2026-08-12,agency,195392
LS-05099,Douala,New Bell,apartment,3,2,114.8,7,0,FALSE,FALSE,FALSE,FALSE,FALSE,2026-03-30,agency,255693
LS-05530,Yaounde,Mvog-Betsi,chambre moderne,0,1,24.7,5,1,FALSE,TRUE,TRUE,FALSE,FALSE,2025-09-17,agency,56843
LS-02552,Yaounde,Nsam,studio,2,2,64.9,18,2,FALSE,TRUE,FALSE,FALSE,FALSE,2026-04-26,informal,105274
LS-04961,Yaounde,Mvog-Betsi,apartment,4,3,139.4,12,4,FALSE,FALSE,FALSE,TRUE,FALSE,2026-01-13,portal,400163
LS-05817,Yaounde,Omnisport,duplex,2,3,70.0,14,3,FALSE,TRUE,FALSE,FALSE,FALSE,2025-10-15,informal,167253
LS-00215,Yaounde,Emana,villa,1,2,51.8,30,1,FALSE,TRUE,FALSE,FALSE,FALSE,09/04/2026,agency,76129
LS-03031,Yaounde,Nsam,villa,3,2,102.7,17,2,FALSE,FALSE,FALSE,FALSE,FALSE,2025-10-31,agency,157644
LS-02361,Yaounde,Mvog-Betsi,studio,1,2,44.7,0,1,FALSE,FALSE,FALSE,FALSE,FALSE,2025-10-31,agency,93378
LS-00010,Yaounde,Biyem-Assi,studio,1,1,45.7,17,3,TRUE,FALSE,TRUE,FALSE,FALSE,2026-05-17,agency,66655
LS-05797,Yaounde,Bastos,chambre moderne,1,1,36.7,12,0,TRUE,TRUE,FALSE,TRUE,FALSE,2026-01-07,informal,179136
LS-03007,Douala,Makepe,villa,0,1,32.6,0,2,FALSE,TRUE,FALSE,FALSE,FALSE,2026-06-15,agency,219824
LS-04068,Yaounde,Golf,apartment,1,2,47.9,9,3,FALSE,FALSE,TRUE,FALSE,FALSE,2026-07-21,agency,220695
LS-03327,Yaounde,Mendong,apartment,3,3,88.0,21,1,TRUE,TRUE,FALSE,TRUE,FALSE,2025-08-05,agency,211501
LS-01257,Yaounde,Nkolbisson,villa,2,2,73.8,26,4,FALSE,FALSE,TRUE,FALSE,FALSE,2026-04-21,informal,74047
LS-02820,Douala,PK14,studio,1,2,57.3,25,3,FALSE,TRUE,TRUE,FALSE,FALSE,2025-08-05,informal,91993
LS-02248,Douala,Ndokoti,apartment,3,3,101.9,7,4,FALSE,FALSE,FALSE,FALSE,FALSE,2026-04-21,agency,270457
LS-01643,Douala,Bonapriso,apartment,3,3,90.4,25,0,FALSE,FALSE,FALSE,FALSE,FALSE,2026-06-11,informal,489861
LS-03094,Douala,Akwa,apartment,2,3,84.6,17,1,FALSE,FALSE,FALSE,FALSE,FALSE,2025-12-21,agency,193426
LS-02390,Yaounde,Mimboman,apartment,1,2,63.2,28,0,FALSE,FALSE,FALSE,FALSE,FALSE,2026-07-03,informal,61718
LS-04072,Douala,Bonaberi,chambre moderne,2,3,87.5,5,1,FALSE,FALSE,TRUE,FALSE,FALSE,2025-11-28,agency,190281
LS-02631,Yaounde,Biyem-Assi,apartment,1,1,56.6,22,0,TRUE,TRUE,FALSE,FALSE,FALSE,2025-12-14,agency,117602
LS-01355,Yaounde,Omnisport,apartment,3,3,89.9 m2,16,4,TRUE,TRUE,FALSE,TRUE,FALSE,2025-07-04,informal,
LS-00175,Yaounde,Bastos,apartment,1,2,53.6,30,0,yes,TRUE,FALSE,FALSE,TRUE,08/03/2026,agency,154135
LS-00623,Yaounde,Golf,apartment,3,3,115.1 m2,8,0,FALSE,FALSE,TRUE,TRUE,FALSE,05/07/2025,agency,617998
LS-01624,Douala,Deido,duplex,3,2,90.7,8,1,TRUE,TRUE,TRUE,FALSE,FALSE,2025-11-11,agency,314997
LS-03042,Douala,Bonapriso,apartment,3,3,103.6,13,0,TRUE,TRUE,TRUE,TRUE,TRUE,2025-07-03,portal,595110
LS-05652,Douala,Ndokoti,studio,4,3,135.8,29,1,FALSE,FALSE,FALSE,FALSE,FALSE,2026-04-24,agency,373329
LS-01188,Douala,PK14,villa,4,2,126.5,14,2,FALSE,FALSE,TRUE,FALSE,FALSE,2025-10-29,agency,195190
LS-04390,Douala,Makepe,studio,2,3,68.9,26,1,FALSE,TRUE,FALSE,FALSE,FALSE,2025-09-08,agency,183637
LS-01323,Yaounde,Bastos,duplex,1,2,64.6,11,4,TRUE,FALSE,FALSE,TRUE,FALSE,2026-04-07,informal,198050
LS-03590,Yaounde,Omnisport,apartment,3,2,107.1,27,0,FALSE,FALSE,TRUE,TRUE,FALSE,2025-10-08,agency,322624
LS-00901,Yaounde,Mendong,duplex,3,2,110.1,17,0,TRUE,TRUE,FALSE,FALSE,TRUE,08/07/2025,agency,265896
LS-00700,Douala,Bonamoussadi,apartment,1,2,64.4,0,0,FALSE,FALSE,TRUE,FALSE,FALSE,2026-06-18,portal,130272
LS-02693,Yaounde,Etoudi,duplex,4,3,127.4,22,0,FALSE,FALSE,FALSE,FALSE,TRUE,21/03/2026,agency,386468
LS-05858,Yaounde,Golf,duplex,1,1,54.8,21,0,TRUE,FALSE,TRUE,FALSE,FALSE,2025-10-01,agency,112275
LS-02706,Douala,Akwa,apartment,2,2,82.2,14,2,TRUE,TRUE,TRUE,FALSE,TRUE,2026-01-22,agency,392715
LS-00342,Douala,New Bell,apartment,5,4,152.6,1,1,FALSE,FALSE,TRUE,FALSE,FALSE,2025-11-06,agency,649741
LS-04478,Douala,Bonaberi,apartment,0,1,40.4,23,1,TRUE,FALSE,FALSE,FALSE,FALSE,07/11/2025,agency,63154
LS-02919,Yaounde,Biyem-Assi,apartment,5,4,129.3,6,4,FALSE,FALSE,FALSE,FALSE,FALSE,2025-12-24,agency,414801
LS-02102,Yaounde,Golf,duplex,0,1,17.8,11,2,TRUE,TRUE,FALSE,FALSE,FALSE,2026-01-01,informal,77177
LS-05009,Douala,Bonanjo,apartment,1,1,61.1,19,0,TRUE,TRUE,TRUE,FALSE,FALSE,2026-01-10,agency,171201
LS-01992,Douala,Deido,apartment,1,1,41.9,31,2,yes,FALSE,TRUE,TRUE,TRUE,2025-11-20,agency,"128,314"
LS-00812,Douala,Deido,chambre moderne,3,3,113.8,6,1,FALSE,TRUE,FALSE,TRUE,FALSE,2025-12-22,agency,264151
LS-01613,Yaounde,Emana,apartment,0,1,14.0,14,0,FALSE,FALSE,TRUE,FALSE,FALSE,2026-03-15,agency,66426
LS-03739,Douala,Bepanda,chambre moderne,2,1,39.2,22,1,TRUE,FALSE,TRUE,FALSE,FALSE,2025-10-30,agency,91379
LS-00930,Yaounde,Biyem-Assi,chambre moderne,2,2,67.2,7,0,FALSE,FALSE,TRUE,FALSE,FALSE,2026-03-04,portal,173358
LS-05689,Douala,Bonaberi,duplex,2,3,69.8,23,2,TRUE,TRUE,FALSE,FALSE,FALSE,2025-08-05,agency,90757
LS-04716,Douala,Bepanda,apartment,3,2,82.1,26,0,FALSE,TRUE,FALSE,FALSE,FALSE,2026-01-18,portal,185682
LS-04588,Douala,Bepanda,studio,2,2,78.8,2,1,FALSE,TRUE,TRUE,FALSE,FALSE,03/12/2025,agency,190576
LS-00856,Douala,PK14,studio,3,2,109.5,21,0,FALSE,FALSE,FALSE,FALSE,FALSE,2026-05-22,informal,126270
LS-01650,Yaounde,Emana,duplex,3,2,102.9,27,1,no,FALSE,TRUE,FALSE,FALSE,2026-08-15,agency,164749
LS-01017,Yaounde,Golf,duplex,3,3,90.3,0,4,FALSE,FALSE,TRUE,TRUE,FALSE,2026-03-13,agency,376838
LS-00929,Yaounde,Golf,villa,1,2,32.7,16,4,FALSE,FALSE,TRUE,FALSE,TRUE,2025-12-03,portal,95961
LS-05646,Douala,Bonaberi,duplex,2,1,84.2,18,4,FALSE,FALSE,FALSE,FALSE,FALSE,2025-08-14,informal,
LS-00720,Douala,New Bell,chambre moderne,0,1,15.3,18,1,FALSE,FALSE,TRUE,FALSE,FALSE,29/07/2025,portal,26951
LS-02539,Douala,Bonapriso,chambre moderne,1,2,68.0,24,3,FALSE,FALSE,FALSE,TRUE,TRUE,2026-01-09,informal,
LS-00705,Douala,Bonanjo,studio,2,3,95.0,2,0,FALSE,FALSE,TRUE,TRUE,TRUE,2025-07-20,portal,374883
LS-04011,Douala,Bonapriso,apartment,2,2,77.8,9,0,TRUE,FALSE,TRUE,TRUE,FALSE,2025-09-18,informal,
LS-02637,Douala,Makepe,villa,2,1,76.8,21,3,TRUE,FALSE,TRUE,FALSE,TRUE,2026-01-26,portal,224864
LS-00210,Yaounde,Mimboman,studio,4,3,111.5,14,1,FALSE,FALSE,FALSE,FALSE,FALSE,2025-10-20,portal,205899
LS-01158,Yaounde,Bastos,duplex,4,4,131.3,17,4,FALSE,TRUE,FALSE,TRUE,FALSE,2026-02-24,agency,1197042
LS-00345,Yaounde,Emana,apartment,0,1,14.0,15,0,FALSE,FALSE,FALSE,FALSE,FALSE,14/02/2026,agency,63957
LS-00083,Douala,Ndokoti,duplex,5,4,157.1,17,1,FALSE,TRUE,TRUE,FALSE,FALSE,2026-01-29,portal,420251
LS-03248,Yaounde,Mvan,chambre moderne,2,3,85.3,27,1,FALSE,FALSE,FALSE,FALSE,FALSE,2026-06-17,agency,165106
LS-01874,Douala,Bonaberi,studio,2,3,93.4,22,4,TRUE,FALSE,FALSE,FALSE,FALSE,2025-12-23,portal,151268
LS-04871,Yaounde,Mimboman,studio,1,2,52.2,0,0,FALSE,FALSE,FALSE,FALSE,FALSE,2026-03-24,portal,124827
LS-00025,Douala,Logpom,studio,0,1,28.2,0,1,FALSE,TRUE,TRUE,TRUE,FALSE,2026-04-17,agency,139278
LS-05747,Yaounde,Bastos,chambre moderne,0,1,21.0,8,0,TRUE,TRUE,TRUE,FALSE,FALSE,2026-06-21,agency,106290
LS-06009,Douala,Logpom,villa,5,3,150.2,0,0,FALSE,TRUE,TRUE,TRUE,FALSE,2025-11-19,agency,697935
LS-03694,Douala,Bonamoussadi,apartment,1,1,19.2,24,3,FALSE,FALSE,FALSE,TRUE,FALSE,2025-08-17,portal,64215
LS-05249,Yaounde,Etoudi,duplex,2,3,60.7,17,0,TRUE,FALSE,FALSE,FALSE,FALSE,2025-08-14,agency,54991
LS-02908,Yaounde,Nkolbisson,apartment,3,3,89.7,24,4,FALSE,FALSE,FALSE,FALSE,FALSE,2026-02-28,portal,237220
LS-03883,Yaounde,Nkolbisson,chambre moderne,1,2,44.1,6,0,FALSE,FALSE,FALSE,FALSE,FALSE,2026-05-11,agency,102561
LS-00768,Douala,Akwa,studio,3,3,96.0,24,3,FALSE,FALSE,TRUE,FALSE,FALSE,2026-04-24,agency,259954
LS-05278,Yaounde,Bastos,duplex,5,3,157.8,29,1,FALSE,TRUE,TRUE,FALSE,FALSE,22/06/2026,informal,615574
LS-04862,Yaounde,Bastos,studio,1,1,45.5,10,0,FALSE,TRUE,TRUE,FALSE,FALSE,2025-12-20,portal,241029
LS-05675,Yaounde,Mimboman,apartment,5,3,127.8,19,2,TRUE,TRUE,FALSE,FALSE,FALSE,2026-01-10,agency,459703
LS-00325,Douala,Bonanjo,apartment,3,2,113.6,7,0,FALSE,FALSE,TRUE,TRUE,TRUE,2025-08-21,portal,561008
LS-01576,Yaounde,Omnisport,apartment,4,4,120.6,17,0,TRUE,FALSE,FALSE,FALSE,FALSE,2026-02-02,informal,
LS-01566,Douala,Ndokoti,duplex,1,1,47.3,23,0,FALSE,TRUE,FALSE,FALSE,FALSE,2026-01-30,agency,79696
LS-03999,Douala,PK14,chambre moderne,3,2,109.4,7,0,FALSE,TRUE,FALSE,TRUE,FALSE,2026-07-01,agency,178695
LS-04137,Yaounde,Mvan,apartment,1,2,43.2,7,3,TRUE,FALSE,TRUE,FALSE,FALSE,2026-05-29,informal,
LS-00807,Douala,New Bell,apartment,1,1,30.7,22,2,TRUE,FALSE,FALSE,FALSE,TRUE,2026-07-28,portal,137066
LS-02100,Douala,PK14,apartment,3,3,105.9,24,0,FALSE,FALSE,FALSE,FALSE,FALSE,2026-08-18,agency,130389
LS-04502,Yaounde,Nsam,chambre moderne,1,1,55.0,14,1,FALSE,TRUE,FALSE,FALSE,FALSE,2025-10-13,agency,113276
LS-03466,Yaounde,Golf,chambre moderne,1,1,37.2,16,1,TRUE,FALSE,FALSE,TRUE,FALSE,2026-03-22,agency,106222
LS-05551,Douala,Akwa,chambre moderne,1,2,59.4,16,1,FALSE,FALSE,FALSE,FALSE,FALSE,2025-09-07,portal,143735
LS-02773,Douala,Bepanda,apartment,2,2,70.8,11,1,TRUE,FALSE,FALSE,TRUE,FALSE,2025-08-01,agency,105967
LS-03328,Douala,Bonanjo,apartment,4,3,95.7,15,3,FALSE,TRUE,TRUE,FALSE,FALSE,2025-07-15,agency,445708
LS-05423,Douala,New Bell,apartment,2,1,71.5,16,1,FALSE,FALSE,FALSE,FALSE,FALSE,12/11/2025,agency,78623
LS-05972,Yaounde,Nsam,apartment,3,3,98.8,24,0,FALSE,FALSE,FALSE,FALSE,FALSE,2025-10-20,informal,
LS-03828,Yaounde,Nkolbisson,villa,1,1,61.8,10,3,FALSE,FALSE,FALSE,FALSE,FALSE,2026-07-15,agency,70227
LS-01510,Yaounde,Mendong,studio,3,2,93.9,23,0,FALSE,TRUE,TRUE,FALSE,FALSE,2026-03-12,informal,
LS-03624,Douala,Akwa,villa,1,2,41.0,27,0,TRUE,FALSE,TRUE,FALSE,TRUE,2026-03-03,agency,102597
LS-03229,Douala,Akwa,chambre moderne,0,1,25.4,17,2,FALSE,FALSE,TRUE,FALSE,TRUE,01/01/2026,agency,173894
LS-00543,Douala,Akwa,apartment,2,2,81.3,9,3,TRUE,TRUE,TRUE,FALSE,FALSE,18/05/2026,portal,245311
LS-02204,Yaounde,Mendong,villa,0,1,17.2,7,2,FALSE,FALSE,FALSE,FALSE,FALSE,2025-07-30,portal,58118
LS-04788,Douala,Bonapriso,apartment,3,3,93.3,12,3,FALSE,TRUE,TRUE,FALSE,FALSE,2026-03-02,informal,257905
LS-03666,Douala,PK14,apartment,3,2,92.5,12,2,FALSE,TRUE,FALSE,FALSE,FALSE,2026-05-06,portal,130239
LS-03643,Douala,Ndokoti,studio,2,2,70.5,26,4,FALSE,FALSE,FALSE,FALSE,FALSE,2026-03-02,agency,62599
LS-04760,Yaounde,Mimboman,apartment,3,2,105.5,0,0,FALSE,FALSE,FALSE,FALSE,FALSE,2026-07-14,agency,210102
LS-02115,Douala,Akwa,apartment,2,3,76.1,6,3,TRUE,FALSE,TRUE,FALSE,TRUE,2026-05-22,informal,421393
LS-05150,Yaounde,Mendong,studio,1,1,49.1,7,1,FALSE,FALSE,TRUE,FALSE,TRUE,07/09/2025,informal,73512
LS-01943,Yaounde,Mimboman,villa,3,2,125.7,3,0,FALSE,TRUE,FALSE,FALSE,FALSE,01/12/2025,agency,206219
LS-03609,Douala,Logpom,apartment,1,2,38.8,11,1,FALSE,FALSE,TRUE,FALSE,FALSE,2025-09-30,portal,57820
LS-03239,Douala,Bepanda,apartment,1,2,58.8,23,1,FALSE,TRUE,TRUE,FALSE,FALSE,2026-02-15,agency,54052
LS-04048,Yaounde,Mimboman,duplex,1,1,64.3,11,1,FALSE,FALSE,FALSE,TRUE,FALSE,2025-12-31,informal,
LS-02762,Yaounde,Golf,villa,4,3,117.4,31,1,FALSE,TRUE,TRUE,FALSE,TRUE,2026-03-29,agency,444086
LS-01224,Yaounde,Nsam,apartment,3,2,90.0,26,1,FALSE,FALSE,FALSE,FALSE,FALSE,2026-01-23,agency,145082
LS-00691,Douala,Bonaberi,apartment,3,2,101.5,20,4,FALSE,TRUE,FALSE,FALSE,FALSE,2025-08-30,portal,178397
LS-04839,Douala,Deido,studio,0,1,25.2,26,1,FALSE,TRUE,FALSE,FALSE,FALSE,2026-01-23,informal,46066
LS-02292,Yaounde,Mvog-Betsi,apartment,1,1,51.3,29,0,FALSE,FALSE,FALSE,FALSE,TRUE,2026-06-07,agency,45569
LS-05469,Yaounde,Mvan,villa,2,3,87.4,19,4,FALSE,FALSE,FALSE,FALSE,FALSE,2026-06-03,agency,219003
LS-02950,Yaounde,Emana,apartment,1,1,37.5,1,4,FALSE,TRUE,FALSE,FALSE,FALSE,2026-07-09,agency,88054
LS-01619,Yaounde,Mendong,apartment,2,3,69.6,0,1,FALSE,FALSE,FALSE,FALSE,FALSE,2025-09-14,agency,"208,027"
LS-03717,Yaounde,Nkolbisson,studio,2,2,69.9,16,1,FALSE,FALSE,TRUE,FALSE,FALSE,18/12/2025,agency,95319
LS-04577,Yaounde,Mimboman,apartment,3,3,100.9,11,2,FALSE,FALSE,FALSE,TRUE,FALSE,17/07/2026,informal,213012
LS-05645,Yaounde,Mimboman,apartment,2,2,59.6,0,2,FALSE,TRUE,FALSE,FALSE,FALSE,05/09/2025,agency,166820
LS-02429,Douala,Bonapriso,villa,1,2,39.4,10,1,FALSE,TRUE,TRUE,FALSE,TRUE,2026-05-02,agency,199753
LS-03352,Douala,Logpom,chambre moderne,3,3,103.6,0,1,TRUE,TRUE,FALSE,TRUE,FALSE,2025-08-11,portal,342481
LS-01403,Yaounde,Mendong,villa,2,2,68.9,21,2,FALSE,FALSE,FALSE,FALSE,FALSE,2026-02-16,portal,115113
LS-02951,Yaounde,Mvan,villa,3,1,93.7,20,0,FALSE,TRUE,FALSE,FALSE,FALSE,26/06/2026,portal,227863
LS-06110,Yaounde,Etoudi,apartment,3,2,95.1,2,2,TRUE,TRUE,FALSE,FALSE,FALSE,2026-04-11,informal,140186
LS-05437,Douala,PK14,villa,2,3,80.2,21,3,FALSE,FALSE,TRUE,FALSE,FALSE,2026-04-06,portal,97571
LS-01499,Yaounde,Mendong,chambre moderne,2,3,81.3,16,0,FALSE,FALSE,FALSE,FALSE,FALSE,2026-05-08,portal,143266
LS-04600,Yaounde,Mendong,apartment,3,2,88.4,12,3,no,FALSE,FALSE,FALSE,FALSE,2025-07-06,agency,149519
LS-02714,Yaounde,Nkolbisson,chambre moderne,3,2,104.1,11,4,FALSE,TRUE,FALSE,FALSE,TRUE,2026-07-06,portal,207078
LS-05107,Douala,Bonanjo,apartment,1,2,46.0,13,4,FALSE,FALSE,TRUE,TRUE,TRUE,2026-01-05,informal,211003
LS-05033,Douala,New Bell,apartment,3,3,114.1,9,2,TRUE,FALSE,FALSE,FALSE,FALSE,21/05/2026,informal,240978
LS-00846,Douala,Makepe,duplex,1,1,55.4,12,1,FALSE,TRUE,FALSE,FALSE,FALSE,2025-11-12,portal,114900
LS-04894,Douala,Bepanda,studio,3,2,88.7,26,2,FALSE,FALSE,FALSE,FALSE,FALSE,2025-07-23,portal,224116
LS-05602,Douala,Makepe,studio,3,2,97.7,18,0,TRUE,FALSE,FALSE,TRUE,FALSE,2026-05-05,agency,341556
LS-05311,Douala,Akwa,villa,3,3,94.6,9,2,FALSE,TRUE,FALSE,TRUE,FALSE,2025-08-13,portal,415193
LS-03603,Douala,Bepanda,duplex,4,3,124.0,10,1,FALSE,TRUE,FALSE,TRUE,FALSE,2025-08-30,agency,495766
LS-04128,Yaounde,Bastos,villa,2,2,78.2,4,2,yes,TRUE,TRUE,FALSE,TRUE,2026-06-13,informal,
LS-04373,Douala,Bonanjo,apartment,4,3,138.0,15,2,TRUE,FALSE,FALSE,FALSE,TRUE,2026-02-28,agency,888451
LS-03958,Douala,Ndokoti,villa,1,1,48.5,16,4,FALSE,FALSE,TRUE,FALSE,FALSE,2026-06-21,agency,82624
LS-03151,Douala,Ndokoti,studio,2,3,63.2,19,0,FALSE,FALSE,FALSE,FALSE,FALSE,2026-04-23,agency,81445
LS-02911,Douala,Bepanda,apartment,4,3,123.0,25,0,FALSE,FALSE,FALSE,FALSE,TRUE,2025-11-20,informal,"285,808"
LS-04888,Yaounde,Golf,duplex,2,1,64.7,11,1,FALSE,FALSE,FALSE,FALSE,FALSE,2025-12-29,portal,268514
LS-05761,Yaounde,Mimboman,chambre moderne,3,2,109.3,23,0,FALSE,FALSE,FALSE,FALSE,FALSE,2026-05-29,agency,173809
LS-04673,Yaounde,Nkolbisson,apartment,4,2,106.9,11,1,FALSE,FALSE,FALSE,FALSE,FALSE,2026-08-25,portal,146812
LS-02718,Yaounde,Nsam,villa,1,2,37.1,16,1,no,FALSE,FALSE,FALSE,FALSE,2026-04-07,portal,72296
LS-05299,Yaounde,Mvog-Betsi,studio,1,1,57.9,0,2,FALSE,TRUE,FALSE,FALSE,FALSE,08/04/2026,portal,77049
LS-00122,Douala,Deido,studio,2,1,80.4,3,0,TRUE,FALSE,FALSE,FALSE,FALSE,2025-10-23,agency,162689
LS-04117,Douala,New Bell,duplex,3,2,84.4,7,0,FALSE,TRUE,FALSE,FALSE,FALSE,27/12/2025,agency,251266
LS-02307,Douala,Logpom,apartment,2,2,65.6,18,3,TRUE,TRUE,FALSE,FALSE,FALSE,2025-08-03,agency,222165
LS-02454,Yaounde,Golf,apartment,2,2,89.8,25,2,FALSE,TRUE,TRUE,TRUE,FALSE,2025-10-17,agency,267211
LS-02334,Yaounde,Mvog-Betsi,villa,5,3,150.9,6,3,FALSE,TRUE,FALSE,FALSE,FALSE,2025-12-06,informal,853830
LS-05842,Yaounde,Nsam,apartment,2,2,79.8,13,4,TRUE,FALSE,TRUE,FALSE,FALSE,2025-12-28,agency,"183,808"
LS-02398,Yaounde,Mimboman,chambre moderne,2,3,67.1,30,0,FALSE,FALSE,FALSE,FALSE,FALSE,2026-04-15,informal,
LS-01004,Yaounde,Omnisport,studio,3,3,99.7,0,2,TRUE,TRUE,TRUE,FALSE,FALSE,2026-05-30,informal,442960
LS-05971,Yaounde,Emana,apartment,2,2,87.5,28,0,FALSE,FALSE,TRUE,FALSE,FALSE,2026-07-17,portal,123227
LS-03555,Douala,Ndokoti,studio,1,2,54.2,23,3,FALSE,TRUE,FALSE,FALSE,FALSE,2025-11-05,agency,85075
LS-04515,Douala,Bonaberi,apartment,3,3,128.5 m2,14,4,no,FALSE,FALSE,FALSE,FALSE,2025-10-30,informal,335456
LS-01043,Douala,Bonapriso,apartment,3,3,101.6,10,0,TRUE,TRUE,TRUE,TRUE,FALSE,27/09/2025,portal,236453
LS-03269,Douala,Logpom,apartment,4,3,115.4,23,4,FALSE,FALSE,TRUE,FALSE,FALSE,2026-04-27,agency,193852
LS-02977,Douala,Bonamoussadi,apartment,2,3,75.0,15,4,FALSE,TRUE,FALSE,TRUE,FALSE,2025-07-10,portal,216746
LS-04149,Douala,Bonaberi,studio,3,2,99.7,2,0,FALSE,FALSE,FALSE,FALSE,FALSE,2026-01-23,agency,174518
LS-03546,Yaounde,Mimboman,apartment,2,2,63.6,15,3,FALSE,FALSE,FALSE,FALSE,FALSE,18/06/2026,informal,132601
LS-06154,Yaounde,Golf,apartment,2,2,78.8,25,2,TRUE,TRUE,FALSE,FALSE,TRUE,2025-09-02,agency,200109
LS-04714,Yaounde,Mendong,apartment,1,2,44.2,15,2,FALSE,TRUE,FALSE,FALSE,FALSE,2025-09-08,informal,82717
LS-01216,Douala,Logpom,studio,2,2,66.7,19,2,TRUE,FALSE,FALSE,TRUE,TRUE,2026-01-09,informal,158826
LS-02877,Douala,Bonapriso,apartment,0,1,14.0,0,3,TRUE,TRUE,TRUE,TRUE,FALSE,2025-10-10,informal,121622
LS-03904,Yaounde,Bastos,apartment,1,2,64.4,18,1,FALSE,FALSE,TRUE,FALSE,FALSE,2026-03-15,agency,239458
LS-03447,Yaounde,Omnisport,chambre moderne,4,3,117.7,7,1,TRUE,TRUE,FALSE,TRUE,FALSE,2026-07-31,portal,594975
LS-03384,Yaounde,Golf,villa,3,3,94.2,21,1,TRUE,TRUE,FALSE,FALSE,TRUE,22/10/2025,agency,490908
LS-02630,Yaounde,Nsam,studio,3,2,123.9,23,1,FALSE,TRUE,FALSE,FALSE,TRUE,2026-06-02,agency,207579
LS-02004,Yaounde,Mvog-Betsi,duplex,3,2,97.4,18,0,FALSE,TRUE,FALSE,FALSE,FALSE,27/12/2025,portal,246668
LS-01686,Douala,PK14,chambre moderne,2,1,71.0,0,2,TRUE,TRUE,TRUE,FALSE,FALSE,2025-08-09,portal,161706
LS-05140,Yaounde,Mvog-Betsi,villa,2,1,66.6,18,1,FALSE,TRUE,FALSE,FALSE,TRUE,2026-02-12,agency,180404
LS-00126,Yaounde,Mendong,apartment,2,3,95.2,18,2,FALSE,TRUE,FALSE,FALSE,FALSE,2025-10-20,agency,140202
LS-03202,Douala,Logpom,apartment,4,3,135.7,12,0,TRUE,TRUE,TRUE,TRUE,FALSE,2026-02-04,portal,672515
LS-04116,Douala,Bonamoussadi,apartment,2,2,73.6,10,1,TRUE,FALSE,TRUE,TRUE,FALSE,2025-08-21,portal,173078
LS-05390,Douala,Bepanda,chambre moderne,1,1,36.9,30,4,FALSE,FALSE,TRUE,FALSE,FALSE,2026-05-15,portal,64102
LS-02319,Douala,Bonanjo,chambre moderne,0,1,14.0 m2,0,2,TRUE,TRUE,FALSE,TRUE,FALSE,2025-11-07,agency,129958
LS-05692,Douala,Bonanjo,apartment,2,1,78.9 m2,28,1,FALSE,FALSE,TRUE,FALSE,FALSE,2026-06-26,portal,117053
LS-04302,Yaounde,Biyem-Assi,duplex,2,1,50.2,21,1,FALSE,FALSE,TRUE,FALSE,FALSE,2026-01-27,agency,117706
LS-06047,Douala,Bonapriso,studio,2,2,67.5,5,1,TRUE,TRUE,TRUE,FALSE,TRUE,2026-02-21,informal,350508
LS-04033,Yaounde,Omnisport,duplex,2,2,65.7,2,2,TRUE,FALSE,TRUE,TRUE,FALSE,2025-10-14,informal,184405
LS-00231,Yaounde,Biyem-Assi,apartment,0,1,20.8,19,4,FALSE,FALSE,FALSE,TRUE,FALSE,2026-02-06,agency,51184
LS-02177,Douala,Bepanda,duplex,2,2,91.8,15,3,FALSE,FALSE,TRUE,FALSE,FALSE,11/05/2026,agency,211914
LS-01674,Yaounde,Bastos,duplex,2,3,72.7,0,3,no,TRUE,TRUE,TRUE,FALSE,2026-02-06,agency,286156
LS-03514,Douala,Deido,apartment,3,3,112.1,0,2,TRUE,FALSE,FALSE,FALSE,FALSE,2025-09-14,portal,382997
LS-00867,Yaounde,Emana,apartment,2,2,69.4,15,1,FALSE,FALSE,FALSE,FALSE,FALSE,2026-04-11,portal,125717
LS-02062,Douala,Bonapriso,apartment,4,3,121.2,23,4,FALSE,TRUE,TRUE,FALSE,FALSE,2025-10-01,portal,681674
LS-04607,Douala,New Bell,chambre moderne,5,3,147.6 m2,9,0,FALSE,FALSE,FALSE,FALSE,FALSE,2026-07-27,portal,374936
LS-00070,Douala,Bepanda,duplex,3,2,102.7,7,4,FALSE,FALSE,FALSE,FALSE,FALSE,2025-09-29,informal,199631
LS-05377,Douala,Logpom,chambre moderne,3,3,95.8,19,0,FALSE,FALSE,TRUE,FALSE,FALSE,2026-01-01,agency,264681
LS-02849,Yaounde,Biyem-Assi,apartment,3,3,94.3,11,3,FALSE,FALSE,FALSE,FALSE,FALSE,2025-09-01,informal,
LS-00760,Yaounde,Biyem-Assi,apartment,2,1,73.6,22,0,FALSE,FALSE,FALSE,FALSE,FALSE,2025-11-27,agency,148157
LS-00338,Yaounde,Emana,apartment,2,3,94.7,8,2,TRUE,FALSE,TRUE,FALSE,FALSE,2025-12-30,agency,108163
LS-04142,Douala,Bonanjo,studio,2,2,72.6,4,2,TRUE,FALSE,TRUE,TRUE,FALSE,16/08/2026,portal,304174
LS-05013,Yaounde,Golf,chambre moderne,4,3,118.1,1,0,FALSE,TRUE,TRUE,FALSE,FALSE,2025-09-14,agency,551793
LS-06111,Douala,Logpom,villa,1,1,49.1,15,4,TRUE,FALSE,TRUE,FALSE,FALSE,2026-04-20,agency,118620
LS-03842,Douala,Akwa,villa,3,1,110.5 m2,19,0,FALSE,TRUE,FALSE,FALSE,FALSE,2026-02-12,portal,195598
LS-03533,Yaounde,Biyem-Assi,villa,2,2,76.9,0,4,FALSE,FALSE,TRUE,FALSE,TRUE,2025-12-25,agency,193636
LS-02797,Douala,Bonamoussadi,villa,1,1,51.8,13,0,FALSE,TRUE,FALSE,TRUE,TRUE,18/07/2026,agency,120766
LS-01480,Yaounde,Mendong,apartment,1,1,64.3,10,2,FALSE,FALSE,TRUE,FALSE,FALSE,2026-03-04,agency,72696
LS-00220,Douala,Bonaberi,apartment,3,4,106.9,20,2,FALSE,TRUE,TRUE,FALSE,FALSE,2025-09-12,portal,249556
LS-00192,Yaounde,Bastos,apartment,0,1,14.0,13,0,TRUE,FALSE,TRUE,FALSE,FALSE,2026-07-17,informal,
LS-00892,Douala,Deido,apartment,2,2,93.9,0,1,FALSE,FALSE,TRUE,FALSE,FALSE,2026-03-04,portal,220369
LS-01925,Douala,PK14,duplex,2,2,96.3,8,0,FALSE,FALSE,TRUE,FALSE,FALSE,2026-05-02,agency,124061
LS-01665,Douala,Bonanjo,apartment,2,2,76.4,21,0,FALSE,TRUE,TRUE,FALSE,FALSE,2025-07-15,portal,224921
LS-05632,Douala,Makepe,apartment,4,4,111.9,12,2,yes,TRUE,FALSE,FALSE,FALSE,2026-02-09,informal,
LS-03829,Yaounde,Mendong,apartment,1,1,46.7,20,3,TRUE,TRUE,FALSE,TRUE,FALSE,2025-12-09,portal,73218
LS-04452,Douala,Akwa,villa,1,2,39.4,19,2,TRUE,FALSE,TRUE,TRUE,FALSE,2025-10-18,agency,128936
LS-04110,Douala,Bonaberi,apartment,0,1,82.5,0,0,FALSE,FALSE,FALSE,FALSE,TRUE,2026-07-12,agency,241386
LS-05857,Yaounde,Bastos,apartment,3,3,97.9,7,3,FALSE,FALSE,TRUE,TRUE,FALSE,2026-06-11,informal,464707
LS-03881,Yaounde,Biyem-Assi,studio,2,1,96.1,17,3,FALSE,TRUE,FALSE,FALSE,FALSE,2025-12-19,informal,398466
LS-02258,Yaounde,Mvog-Betsi,chambre moderne,1,1,73.3,6,1,FALSE,FALSE,TRUE,FALSE,FALSE,2025-08-30,agency,80746
LS-02409,Yaounde,Mimboman,apartment,3,2,96.3,22,0,FALSE,TRUE,TRUE,FALSE,FALSE,2025-07-20,informal,
LS-05486,Douala,Bonaberi,villa,2,2,81.3,1,4,FALSE,FALSE,TRUE,FALSE,FALSE,2026-06-25,portal,210164
LS-02345,Douala,Bonanjo,studio,3,2,106.9,15,4,TRUE,TRUE,TRUE,FALSE,FALSE,2026-01-03,portal,"684,107"
LS-02308,Douala,Deido,studio,3,2,99.3,17,1,FALSE,FALSE,TRUE,TRUE,FALSE,06/12/2025,informal,"224,073"
LS-01159,Yaounde,Etoudi,apartment,4,2,138.4,6,3,FALSE,FALSE,TRUE,FALSE,FALSE,02/10/2025,informal,
LS-06017,Douala,Bepanda,apartment,2,2,81.2,14,1,FALSE,FALSE,TRUE,FALSE,FALSE,2026-04-16,agency,235102
LS-01143,Yaounde,Mendong,studio,0,1,22.2,20,3,FALSE,FALSE,TRUE,FALSE,FALSE,2026-05-27,informal,39727
LS-03771,Douala,Deido,apartment,3,1,95.2,21,0,FALSE,FALSE,TRUE,FALSE,FALSE,2026-04-05,portal,264692
LS-00736,Douala,Ndokoti,duplex,5,3,163.8,9,2,FALSE,FALSE,FALSE,FALSE,FALSE,2026-08-18,portal,482281
LS-05259,Yaounde,Nkolbisson,duplex,3,3,104.9,13,0,FALSE,TRUE,FALSE,FALSE,FALSE,2026-05-22,informal,
LS-00637,Yaounde,Mvog-Betsi,duplex,2,3,67.6,19,0,FALSE,TRUE,FALSE,FALSE,FALSE,2025-07-08,agency,101555
LS-05750,Yaounde,Omnisport,apartment,2,3,95.9,13,1,FALSE,TRUE,TRUE,FALSE,FALSE,27/08/2025,agency,275150
LS-04079,Douala,Bonaberi,studio,2,3,70.3 m2,13,0,FALSE,FALSE,TRUE,FALSE,FALSE,2026-08-08,agency,140555
LS-06096,Douala,Bonamoussadi,apartment,3,3,86.9,4,0,TRUE,TRUE,TRUE,TRUE,FALSE,30/01/2026,portal,458212
LS-04172,Yaounde,Mvog-Betsi,studio,2,1,70.9,8,4,FALSE,FALSE,FALSE,TRUE,TRUE,2026-05-07,informal,
LS-00787,Yaounde,Mimboman,duplex,3,3,111.1,18,0,FALSE,FALSE,TRUE,FALSE,FALSE,2026-02-19,agency,197859
LS-00639,Yaounde,Etoudi,studio,2,2,84.2,22,2,FALSE,FALSE,TRUE,FALSE,FALSE,2026-01-10,agency,169032
LS-04458,Douala,Deido,studio,2,3,74.2,29,0,FALSE,FALSE,FALSE,FALSE,TRUE,2025-07-21,informal,171969
LS-01714,Yaounde,Nsam,studio,2,2,70.1,7,1,FALSE,FALSE,FALSE,FALSE,FALSE,2025-10-09,agency,162072
LS-03886,Yaounde,Nkolbisson,studio,3,2,93.5,30,0,FALSE,FALSE,FALSE,FALSE,FALSE,2026-01-03,informal,
LS-05172,Yaounde,Nkolbisson,villa,5,4,151.9,6,1,FALSE,FALSE,FALSE,FALSE,FALSE,2026-05-07,agency,301916
LS-03949,Yaounde,Mimboman,apartment,5,4,154.7,20,3,FALSE,TRUE,TRUE,FALSE,FALSE,2026-06-08,informal,
LS-03241,Douala,Bonapriso,chambre moderne,2,2,78.1,21,0,FALSE,TRUE,TRUE,FALSE,TRUE,2025-09-10,agency,"422,888"
LS-05079,Yaounde,Bastos,studio,1,2,44.9,13,3,TRUE,FALSE,TRUE,TRUE,FALSE,2026-08-06,informal,
LS-05152,Yaounde,Mendong,apartment,2,1,86.9,28,0,FALSE,FALSE,FALSE,TRUE,FALSE,2025-07-01,agency,178704
LS-02674,Douala,Bonaberi,apartment,2,1,52.2,30,1,FALSE,TRUE,TRUE,FALSE,FALSE,2025-07-22,agency,83954
LS-05430,Douala,New Bell,duplex,2,3,77.3,10,2,FALSE,FALSE,TRUE,FALSE,FALSE,04/03/2026,agency,"179,459"
LS-01645,Yaounde,Omnisport,chambre moderne,3,3,95.9,24,0,FALSE,TRUE,FALSE,TRUE,FALSE,2025-09-23,informal,
LS-04289,Douala,Deido,chambre moderne,2,2,72.4,19,1,FALSE,FALSE,FALSE,TRUE,FALSE,2025-08-07,agency,138734
LS-01994,Douala,PK14,apartment,1,2,56.2,11,0,FALSE,FALSE,FALSE,FALSE,FALSE,2026-02-27,agency,129129
LS-00140,Douala,Akwa,chambre moderne,5,3,152.1,8,1,TRUE,TRUE,TRUE,TRUE,FALSE,2025-12-17,agency,646949
LS-02138,Yaounde,Etoudi,apartment,2,2,68.6 m2,16,1,no,FALSE,FALSE,FALSE,FALSE,2026-06-21,agency,122351
LS-00940,Yaounde,Omnisport,villa,2,1,90.6,17,0,TRUE,FALSE,TRUE,FALSE,FALSE,2026-08-25,agency,227868
LS-02601,Yaounde,Golf,duplex,2,2,78.0,43,3,TRUE,FALSE,FALSE,FALSE,TRUE,2025-12-17,agency,157657
LS-03908,Yaounde,Nsam,duplex,1,1,18.1,27,0,FALSE,FALSE,FALSE,FALSE,FALSE,2025-09-18,portal,38929
LS-02905,Douala,Makepe,chambre moderne,3,2,94.5,7,2,FALSE,FALSE,TRUE,FALSE,FALSE,2026-03-16,informal,
LS-03186,Yaounde,Mimboman,apartment,2,2,82.6,29,4,FALSE,FALSE,FALSE,FALSE,FALSE,2026-06-19,portal,117528
LS-03683,Douala,Bonanjo,chambre moderne,4,3,121.5,29,3,TRUE,FALSE,FALSE,TRUE,FALSE,2026-06-19,agency,803231
LS-02681,Yaounde,Mvog-Betsi,chambre moderne,2,2,75.6,23,3,FALSE,TRUE,TRUE,FALSE,FALSE,2026-04-21,agency,183016
LS-03984,Douala,New Bell,chambre moderne,0,1,36.6,12,1,FALSE,FALSE,FALSE,FALSE,TRUE,2025-10-07,portal,77646
LS-05111,Yaounde,Omnisport,studio,3,3,115.0,13,2,TRUE,TRUE,FALSE,TRUE,TRUE,30/07/2026,agency,912760
LS-04855,Yaounde,Emana,duplex,2,2,81.5,0,1,FALSE,FALSE,TRUE,FALSE,FALSE,2026-02-28,portal,141679
LS-02937,Yaounde,Mvog-Betsi,apartment,4,2,115.6,15,0,FALSE,FALSE,FALSE,FALSE,FALSE,2025-10-28,informal,
LS-01756,Yaounde,Biyem-Assi,duplex,0,1,47.9,6,3,no,TRUE,FALSE,FALSE,FALSE,2025-08-01,agency,56939
LS-04571,Douala,New Bell,apartment,2,2,74.6,4,3,FALSE,TRUE,TRUE,TRUE,FALSE,2025-10-29,portal,92465
LS-01519,Douala,Bonaberi,apartment,3,1,98.3,0,0,FALSE,FALSE,FALSE,FALSE,FALSE,2026-03-06,agency,292766
LS-00309,Douala,Bonanjo,duplex,0,1,19.4,19,0,TRUE,FALSE,TRUE,TRUE,TRUE,2026-04-24,portal,85037
LS-05016,Yaounde,Mimboman,studio,4,4,124.8,3,2,FALSE,FALSE,TRUE,FALSE,FALSE,2025-10-13,informal,
LS-02338,Douala,Ndokoti,studio,3,3,98.9,6,0,FALSE,FALSE,TRUE,FALSE,FALSE,2026-07-02,agency,224646
LS-04906,Douala,Makepe,villa,1,2,41.0,24,0,FALSE,FALSE,FALSE,FALSE,FALSE,2025-12-26,agency,84310
LS-03222,Yaounde,Emana,apartment,4,3,137.5,3,0,TRUE,TRUE,TRUE,FALSE,FALSE,2026-04-18,agency,419993
LS-00232,Yaounde,Emana,studio,1,1,31.7,23,1,FALSE,FALSE,TRUE,FALSE,FALSE,2026-07-09,agency,44481
LS-02914,Douala,Bonamoussadi,villa,0,1,28.7,4,0,TRUE,FALSE,TRUE,FALSE,TRUE,2026-06-02,portal,110391
LS-05352,Douala,PK14,apartment,2,2,59.6,18,0,TRUE,FALSE,FALSE,FALSE,FALSE,2026-07-20,informal,75090
LS-00322,Yaounde,Mvog-Betsi,apartment,1,2,47.6,22,0,FALSE,FALSE,FALSE,FALSE,FALSE,2025-08-27,agency,95476
LS-04613,Douala,New Bell,apartment,4,2,129.2,0,0,FALSE,TRUE,TRUE,FALSE,FALSE,2026-03-27,informal,
LS-02484,Yaounde,Golf,villa,1,1,54.5,19,1,FALSE,FALSE,TRUE,TRUE,FALSE,2025-09-24,portal,109012
LS-00747,Yaounde,Nsam,duplex,1,1,76.9,19,1,FALSE,FALSE,FALSE,TRUE,FALSE,2025-07-07,agency,75665
LS-04389,Douala,Logpom,duplex,1,2,36.6,19,2,FALSE,FALSE,TRUE,FALSE,FALSE,2026-05-06,agency,74219
LS-05164,Douala,New Bell,chambre moderne,1,2,54.9,17,1,FALSE,TRUE,FALSE,FALSE,FALSE,2025-08-05,agency,87160
LS-02174,Douala,Bonapriso,chambre moderne,5,4,136.7,12,4,TRUE,TRUE,TRUE,TRUE,FALSE,2026-04-24,portal,812970
LS-00087,Douala,New Bell,chambre moderne,2,2,76.1,0,1,FALSE,FALSE,FALSE,TRUE,FALSE,2025-11-30,agency,135615
LS-04370,Yaounde,Etoudi,apartment,2,1,61.3,3,0,FALSE,FALSE,FALSE,TRUE,FALSE,2026-04-16,agency,170876
LS-06010,Yaounde,Nkolbisson,villa,3,1,108.0 m2,23,0,FALSE,FALSE,FALSE,FALSE,FALSE,2025-08-31,agency,"256,903"
LS-01769,Yaounde,Mendong,chambre moderne,1,1,43.5,16,3,TRUE,FALSE,FALSE,FALSE,FALSE,2026-06-28,portal,74550
LS-04765,Douala,Akwa,studio,1,1,40.4,6,3,FALSE,FALSE,TRUE,FALSE,FALSE,2025-07-03,agency,146522
LS-03233,Yaounde,Nsam,chambre moderne,2,1,84.0,10,4,TRUE,TRUE,FALSE,FALSE,FALSE,2026-01-05,agency,129631
LS-05883,Douala,Akwa,villa,3,2,104.7,15,1,TRUE,FALSE,FALSE,FALSE,FALSE,2026-06-07,portal,410235
LS-04345,Yaounde,Emana,duplex,2,2,60.3,10,1,TRUE,TRUE,FALSE,FALSE,FALSE,2025-10-16,agency,98617
LS-05919,Yaounde,Bastos,apartment,0,1,24.1,9,0,FALSE,FALSE,TRUE,FALSE,FALSE,26/06/2026,agency,82935
LS-00740,Yaounde,Mendong,studio,1,2,65.4,0,0,FALSE,TRUE,FALSE,FALSE,FALSE,2025-12-19,agency,130351
LS-05703,Douala,Deido,apartment,2,1,84.4,0,2,TRUE,TRUE,TRUE,FALSE,FALSE,2025-07-13,portal,173941
LS-00152,Douala,Bepanda,apartment,3,3,76.6,15,4,FALSE,FALSE,TRUE,FALSE,TRUE,2025-11-11,informal,190942
LS-00962,Yaounde,Mimboman,duplex,1,1,46.0,5,1,FALSE,TRUE,TRUE,FALSE,FALSE,2026-01-05,agency,103657
LS-00482,Yaounde,Nkolbisson,chambre moderne,2,3,75.3,3,1,FALSE,TRUE,FALSE,FALSE,FALSE,2026-05-20,informal,
LS-00562,Douala,Deido,duplex,4,1,116.5,0,0,FALSE,FALSE,FALSE,FALSE,FALSE,2025-12-01,informal,"320,024"
LS-03887,Yaounde,Mendong,apartment,4,2,120.8,15,1,FALSE,FALSE,FALSE,FALSE,FALSE,2025-07-11,agency,336055
LS-03409,Douala,Bonamoussadi,villa,2,3,77.5,16,3,TRUE,TRUE,TRUE,TRUE,TRUE,2025-07-11,informal,
LS-00208,Yaounde,Nsam,chambre moderne,4,4,143.6,5,3,TRUE,TRUE,FALSE,FALSE,FALSE,02/08/2025,portal,479741
LS-01423,Douala,Bonaberi,apartment,2,3,65.5,16,1,FALSE,FALSE,FALSE,FALSE,FALSE,2026-03-09,agency,176142
LS-03755,Yaounde,Biyem-Assi,studio,2,1,96.8 m2,6,1,TRUE,FALSE,TRUE,TRUE,FALSE,2026-08-10,agency,199385
LS-05681,Douala,Bonaberi,studio,4,3,123.3,0,0,FALSE,TRUE,FALSE,TRUE,FALSE,2025-08-12,portal,316127
LS-04440,Yaounde,Nkolbisson,studio,1,2,57.8,2,4,FALSE,FALSE,TRUE,FALSE,FALSE,2026-06-04,agency,99862
LS-00026,Douala,Bonamoussadi,apartment,1,1,64.9,20,2,FALSE,TRUE,TRUE,FALSE,FALSE,2025-08-21,agency,145523
LS-00098,Yaounde,Nsam,apartment,2,2,61.0,20,4,FALSE,FALSE,FALSE,FALSE,FALSE,2026-04-18,agency,101826
LS-01281,Douala,Bonapriso,apartment,2,1,71.0,5,0,FALSE,FALSE,TRUE,TRUE,FALSE,2026-02-10,agency,201370
LS-00635,Yaounde,Etoudi,chambre moderne,2,1,75.8,0,2,FALSE,FALSE,FALSE,FALSE,FALSE,20/07/2026,agency,136859
LS-00127,Yaounde,Mvan,villa,3,3,110.7,1,1,FALSE,TRUE,TRUE,TRUE,FALSE,2026-06-30,portal,382232
LS-01534,Yaounde,Biyem-Assi,apartment,4,3,98.6,8,2,TRUE,FALSE,FALSE,FALSE,FALSE,2025-11-05,portal,248367
LS-02344,Yaounde,Mvan,apartment,1,2,35.7,26,2,FALSE,TRUE,TRUE,FALSE,FALSE,2025-10-02,portal,93858
LS-02768,Douala,Bonapriso,studio,0,1,24.0,0,1,FALSE,FALSE,TRUE,TRUE,TRUE,2025-09-03,portal,112746
LS-00488,Yaounde,Mvog-Betsi,chambre moderne,1,1,42.0,2,1,FALSE,FALSE,FALSE,FALSE,FALSE,2026-05-12,agency,107922
LS-05101,Douala,Bepanda,studio,4,3,131.5,27,3,FALSE,FALSE,FALSE,FALSE,FALSE,2025-12-17,agency,359320
LS-02946,Yaounde,Mvog-Betsi,villa,1,2,33.8,17,0,FALSE,FALSE,FALSE,FALSE,FALSE,2025-10-08,agency,112155
LS-05505,Yaounde,Mvan,apartment,1,1,68.4,4,1,FALSE,FALSE,TRUE,FALSE,FALSE,10/01/2026,informal,
LS-03721,Yaounde,Bastos,apartment,2,2,67.0,9,4,TRUE,TRUE,TRUE,FALSE,FALSE,2026-07-29,portal,195093
LS-05900,Douala,Bonanjo,apartment,3,3,77.9,18,2,TRUE,TRUE,TRUE,TRUE,TRUE,2026-07-26,agency,411588
LS-00559,Yaounde,Mimboman,apartment,1,1,49.3,0,2,FALSE,FALSE,FALSE,FALSE,FALSE,28/09/2025,agency,93748
LS-01590,Yaounde,Mimboman,apartment,3,1,104.9,19,1,FALSE,TRUE,TRUE,FALSE,FALSE,2026-07-26,agency,149682
LS-01284,Yaounde,Emana,apartment,1,2,43.6,0,1,FALSE,FALSE,FALSE,FALSE,FALSE,2026-05-04,informal,
LS-04651,Yaounde,Golf,chambre moderne,3,2,106.8,2,1,FALSE,FALSE,FALSE,FALSE,TRUE,2025-10-07,agency,"322,622"
LS-01773,Douala,Bonaberi,apartment,4,3,122.4,6,0,FALSE,FALSE,TRUE,FALSE,FALSE,2025-12-08,agency,310847
LS-03868,Yaounde,Mimboman,apartment,3,2,114.3,14,4,FALSE,FALSE,FALSE,FALSE,FALSE,21/12/2025,agency,164175
LS-03451,Douala,Ndokoti,apartment,1,1,51.0,27,0,FALSE,FALSE,FALSE,FALSE,FALSE,2026-02-22,portal,78450
LS-02535,Douala,Bonamoussadi,studio,1,1,67.4,11,4,FALSE,FALSE,FALSE,FALSE,FALSE,2026-07-05,agency,151752
LS-02393,Yaounde,Bastos,chambre moderne,2,2,45.8,7,0,FALSE,TRUE,TRUE,TRUE,FALSE,2026-07-30,informal,154115
LS-00072,Yaounde,Biyem-Assi,apartment,2,2,66.7,7,0,FALSE,FALSE,TRUE,FALSE,FALSE,2026-01-23,portal,153783
LS-05408,Douala,Deido,duplex,1,2,28.5,3,3,TRUE,FALSE,TRUE,FALSE,FALSE,02/10/2025,agency,93043
LS-06197,Yaounde,Etoudi,apartment,0,1,20.3,10,1,TRUE,FALSE,TRUE,FALSE,FALSE,2026-03-10,agency,68722
LS-04063,Douala,Bonaberi,studio,1,2,46.7,19,2,FALSE,FALSE,FALSE,FALSE,FALSE,2026-03-26,agency,119078
LS-03312,Yaounde,Nsam,apartment,0,1,28.9,17,0,FALSE,FALSE,TRUE,FALSE,FALSE,25/03/2026,agency,57872
LS-05854,Douala,New Bell,apartment,2,2,73.6,19,0,TRUE,FALSE,FALSE,FALSE,FALSE,2026-02-11,agency,70965
LS-00467,Douala,New Bell,duplex,2,1,82.7,18,1,FALSE,FALSE,TRUE,FALSE,FALSE,2025-07-21,portal,107841
LS-04608,Yaounde,Bastos,apartment,3,4,104.7,0,4,TRUE,TRUE,FALSE,TRUE,TRUE,2026-03-09,agency,575779
LS-01587,Yaounde,Mendong,studio,4,4,132.1,20,1,no,FALSE,FALSE,FALSE,FALSE,2025-10-29,agency,231104
LS-06179,Yaounde,Etoudi,duplex,1,1,49.9,23,0,FALSE,FALSE,TRUE,TRUE,FALSE,2025-07-13,informal,
LS-00237,Yaounde,Bastos,villa,1,1,35.5,7,3,no,FALSE,TRUE,FALSE,TRUE,2026-06-20,informal,
LS-00012,Douala,Bonanjo,duplex,2,3,73.0,2,1,FALSE,TRUE,TRUE,FALSE,FALSE,23/09/2025,agency,"392,951"
LS-00097,Douala,Bonamoussadi,studio,1,1,60.6 m2,18,0,FALSE,TRUE,FALSE,TRUE,FALSE,2026-02-21,portal,"173,999"
LS-02987,Douala,Logpom,studio,2,2,63.4,18,1,TRUE,FALSE,TRUE,TRUE,FALSE,2025-09-02,agency,99055
LS-02490,Douala,Makepe,villa,2,1,82.0,5,0,FALSE,TRUE,TRUE,FALSE,FALSE,13/06/2026,agency,338684
LS-00741,Douala,Makepe,studio,0,1,22.8,3,0,FALSE,FALSE,TRUE,FALSE,FALSE,2026-03-22,agency,62378
LS-02717,Yaounde,Bastos,apartment,2,3,101.9,17,0,no,TRUE,TRUE,FALSE,TRUE,2025-07-20,portal,468204
LS-05540,Douala,Logpom,apartment,2,2,82.6 m2,24,0,FALSE,FALSE,FALSE,FALSE,FALSE,2026-08-03,informal,
LS-03449,Douala,Deido,villa,2,2,76.3,3,0,FALSE,TRUE,TRUE,FALSE,FALSE,23/09/2025,informal,158794
LS-04505,Yaounde,Biyem-Assi,duplex,2,1,75.9,4,4,FALSE,TRUE,FALSE,FALSE,FALSE,2025-12-17,agency,159158
LS-06004,Douala,Logpom,apartment,1,1,47.5,13,0,FALSE,FALSE,FALSE,FALSE,FALSE,2025-09-12,agency,96064
LS-04239,Douala,Bepanda,apartment,2,2,65.9 m2,8,2,FALSE,TRUE,TRUE,FALSE,FALSE,2026-08-22,portal,85844
LS-03885,Yaounde,Nsam,apartment,2,2,69.3,22,1,TRUE,TRUE,FALSE,FALSE,FALSE,30/08/2025,informal,189469
LS-05785,Yaounde,Omnisport,duplex,0,1,34.2,0,2,FALSE,FALSE,FALSE,TRUE,FALSE,2026-04-28,agency,87598
LS-00730,Douala,PK14,villa,2,1,66.4,0,3,FALSE,FALSE,FALSE,FALSE,FALSE,2025-09-10,portal,91349
LS-03620,Douala,Bepanda,villa,3,3,107.7,7,3,FALSE,FALSE,FALSE,FALSE,FALSE,2026-03-21,agency,382225
LS-00898,Douala,Bonapriso,apartment,1,1,50.4,4,4,FALSE,TRUE,TRUE,TRUE,TRUE,2026-03-14,informal,
LS-03256,Yaounde,Emana,studio,3,3,99.4,0,0,FALSE,TRUE,FALSE,FALSE,FALSE,2025-10-29,agency,204939
LS-01157,Douala,Bonaberi,apartment,2,3,64.4,16,4,FALSE,FALSE,TRUE,FALSE,FALSE,13/07/2025,agency,167038
LS-01712,Yaounde,Bastos,chambre moderne,1,1,58.6,20,1,TRUE,FALSE,TRUE,FALSE,FALSE,2025-07-25,agency,231371
LS-00419,Yaounde,Omnisport,apartment,3,2,106.3,15,1,TRUE,TRUE,TRUE,FALSE,FALSE,2025-09-26,informal,480116
LS-00255,Douala,Ndokoti,villa,1,1,41.1,15,2,TRUE,FALSE,TRUE,FALSE,FALSE,2026-02-22,agency,"84,082"
LS-02923,Douala,PK14,chambre moderne,1,1,51.1,15,4,FALSE,TRUE,FALSE,TRUE,TRUE,2026-01-23,agency,90430
LS-02346,Yaounde,Golf,studio,1,2,54.4,23,4,TRUE,TRUE,TRUE,FALSE,FALSE,2026-03-31,portal,230254
LS-06073,Yaounde,Mvog-Betsi,apartment,2,3,77.7,7,1,FALSE,TRUE,FALSE,FALSE,FALSE,2026-04-18,informal,177578
LS-06104,Douala,Logpom,chambre moderne,2,3,91.2,20,1,FALSE,TRUE,TRUE,TRUE,TRUE,2025-10-03,portal,256821
LS-01839,Douala,Bonaberi,chambre moderne,2,2,88.1 m2,7,3,FALSE,FALSE,FALSE,FALSE,FALSE,2026-03-10,informal,130707
LS-06090,Douala,Bepanda,chambre moderne,2,1,79.8,21,2,FALSE,TRUE,FALSE,FALSE,FALSE,2025-12-04,agency,120275
LS-00768,Douala,Akwa,studio,3,3,96.0,24,3,FALSE,FALSE,TRUE,FALSE,FALSE,2026-04-24,agency,259954
LS-00616,Douala,PK14,studio,3,2,95.8,3,1,FALSE,FALSE,TRUE,FALSE,FALSE,2025-09-06,portal,131721
LS-01731,Yaounde,Golf,villa,2,3,63.3,15,3,FALSE,TRUE,FALSE,FALSE,FALSE,2026-05-26,informal,
LS-02183,Douala,Bepanda,apartment,1,1,51.9,0,1,TRUE,TRUE,FALSE,FALSE,FALSE,2025-11-21,portal,71422
LS-05801,Yaounde,Emana,chambre moderne,3,3,73.4,18,0,FALSE,FALSE,FALSE,FALSE,FALSE,27/05/2026,agency,101666
LS-01527,Yaounde,Golf,studio,2,2,82.9,22,4,TRUE,FALSE,TRUE,FALSE,FALSE,2026-07-16,informal,254753
LS-03010,Douala,Bonapriso,apartment,1,2,49.9,5,4,FALSE,TRUE,TRUE,TRUE,TRUE,2026-03-06,agency,305000
LS-02261,Yaounde,Golf,apartment,0,1,29.9,7,4,TRUE,FALSE,TRUE,TRUE,TRUE,2025-12-28,informal,
LS-05176,Yaounde,Bastos,apartment,1,2,46.7,0,3,TRUE,FALSE,TRUE,TRUE,TRUE,2025-07-21,informal,
LS-00071,Yaounde,Emana,villa,4,3,118.7,13,0,FALSE,FALSE,FALSE,FALSE,FALSE,2026-04-25,portal,251764
LS-03349,Yaounde,Golf,apartment,3,3,94.9 m2,23,2,FALSE,FALSE,TRUE,TRUE,FALSE,2026-05-30,agency,401568
LS-04378,Douala,Bonapriso,chambre moderne,2,2,97.7,17,2,FALSE,TRUE,TRUE,TRUE,FALSE,08/09/2025,agency,521382
LS-05876,Yaounde,Omnisport,apartment,1,1,46.0,18,3,FALSE,FALSE,TRUE,FALSE,FALSE,2025-11-13,informal,
LS-03206,Yaounde,Etoudi,apartment,0,1,14.0,3,1,FALSE,FALSE,FALSE,TRUE,FALSE,2025-08-26,informal,
LS-04024,Douala,Makepe,villa,1,1,67.4,0,1,TRUE,TRUE,FALSE,FALSE,TRUE,2026-06-24,informal,
LS-04387,Yaounde,Mvog-Betsi,apartment,2,1,69.3,8,0,FALSE,TRUE,FALSE,FALSE,FALSE,2026-01-12,informal,143366
LS-03219,Yaounde,Mimboman,apartment,3,2,105.9,16,3,FALSE,FALSE,FALSE,FALSE,FALSE,2026-02-15,agency,"118,677"
LS-05926,Yaounde,Bastos,chambre moderne,1,2,37.6,27,0,TRUE,TRUE,TRUE,FALSE,TRUE,2025-07-19,agency,200516
LS-05485,Douala,Makepe,apartment,1,1,39.9,31,4,TRUE,TRUE,FALSE,TRUE,FALSE,2026-01-25,agency,119486
LS-00245,Yaounde,Nsam,villa,3,2,107.5,17,4,FALSE,FALSE,TRUE,FALSE,FALSE,2026-05-17,agency,162020
LS-01294,Douala,Makepe,apartment,1,1,37.1,5,1,FALSE,FALSE,FALSE,TRUE,TRUE,2025-12-07,informal,119278
LS-02031,Douala,Bonaberi,apartment,3,2,95.1,20,0,FALSE,FALSE,FALSE,FALSE,FALSE,2026-03-18,agency,206013
LS-05636,Douala,Bepanda,apartment,1,1,33.1,9,1,FALSE,FALSE,TRUE,FALSE,FALSE,06/07/2025,portal,105059
LS-01890,Douala,Logpom,studio,3,3,90.7,24,3,FALSE,FALSE,TRUE,TRUE,FALSE,2025-08-12,agency,389703
LS-03482,Douala,Akwa,apartment,3,2,99.9,12,1,FALSE,FALSE,TRUE,FALSE,FALSE,2026-01-22,informal,252169
LS-01623,Douala,Logpom,apartment,2,3,71.5,19,0,TRUE,FALSE,TRUE,FALSE,FALSE,2026-02-28,informal,
LS-02328,Douala,Bonanjo,apartment,2,2,83.4,1,3,TRUE,FALSE,FALSE,FALSE,TRUE,2026-06-02,portal,230757
LS-04913,Yaounde,Golf,duplex,2,1,59.2,21,1,TRUE,FALSE,TRUE,TRUE,FALSE,2026-08-19,portal,165895
LS-05937,Yaounde,Golf,villa,4,3,130.3,13,1,TRUE,FALSE,TRUE,TRUE,TRUE,2026-03-29,agency,901097
LS-02340,Douala,Deido,apartment,0,1,15.2,16,4,FALSE,FALSE,FALSE,FALSE,FALSE,2025-12-15,portal,51547
LS-00843,Douala,Deido,apartment,5,3,161.8,2,2,TRUE,FALSE,FALSE,FALSE,FALSE,2025-09-03,informal,720947
LS-00537,Douala,Bonamoussadi,chambre moderne,4,2,128.5,0,3,no,TRUE,FALSE,FALSE,FALSE,2025-10-01,agency,456977
LS-00814,Douala,Bonamoussadi,apartment,1,2,34.5,8,1,TRUE,FALSE,FALSE,FALSE,FALSE,2026-04-15,agency,93023
LS-02010,Yaounde,Bastos,villa,2,1,75.5,12,1,FALSE,TRUE,TRUE,TRUE,FALSE,2026-01-06,portal,242641
LS-00433,Yaounde,Mvog-Betsi,apartment,1,2,60.4,19,2,TRUE,FALSE,TRUE,FALSE,FALSE,2025-11-20,portal,95727
LS-02388,Douala,Bonamoussadi,villa,3,3,96.0,16,3,FALSE,TRUE,FALSE,FALSE,FALSE,2026-02-22,portal,335277
LS-00890,Yaounde,Bastos,studio,2,2,76.5,5,1,FALSE,TRUE,TRUE,FALSE,TRUE,2025-07-16,portal,343537
LS-02969,Yaounde,Emana,apartment,1,2,55.7,23,0,TRUE,FALSE,FALSE,FALSE,FALSE,2026-04-23,agency,142397
LS-04898,Douala,Bonaberi,duplex,1,2,51.4,11,2,FALSE,FALSE,FALSE,FALSE,FALSE,2026-05-02,agency,61332
LS-01599,Yaounde,Mvan,apartment,1,2,57.2 m2,0,0,FALSE,TRUE,TRUE,FALSE,FALSE,09/05/2026,agency,107964
LS-01093,Douala,Bonamoussadi,apartment,0,1,26.8,0,2,FALSE,FALSE,TRUE,FALSE,FALSE,2026-04-21,agency,143739
LS-05472,Yaounde,Bastos,chambre moderne,0,1,26.0,5,2,FALSE,FALSE,TRUE,TRUE,TRUE,2025-10-31,informal,200397
LS-00625,Douala,Bonapriso,apartment,1,2,65.4,34,0,TRUE,TRUE,TRUE,TRUE,FALSE,2025-12-19,informal,"111,812"
LS-04939,Douala,PK14,apartment,1,2,42.9,18,0,FALSE,FALSE,FALSE,TRUE,FALSE,2025-07-05,agency,74498
LS-00924,Douala,Bonamoussadi,apartment,2,1,69.4,0,0,FALSE,FALSE,TRUE,FALSE,FALSE,2026-06-05,agency,165996
LS-05314,Yaounde,Nkolbisson,apartment,2,1,68.5,20,2,FALSE,FALSE,FALSE,FALSE,FALSE,2025-08-05,agency,68141
LS-01561,Yaounde,Nsam,studio,3,2,91.4,7,0,FALSE,TRUE,TRUE,FALSE,FALSE,2025-11-11,informal,147924
LS-00184,Douala,Bonaberi,apartment,3,2,93.2,0,2,FALSE,TRUE,FALSE,FALSE,FALSE,2025-10-03,portal,186872
LS-05782,Douala,Bepanda,chambre moderne,2,2,74.2,10,1,FALSE,FALSE,FALSE,FALSE,FALSE,2025-11-07,agency,170209
LS-02352,Yaounde,Emana,studio,0,1,14.0,13,1,FALSE,TRUE,FALSE,FALSE,FALSE,2025-08-23,informal,73070
LS-03023,Douala,Bepanda,apartment,4,2,132.9,2,2,FALSE,FALSE,TRUE,FALSE,FALSE,2025-10-03,agency,430268
LS-00527,Douala,Ndokoti,apartment,3,3,98.6,13,3,yes,FALSE,FALSE,FALSE,FALSE,2025-11-09,portal,112924
LS-03268,Yaounde,Bastos,chambre moderne,1,1,43.5,16,0,TRUE,TRUE,TRUE,TRUE,FALSE,2026-06-13,agency,140084
LS-04622,Douala,Bonamoussadi,duplex,3,4,103.7,21,0,FALSE,FALSE,TRUE,FALSE,FALSE,23/08/2026,informal,286693
LS-03564,Douala,Bonanjo,apartment,0,1,17.5,0,1,FALSE,FALSE,FALSE,FALSE,FALSE,2026-01-08,agency,72649
LS-03131,Yaounde,Biyem-Assi,apartment,1,2,56.9,10,0,FALSE,FALSE,FALSE,FALSE,FALSE,2025-07-26,agency,95529
LS-03736,Douala,Bonamoussadi,chambre moderne,4,3,137.2,33,0,FALSE,TRUE,FALSE,FALSE,FALSE,2026-08-08,portal,350995
LS-04672,Douala,New Bell,apartment,3,1,101.1,38,3,FALSE,FALSE,FALSE,FALSE,FALSE,2025-12-26,agency,151122
LS-01813,Douala,PK14,villa,4,3,111.7 m2,25,2,FALSE,FALSE,FALSE,FALSE,FALSE,2026-04-01,agency,139735
LS-03578,Douala,Bonaberi,apartment,2,2,66.4,8,0,FALSE,TRUE,FALSE,FALSE,FALSE,2026-07-15,agency,100760
LS-03846,Douala,Bepanda,duplex,2,1,84.2,18,2,TRUE,FALSE,TRUE,FALSE,FALSE,2025-12-17,agency,105542
LS-00707,Yaounde,Mendong,apartment,3,2,96.4,21,0,FALSE,TRUE,TRUE,FALSE,FALSE,2025-11-10,agency,134173
LS-03849,Yaounde,Nsam,villa,2,1,72.9,13,3,FALSE,FALSE,FALSE,FALSE,FALSE,2025-11-28,portal,94637
LS-05460,Yaounde,Biyem-Assi,apartment,3,2,92.9,18,1,FALSE,FALSE,TRUE,FALSE,FALSE,19/07/2026,portal,"165,202"
LS-03272,Douala,New Bell,duplex,1,2,49.1,16,2,FALSE,FALSE,FALSE,FALSE,FALSE,2026-05-27,portal,107422
LS-02206,Yaounde,Bastos,studio,4,4,125.6,13,3,FALSE,FALSE,TRUE,FALSE,TRUE,2025-12-13,agency,718913
LS-04255,Yaounde,Mvan,studio,2,2,82.7,9,3,TRUE,FALSE,FALSE,FALSE,TRUE,2025-07-17,agency,184857
LS-03634,Douala,Ndokoti,apartment,1,1,43.2,12,4,FALSE,TRUE,TRUE,FALSE,TRUE,15/07/2026,agency,114144
LS-05250,Yaounde,Emana,duplex,0,1,33.8,18,4,FALSE,FALSE,FALSE,FALSE,FALSE,2026-03-08,agency,69594
LS-00526,Douala,New Bell,duplex,1,2,30.1,7,4,FALSE,FALSE,FALSE,FALSE,FALSE,2026-03-07,agency,75425
LS-04621,Yaounde,Mendong,villa,1,2,51.9,4,4,FALSE,TRUE,TRUE,TRUE,TRUE,08/03/2026,portal,78163
LS-05455,Yaounde,Nkolbisson,studio,2,2,76.3,4,0,FALSE,FALSE,TRUE,FALSE,FALSE,2026-08-13,portal,118569
LS-01781,Yaounde,Biyem-Assi,apartment,1,1,58.3,11,4,FALSE,FALSE,FALSE,FALSE,TRUE,22/07/2025,portal,110019
LS-01316,Yaounde,Mvog-Betsi,studio,2,1,65.4,28,4,FALSE,FALSE,FALSE,FALSE,TRUE,2026-04-11,agency,55813
LS-00762,Douala,Bonapriso,apartment,3,4,106.3,0,0,FALSE,TRUE,TRUE,FALSE,FALSE,2025-11-13,portal,458212
LS-04780,Douala,Bonamoussadi,studio,2,1,73.7,22,3,FALSE,TRUE,FALSE,TRUE,FALSE,2026-07-17,portal,262698
LS-00167,Douala,Bonapriso,apartment,3,2,99.0,11,2,FALSE,FALSE,FALSE,TRUE,FALSE,2025-10-19,portal,437334
LS-04867,Douala,Bonamoussadi,chambre moderne,3,3,98.0,27,0,FALSE,TRUE,TRUE,TRUE,TRUE,2025-08-11,informal,
LS-04369,Yaounde,Etoudi,villa,2,3,74.7,15,3,FALSE,TRUE,FALSE,FALSE,TRUE,2025-10-30,agency,147377
LS-05499,Douala,Deido,apartment,0,1,14.0,20,0,FALSE,FALSE,TRUE,FALSE,FALSE,2026-02-21,agency,58615
LS-01930,Douala,Akwa,apartment,1,1,72.1,28,2,FALSE,FALSE,TRUE,FALSE,FALSE,12/12/2025,agency,203501
LS-00710,Yaounde,Mimboman,apartment,3,2,116.1,0,4,FALSE,FALSE,FALSE,FALSE,FALSE,2026-08-08,portal,201738
LS-01304,Yaounde,Mimboman,apartment,3,2,83.2,22,0,FALSE,TRUE,FALSE,FALSE,FALSE,2026-02-11,agency,114393
LS-02842,Yaounde,Omnisport,apartment,2,1,76.9,25,0,FALSE,FALSE,TRUE,FALSE,TRUE,28/02/2026,agency,"157,544"
LS-03850,Douala,Bonapriso,chambre moderne,0,1,20.9,6,3,TRUE,TRUE,TRUE,TRUE,TRUE,2026-01-07,portal,106672
LS-05056,Yaounde,Mvog-Betsi,chambre moderne,2,2,68.8,21,2,FALSE,FALSE,FALSE,FALSE,FALSE,2025-08-10,portal,88929
LS-00144,Douala,Bonamoussadi,studio,3,2,106.3,14,0,TRUE,FALSE,FALSE,TRUE,TRUE,2025-11-23,informal,463371
LS-01562,Yaounde,Emana,villa,2,2,77.1,8,3,FALSE,FALSE,FALSE,FALSE,FALSE,2025-10-08,agency,146607
LS-03244,Douala,Bonaberi,apartment,2,2,56.7,2,0,FALSE,FALSE,TRUE,FALSE,FALSE,2026-01-26,agency,88922
LS-01418,Douala,Bonamoussadi,apartment,2,2,70.4,13,3,FALSE,FALSE,FALSE,FALSE,FALSE,2026-03-07,portal,144857
LS-02897,Yaounde,Mvog-Betsi,chambre moderne,4,3,145.1,16,0,FALSE,TRUE,FALSE,FALSE,FALSE,2025-12-08,portal,436111
LS-02278,Yaounde,Emana,duplex,3,3,102.4,10,0,FALSE,FALSE,FALSE,TRUE,FALSE,17/10/2025,portal,177061
LS-04432,Douala,New Bell,duplex,0,1,27.8,16,1,TRUE,FALSE,FALSE,FALSE,TRUE,22/05/2026,portal,36069
LS-01232,Yaounde,Emana,chambre moderne,3,3,87.7 m2,31,1,FALSE,FALSE,FALSE,FALSE,FALSE,2025-11-23,portal,"145,959"
LS-00767,Yaounde,Mvan,apartment,3,3,105.2,6,3,FALSE,FALSE,FALSE,FALSE,FALSE,16/09/2025,portal,237485
LS-04296,Douala,PK14,studio,5,4,415.6,8,3,FALSE,FALSE,FALSE,FALSE,TRUE,2025-12-02,informal,3330680
LS-00477,Yaounde,Mimboman,duplex,2,2,78.9,0,0,FALSE,FALSE,FALSE,TRUE,FALSE,2026-02-15,agency,154030
LS-01924,Yaounde,Mendong,apartment,5,3,154.7,0,0,TRUE,FALSE,TRUE,FALSE,FALSE,2026-05-12,agency,627372
LS-01615,Yaounde,Mimboman,apartment,5,4,146.6,6,2,FALSE,FALSE,TRUE,FALSE,FALSE,12/09/2025,portal,364544
LS-01779,Douala,Makepe,apartment,2,2,69.3,11,3,FALSE,TRUE,TRUE,FALSE,FALSE,2025-09-07,agency,227472
LS-04037,Yaounde,Etoudi,duplex,0,1,14.0,24,1,FALSE,TRUE,FALSE,TRUE,FALSE,2026-06-18,agency,49871
LS-05749,Douala,Ndokoti,apartment,3,2,94.9,21,0,FALSE,FALSE,TRUE,FALSE,FALSE,2025-07-01,portal,142325
LS-00540,Yaounde,Mimboman,apartment,1,1,65.1,13,1,FALSE,TRUE,FALSE,FALSE,FALSE,2025-08-27,agency,49573
LS-05351,Douala,Logpom,apartment,1,1,36.3,7,2,FALSE,FALSE,TRUE,FALSE,TRUE,2026-04-30,informal,
LS-06078,Yaounde,Nsam,apartment,3,3,111.3,25,0,FALSE,FALSE,FALSE,FALSE,TRUE,2025-10-07,agency,459936
LS-02022,Yaounde,Bastos,apartment,2,2,54.5,5,2,TRUE,FALSE,TRUE,FALSE,TRUE,2026-08-06,portal,252795
LS-05897,Yaounde,Golf,duplex,3,1,94.7,13,0,FALSE,FALSE,TRUE,FALSE,FALSE,2025-10-09,agency,278874
LS-00800,Yaounde,Emana,duplex,1,1,37.8,0,2,FALSE,FALSE,FALSE,FALSE,FALSE,2025-12-05,agency,70367
LS-02288,Yaounde,Golf,chambre moderne,3,1,107.5,0,2,TRUE,TRUE,TRUE,TRUE,TRUE,2025-09-05,informal,
LS-04249,Douala,Bonamoussadi,apartment,3,2,101.3,23,1,FALSE,FALSE,FALSE,FALSE,FALSE,2026-01-06,agency,373038
LS-00356,Yaounde,Mimboman,apartment,3,2,99.4,0,1,FALSE,FALSE,FALSE,FALSE,FALSE,2026-07-29,agency,213135
LS-01758,Yaounde,Nkolbisson,apartment,2,2,71.7,19,0,no,FALSE,TRUE,FALSE,FALSE,2025-10-08,informal,144297
LS-01899,Yaounde,Omnisport,studio,2,1,61.1,23,3,TRUE,FALSE,TRUE,FALSE,FALSE,2025-07-26,agency,111821
LS-01249,Yaounde,Mimboman,apartment,1,2,43.6,11,1,FALSE,FALSE,FALSE,FALSE,FALSE,2025-11-01,agency,54585
LS-00438,Douala,New Bell,chambre moderne,1,2,62.5,18,2,FALSE,FALSE,FALSE,FALSE,FALSE,2025-11-21,agency,84354
LS-01100,Yaounde,Etoudi,duplex,2,1,93.9,0,0,TRUE,TRUE,FALSE,FALSE,FALSE,2025-12-17,portal,299101
LS-02242,Douala,New Bell,villa,4,2,136.4 m2,13,3,FALSE,FALSE,FALSE,FALSE,FALSE,2026-05-30,agency,437105
LS-02257,Yaounde,Omnisport,apartment,1,2,54.8,0,0,TRUE,FALSE,FALSE,FALSE,FALSE,2026-07-05,portal,135521
LS-03594,Douala,Bepanda,apartment,3,3,100.3,19,3,FALSE,FALSE,TRUE,FALSE,FALSE,2026-03-15,agency,273452
LS-01514,Douala,PK14,villa,1,1,50.4,19,3,FALSE,FALSE,TRUE,FALSE,FALSE,2026-02-19,agency,83653
LS-05454,Douala,Bepanda,villa,3,3,91.0,36,3,FALSE,FALSE,TRUE,FALSE,FALSE,2025-07-16,agency,126219
LS-03342,Douala,Logpom,studio,3,2,91.5,2,0,FALSE,FALSE,TRUE,TRUE,FALSE,2026-01-06,agency,377450
LS-03777,Yaounde,Mimboman,apartment,0,1,14.0,4,0,FALSE,FALSE,FALSE,FALSE,FALSE,2025-11-26,agency,53319
LS-02913,Douala,Ndokoti,apartment,2,1,69.4,0,2,FALSE,FALSE,FALSE,FALSE,FALSE,25/04/2026,agency,107902
LS-05468,Douala,Bonamoussadi,apartment,2,2,63.2,15,1,TRUE,FALSE,TRUE,TRUE,FALSE,2025-10-08,informal,
LS-01945,Yaounde,Mvog-Betsi,duplex,1,1,47.7,36,0,FALSE,FALSE,FALSE,FALSE,FALSE,2026-05-16,portal,81039
LS-01995,Douala,Logpom,duplex,2,2,73.3,4,1,FALSE,FALSE,TRUE,FALSE,FALSE,2026-06-04,portal,219485
LS-06152,Douala,Bepanda,chambre moderne,3,1,107.3,16,4,TRUE,FALSE,FALSE,FALSE,FALSE,2026-01-08,informal,450047
LS-04694,Yaounde,Mvan,duplex,2,1,76.1,12,2,FALSE,FALSE,TRUE,TRUE,FALSE,09/01/2026,agency,"91,373"
LS-00366,Douala,Bonapriso,apartment,3,3,120.4,1,0,TRUE,TRUE,FALSE,TRUE,FALSE,2025-07-13,informal,573974
LS-03323,Douala,Bonapriso,apartment,3,2,91.2,20,3,FALSE,FALSE,TRUE,TRUE,FALSE,2025-11-30,portal,408463
LS-02869,Yaounde,Biyem-Assi,chambre moderne,0,1,35.5,19,2,FALSE,FALSE,TRUE,FALSE,FALSE,2026-06-26,agency,57079
LS-02137,Yaounde,Golf,villa,3,3,92.0,7,3,FALSE,FALSE,TRUE,FALSE,FALSE,10/04/2026,agency,"273,680"
LS-05904,Douala,PK14,apartment,3,3,105.2,25,0,FALSE,TRUE,FALSE,FALSE,FALSE,2025-10-13,informal,180596
LS-02415,Douala,Bepanda,chambre moderne,2,2,45.4,25,3,FALSE,FALSE,TRUE,TRUE,FALSE,2026-05-22,agency,87281
LS-02012,Douala,Bonamoussadi,duplex,3,3,108.6,24,2,TRUE,TRUE,FALSE,TRUE,TRUE,2026-08-06,agency,524503
LS-06185,Yaounde,Emana,studio,3,3,92.1,6,4,FALSE,FALSE,TRUE,FALSE,FALSE,2026-07-09,portal,210167
LS-00207,Douala,Deido,chambre moderne,3,2,125.3,7,0,TRUE,FALSE,FALSE,FALSE,FALSE,2026-02-15,informal,510084
LS-01197,Yaounde,Bastos,apartment,0,1,14.0,7,2,TRUE,FALSE,TRUE,FALSE,TRUE,2026-05-09,portal,96491
LS-06080,Douala,Bepanda,apartment,2,2,61.7,17,4,FALSE,FALSE,TRUE,FALSE,FALSE,2025-08-21,agency,139718
LS-02745,Douala,PK14,apartment,2,2,83.6,12,2,FALSE,FALSE,FALSE,FALSE,FALSE,2025-09-28,informal,117835
LS-05521,Douala,Bonanjo,apartment,2,2,72.4,1,4,TRUE,FALSE,TRUE,FALSE,TRUE,03/01/2026,agency,263212
LS-01372,Douala,Akwa,villa,3,3,104.2,29,0,TRUE,FALSE,TRUE,FALSE,FALSE,2025-07-16,portal,293319
LS-04629,Yaounde,Mvog-Betsi,apartment,2,2,77.2,12,1,FALSE,FALSE,TRUE,FALSE,FALSE,2026-04-18,agency,122881
LS-03870,Yaounde,Mendong,apartment,0,1,14.0,17,4,TRUE,FALSE,FALSE,FALSE,FALSE,2026-03-23,informal,58915
LS-01887,Yaounde,Mvog-Betsi,apartment,3,1,90.5,3,0,FALSE,FALSE,FALSE,FALSE,FALSE,2026-05-10,agency,194965
LS-03484,Yaounde,Mendong,apartment,2,3,72.0,15,1,FALSE,TRUE,FALSE,FALSE,FALSE,2026-04-11,agency,113905
LS-06184,Douala,Ndokoti,studio,3,2,86.7,30,0,FALSE,FALSE,FALSE,FALSE,FALSE,2026-02-25,portal,143809
LS-04022,Yaounde,Mendong,duplex,3,2,102.2,33,1,FALSE,FALSE,FALSE,FALSE,FALSE,2026-02-19,agency,176920
LS-01420,Douala,Bepanda,apartment,1,2,45.0,18,3,FALSE,FALSE,FALSE,FALSE,TRUE,2026-01-16,informal,84335
LS-00581,Douala,New Bell,studio,1,2,52.8,1,3,FALSE,TRUE,FALSE,FALSE,FALSE,2026-06-12,agency,84015
LS-05103,Douala,Bonanjo,apartment,1,2,28.9,11,0,TRUE,FALSE,TRUE,TRUE,TRUE,2026-01-22,agency,165679
LS-01395,Douala,PK14,studio,2,2,63.8,12,4,no,FALSE,FALSE,FALSE,FALSE,2026-08-13,portal,84896
LS-03270,Yaounde,Mendong,apartment,4,3,122.7,9,0,FALSE,FALSE,FALSE,FALSE,TRUE,2026-03-09,agency,572425
LS-04356,Douala,Bonamoussadi,studio,5,4,156.8,8,3,yes,TRUE,FALSE,TRUE,FALSE,2026-05-26,agency,1091869
LS-05867,Yaounde,Mendong,apartment,4,3,137.0 m2,7,2,FALSE,FALSE,TRUE,FALSE,FALSE,2026-05-03,portal,321896
LS-05424,Yaounde,Golf,villa,4,1,115.8,0,1,TRUE,TRUE,TRUE,TRUE,FALSE,30/06/2026,portal,416961
LS-06162,Douala,Akwa,studio,1,1,25.8 m2,12,0,TRUE,TRUE,TRUE,FALSE,FALSE,2025-09-16,agency,120148
LS-03671,Douala,Bonapriso,villa,3,2,102.1,22,1,FALSE,TRUE,FALSE,FALSE,FALSE,2026-05-15,informal,285946
LS-02845,Yaounde,Golf,villa,2,3,84.8,0,0,FALSE,FALSE,FALSE,TRUE,FALSE,2026-08-07,agency,502093
LS-00370,Douala,Ndokoti,apartment,1,1,30.2,11,0,FALSE,TRUE,FALSE,TRUE,FALSE,2026-02-04,portal,54837
LS-02958,Yaounde,Mendong,studio,3,3,92.4,20,1,FALSE,FALSE,FALSE,TRUE,FALSE,2026-05-06,portal,219825
LS-03794,Yaounde,Bastos,apartment,4,3,135.6,22,0,FALSE,TRUE,TRUE,TRUE,FALSE,2026-03-08,agency,1130122
LS-00017,Yaounde,Mvan,apartment,1,1,45.8,6,4,FALSE,FALSE,FALSE,FALSE,FALSE,2026-08-04,agency,75899
LS-01229,Douala,Makepe,apartment,2,2,71.9,32,0,FALSE,TRUE,FALSE,FALSE,TRUE,2025-07-22,agency,201678
LS-02940,Douala,New Bell,villa,4,3,131.8,17,3,FALSE,FALSE,FALSE,FALSE,FALSE,2026-05-06,agency,271737
LS-00706,Douala,Akwa,duplex,3,2,116.4,6,3,no,TRUE,TRUE,TRUE,FALSE,2025-08-15,informal,
LS-03737,Yaounde,Bastos,apartment,0,1,41.9,1,3,TRUE,TRUE,TRUE,FALSE,FALSE,2025-08-02,informal,
LS-04498,Douala,Deido,apartment,3,3,93.7,4,1,TRUE,TRUE,FALSE,FALSE,FALSE,2026-01-08,portal,267235
LS-05177,Yaounde,Mvan,apartment,1,1,66.7,28,3,FALSE,TRUE,FALSE,FALSE,FALSE,06/02/2026,agency,110442
LS-04265,Douala,Logpom,chambre moderne,4,2,100.9,9,3,TRUE,TRUE,FALSE,FALSE,FALSE,2025-10-26,portal,166176
LS-04139,Douala,Bepanda,apartment,0,1,25.1,0,0,FALSE,FALSE,FALSE,FALSE,FALSE,2025-07-14,agency,80002
LS-04629,Yaounde,Mvog-Betsi,apartment,2,2,77.2,12,1,FALSE,FALSE,TRUE,FALSE,FALSE,2026-04-18,agency,122881
LS-05631,Yaounde,Golf,chambre moderne,2,2,95.6,12,4,FALSE,TRUE,TRUE,TRUE,FALSE,2026-05-08,portal,264476
LS-05758,Douala,Akwa,duplex,0,1,24.2,22,1,FALSE,TRUE,TRUE,TRUE,FALSE,2025-10-31,portal,130448
LS-01907,Douala,Ndokoti,apartment,1,2,43.4,3,1,TRUE,FALSE,FALSE,FALSE,FALSE,2025-07-04,agency,75085
LS-00032,Douala,Akwa,apartment,1,2,56.8,11,2,TRUE,TRUE,TRUE,FALSE,FALSE,2026-08-14,agency,131842
LS-05045,Yaounde,Golf,duplex,2,2,83.6,19,1,TRUE,FALSE,TRUE,TRUE,FALSE,2025-07-31,portal,367200
LS-00362,Douala,Deido,apartment,3,4,90.8,12,2,FALSE,FALSE,TRUE,FALSE,TRUE,10/07/2026,portal,262528
LS-00979,Douala,Bonanjo,chambre moderne,4,3,131.0,8,4,TRUE,TRUE,TRUE,FALSE,FALSE,16/04/2026,agency,679954
LS-03494,Douala,Ndokoti,apartment,2,2,67.1,15,2,FALSE,FALSE,FALSE,FALSE,FALSE,2025-07-20,portal,117083
LS-04111,Yaounde,Bastos,apartment,1,2,45.1,11,4,TRUE,TRUE,TRUE,TRUE,TRUE,2026-06-09,portal,204740
LS-00536,Douala,Bonapriso,studio,2,1,78.7,24,1,FALSE,TRUE,TRUE,TRUE,FALSE,13/06/2026,agency,188411
LS-04422,Yaounde,Emana,studio,1,2,48.2,24,4,FALSE,FALSE,FALSE,FALSE,FALSE,2025-10-01,agency,77883
LS-02863,Yaounde,Mvan,villa,1,2,47.0,22,3,FALSE,FALSE,FALSE,FALSE,FALSE,2026-08-03,agency,103564
LS-01824,Yaounde,Nkolbisson,villa,1,2,24.1,16,0,FALSE,FALSE,FALSE,FALSE,FALSE,2026-04-29,agency,42900
LS-05577,Yaounde,Emana,apartment,3,3,92.3,1,3,FALSE,FALSE,FALSE,TRUE,FALSE,2026-07-31,agency,334372
LS-04818,Yaounde,Etoudi,villa,1,1,47.3,10,0,FALSE,FALSE,FALSE,FALSE,FALSE,2026-08-15,agency,112831
LS-04023,Douala,Makepe,studio,3,3,86.8,35,4,TRUE,FALSE,TRUE,FALSE,FALSE,2026-04-19,agency,408710
LS-02784,Douala,Akwa,apartment,3,3,111.9,15,1,TRUE,FALSE,FALSE,FALSE,FALSE,2026-06-03,agency,279474
LS-05464,Douala,Makepe,studio,1,1,78.7,9,3,FALSE,TRUE,FALSE,FALSE,TRUE,2026-04-04,agency,172989
LS-04686,Douala,Akwa,chambre moderne,1,1,39.7,25,4,FALSE,FALSE,TRUE,FALSE,TRUE,2025-08-12,portal,105196
LS-01729,Yaounde,Emana,apartment,1,2,64.7,23,0,FALSE,FALSE,FALSE,FALSE,FALSE,23/02/2026,agency,62827
LS-00431,Yaounde,Omnisport,duplex,4,3,137.9,15,1,FALSE,TRUE,TRUE,FALSE,TRUE,2026-08-22,agency,609140
LS-02785,Douala,Makepe,chambre moderne,2,2,84.1,21,1,FALSE,FALSE,FALSE,FALSE,FALSE,2025-09-08,agency,252404
LS-05286,Yaounde,Nsam,chambre moderne,3,1,93.2,24,2,FALSE,TRUE,TRUE,TRUE,FALSE,30/03/2026,agency,203296
LS-02887,Yaounde,Mimboman,duplex,2,2,75.9,0,4,FALSE,FALSE,FALSE,FALSE,FALSE,2026-08-14,informal,78168
LS-04830,Yaounde,Mendong,villa,1,2,50.2,7,0,FALSE,FALSE,TRUE,FALSE,FALSE,2026-04-30,informal,85631
LS-01198,Yaounde,Bastos,apartment,5,4,143.3,0,1,FALSE,TRUE,TRUE,TRUE,FALSE,2026-08-12,agency,926465
LS-04353,Yaounde,Omnisport,apartment,1,2,40.5,11,0,FALSE,FALSE,FALSE,FALSE,FALSE,2025-12-20,agency,88280
LS-02867,Douala,PK14,chambre moderne,0,1,14.0,13,1,FALSE,FALSE,TRUE,FALSE,FALSE,28/02/2026,agency,29585
LS-02066,Douala,Bonapriso,villa,2,3,67.2 m2,15,3,TRUE,TRUE,TRUE,FALSE,FALSE,2025-09-27,agency,318361
LS-03161,Yaounde,Bastos,apartment,3,3,92.7,0,4,FALSE,TRUE,TRUE,TRUE,FALSE,11/07/2025,portal,581203
LS-03249,Douala,Bonamoussadi,duplex,5,4,158.2,6,0,TRUE,TRUE,FALSE,TRUE,FALSE,11/12/2025,agency,740287
LS-00500,Douala,Bonapriso,studio,4,3,118.5,29,1,FALSE,TRUE,FALSE,TRUE,FALSE,29/01/2026,informal,
LS-01060,Douala,Bonanjo,villa,2,2,59.8,7,1,TRUE,TRUE,TRUE,TRUE,FALSE,2026-03-08,agency,145444
LS-01656,Yaounde,Etoudi,studio,4,3,130.7,14,1,FALSE,TRUE,TRUE,TRUE,FALSE,2026-05-11,agency,536019
LS-03439,Yaounde,Etoudi,duplex,2,1,81.8,20,1,FALSE,FALSE,FALSE,FALSE,FALSE,2026-02-11,agency,152774
LS-01958,Yaounde,Bastos,apartment,3,3,93.6,1,0,TRUE,TRUE,FALSE,FALSE,FALSE,2026-03-18,agency,460129
LS-01118,Yaounde,Omnisport,apartment,0,1,14.1,26,3,FALSE,TRUE,TRUE,TRUE,TRUE,2025-08-14,agency,69001
LS-02912,Douala,Bonaberi,studio,2,2,51.1,0,0,FALSE,FALSE,FALSE,FALSE,FALSE,14/03/2026,portal,138533
LS-01993,Yaounde,Mvog-Betsi,studio,4,2,116.3,0,1,FALSE,FALSE,FALSE,FALSE,TRUE,2025-10-21,informal,
LS-05425,Yaounde,Nsam,apartment,1,2,45.0,12,1,FALSE,FALSE,TRUE,FALSE,FALSE,2025-11-17,agency,88057
LS-01646,Douala,Deido,apartment,2,2,71.9,18,1,FALSE,FALSE,FALSE,FALSE,FALSE,2025-07-27,informal,
LS-02669,Yaounde,Mvan,apartment,0,1,39.7,25,3,TRUE,FALSE,FALSE,FALSE,FALSE,2026-06-09,agency,59616
LS-05359,Douala,Bonanjo,apartment,1,1,44.8,5,1,TRUE,FALSE,FALSE,TRUE,TRUE,2026-06-13,portal,194400
LS-06121,Douala,Bonapriso,villa,3,3,97.9,28,0,TRUE,TRUE,TRUE,FALSE,FALSE,2025-11-21,agency,311165
LS-00734,Douala,Ndokoti,chambre moderne,1,2,41.2,3,1,FALSE,FALSE,FALSE,FALSE,FALSE,2025-07-06,agency,97485
LS-02749,Yaounde,Biyem-Assi,apartment,4,4,107.5,0,3,FALSE,TRUE,FALSE,FALSE,FALSE,2025-10-16,portal,350468
LS-04361,Yaounde,Mvog-Betsi,apartment,2,2,79.5,4,3,FALSE,FALSE,FALSE,FALSE,TRUE,2026-03-10,portal,212414
LS-01861,Douala,Bonamoussadi,apartment,3,3,104.0,3,1,TRUE,FALSE,TRUE,FALSE,TRUE,2025-08-23,portal,457370
LS-04235,Yaounde,Biyem-Assi,apartment,3,3,105.1,26,3,FALSE,FALSE,FALSE,FALSE,TRUE,2025-10-13,agency,138882
LS-05735,Yaounde,Nkolbisson,villa,2,2,69.4,22,0,FALSE,FALSE,FALSE,FALSE,TRUE,2025-08-05,agency,128201
LS-04306,Douala,Bonapriso,villa,2,3,78.5,19,0,TRUE,TRUE,TRUE,TRUE,FALSE,30/09/2025,agency,305321
LS-04955,Yaounde,Mendong,studio,3,3,94.7,20,3,TRUE,FALSE,FALSE,FALSE,FALSE,22/02/2026,agency,194362
LS-00721,Douala,Bepanda,villa,3,4,112.3,2,0,FALSE,FALSE,FALSE,FALSE,FALSE,2026-03-03,agency,257619
LS-05316,Yaounde,Nsam,apartment,1,1,58.9,6,0,FALSE,FALSE,FALSE,FALSE,FALSE,2026-03-30,agency,82714
LS-02241,Douala,Logpom,villa,1,1,38.5,35,0,FALSE,FALSE,TRUE,FALSE,TRUE,2025-09-22,agency,96018
LS-01248,Douala,Ndokoti,apartment,2,2,62.4,31,4,FALSE,FALSE,TRUE,FALSE,FALSE,2026-03-28,informal,119315
LS-01809,Yaounde,Omnisport,villa,0,1,19.9,0,1,FALSE,TRUE,TRUE,FALSE,TRUE,2025-11-21,portal,103364
LS-05977,Douala,Bonaberi,chambre moderne,5,4,145.8,24,1,TRUE,FALSE,FALSE,FALSE,FALSE,2025-12-19,informal,683846
LS-02864,Yaounde,Nsam,duplex,1,1,44.5,11,0,FALSE,FALSE,TRUE,FALSE,FALSE,2026-08-06,agency,85718
LS-05709,Yaounde,Mvan,studio,2,2,81.3,0,2,FALSE,FALSE,FALSE,TRUE,FALSE,2026-02-16,portal,187686
LS-05341,Yaounde,Emana,duplex,4,1,132.4,17,2,TRUE,FALSE,FALSE,FALSE,FALSE,20/08/2025,portal,203333
LS-00002,Douala,New Bell,studio,1,2,61.8,4,0,TRUE,TRUE,TRUE,FALSE,FALSE,2026-06-20,portal,110606
LS-03639,Douala,Logpom,chambre moderne,3,2,91.5,3,3,FALSE,FALSE,TRUE,FALSE,FALSE,2025-07-31,portal,244647
LS-01121,Yaounde,Emana,studio,2,2,65.4,21,1,FALSE,TRUE,TRUE,FALSE,TRUE,2025-11-03,agency,198253
LS-04556,Yaounde,Nsam,chambre moderne,1,1,53.1,9,4,FALSE,FALSE,FALSE,FALSE,FALSE,2026-02-06,agency,78249
LS-02506,Douala,New Bell,apartment,2,2,47.2,23,4,FALSE,FALSE,FALSE,FALSE,FALSE,2025-10-18,informal,100740
LS-00183,Douala,Makepe,duplex,0,1,28.3,15,2,TRUE,FALSE,FALSE,FALSE,FALSE,2026-06-17,agency,142202
LS-05777,Douala,Ndokoti,chambre moderne,1,1,58.4,23,1,FALSE,FALSE,FALSE,FALSE,TRUE,2026-07-02,agency,100521
LS-03967,Yaounde,Biyem-Assi,apartment,3,3,100.8,1,0,TRUE,TRUE,FALSE,FALSE,FALSE,2025-10-10,portal,272774
LS-02110,Yaounde,Emana,chambre moderne,3,2,86.5,18,1,FALSE,FALSE,FALSE,FALSE,FALSE,2026-07-15,portal,91940
LS-00863,Yaounde,Bastos,chambre moderne,0,1,35.5,10,4,TRUE,FALSE,TRUE,FALSE,FALSE,18/07/2025,portal,95117
LS-01292,Yaounde,Nsam,apartment,2,2,68.7,27,0,FALSE,FALSE,FALSE,FALSE,FALSE,2026-05-13,agency,145457
LS-00550,Douala,Makepe,studio,1,2,50.3,14,1,FALSE,FALSE,FALSE,FALSE,FALSE,2026-06-15,portal,187645
LS-06007,Yaounde,Emana,studio,1,1,61.4,2,0,FALSE,FALSE,FALSE,FALSE,TRUE,2025-10-25,agency,"119,297"
LS-00223,Yaounde,Nkolbisson,apartment,4,3,119.5,10,4,FALSE,FALSE,TRUE,FALSE,FALSE,2026-02-05,agency,306395
LS-03649,Douala,Bonapriso,duplex,2,2,64.6,10,4,FALSE,FALSE,TRUE,TRUE,TRUE,2025-08-14,agency,462909
LS-04143,Douala,Ndokoti,chambre moderne,2,1,57.5,24,3,FALSE,TRUE,FALSE,TRUE,FALSE,2025-07-05,informal,
LS-03455,Yaounde,Nsam,apartment,2,1,98.0,9,4,FALSE,TRUE,FALSE,FALSE,FALSE,2025-09-19,agency,213924
LS-06171,Douala,New Bell,studio,4,4,116.1,4,0,FALSE,FALSE,FALSE,FALSE,TRUE,2025-12-09,informal,
LS-02073,Douala,New Bell,duplex,1,1,56.4,25,1,FALSE,FALSE,FALSE,FALSE,FALSE,2026-08-15,agency,103384
LS-01129,Yaounde,Mvog-Betsi,duplex,3,3,106.4,19,0,FALSE,TRUE,FALSE,FALSE,FALSE,2026-04-06,agency,162839
LS-05151,Yaounde,Mvog-Betsi,studio,1,2,62.5,7,0,FALSE,FALSE,TRUE,FALSE,FALSE,2025-11-22,informal,111571
LS-04785,Douala,Bonamoussadi,apartment,1,1,57.5,4,4,TRUE,FALSE,TRUE,FALSE,FALSE,2026-06-19,agency,157290
LS-01535,Yaounde,Mendong,apartment,2,2,76.0,2,2,FALSE,TRUE,FALSE,FALSE,FALSE,02/08/2025,agency,157291
LS-05575,Douala,Bonaberi,chambre moderne,3,3,99.2,16,0,FALSE,FALSE,FALSE,FALSE,FALSE,2025-07-13,agency,225148
LS-04278,Yaounde,Mimboman,apartment,4,2,131.8,19,0,FALSE,FALSE,TRUE,FALSE,FALSE,03/11/2025,portal,364583
LS-05561,Douala,Deido,apartment,2,2,100.4,20,2,FALSE,TRUE,TRUE,FALSE,FALSE,2026-08-02,agency,162973
LS-02077,Douala,Bonaberi,apartment,1,1,29.6,21,0,FALSE,FALSE,FALSE,FALSE,FALSE,2025-10-20,agency,45778
LS-04776,Douala,Bepanda,villa,4,2,116.6,36,1,FALSE,FALSE,FALSE,TRUE,FALSE,2025-08-10,agency,221640
LS-00149,Douala,Bonamoussadi,duplex,5,3,162.0,5,0,FALSE,FALSE,TRUE,FALSE,FALSE,2026-04-05,agency,667297
LS-05916,Yaounde,Biyem-Assi,chambre moderne,5,3,167.6,19,3,TRUE,TRUE,TRUE,FALSE,FALSE,2026-03-02,portal,903278
LS-06137,Douala,Ndokoti,apartment,1,2,61.6,21,1,FALSE,FALSE,FALSE,FALSE,FALSE,2025-11-23,portal,161189
LS-03242,Douala,Deido,apartment,4,3,109.7,18,1,FALSE,FALSE,FALSE,FALSE,FALSE,25/07/2025,agency,252899
LS-05044,Yaounde,Omnisport,studio,2,2,74.2,8,0,FALSE,FALSE,TRUE,FALSE,FALSE,2026-06-02,informal,
LS-02081,Yaounde,Nsam,villa,3,3,106.2,24,1,FALSE,FALSE,FALSE,FALSE,FALSE,15/08/2025,agency,322207
LS-04017,Douala,Bepanda,studio,4,3,121.7,10,1,FALSE,FALSE,FALSE,FALSE,TRUE,2026-08-11,agency,510206
LS-05503,Yaounde,Mvog-Betsi,apartment,3,3,115.8,20,3,TRUE,FALSE,TRUE,FALSE,FALSE,2025-11-20,portal,289441
LS-01920,Douala,Akwa,apartment,1,2,55.8,27,2,TRUE,TRUE,FALSE,TRUE,FALSE,2025-09-24,portal,143047
LS-03881,Yaounde,Biyem-Assi,studio,2,1,96.1,17,3,FALSE,TRUE,FALSE,FALSE,FALSE,2025-12-19,informal,398466
LS-01582,Yaounde,Mvan,duplex,1,2,59.4,10,0,FALSE,FALSE,FALSE,FALSE,FALSE,2026-06-14,informal,
LS-02166,Yaounde,Nsam,apartment,2,2,68.5,5,0,FALSE,FALSE,FALSE,FALSE,FALSE,04/08/2025,agency,98730
LS-01638,Yaounde,Mendong,chambre moderne,4,3,137.3,11,0,FALSE,FALSE,FALSE,FALSE,FALSE,2025-09-16,portal,378387
LS-03785,Yaounde,Mendong,villa,2,2,64.8,12,0,FALSE,FALSE,FALSE,FALSE,TRUE,2026-01-17,agency,123767
LS-00233,Yaounde,Bastos,villa,1,1,44.4,19,2,TRUE,TRUE,TRUE,TRUE,TRUE,2026-06-25,informal,293181
LS-00688,Yaounde,Bastos,apartment,1,1,43.1,19,4,FALSE,FALSE,TRUE,TRUE,TRUE,2025-12-15,portal,142339
LS-01981,Douala,New Bell,apartment,1,1,53.4,0,1,FALSE,FALSE,FALSE,FALSE,FALSE,2026-01-29,agency,111560
LS-04297,Douala,New Bell,chambre moderne,3,3,93.6,16,0,TRUE,FALSE,FALSE,FALSE,FALSE,2025-07-06,informal,192739
LS-05463,Douala,PK14,chambre moderne,1,2,42.5,11,1,FALSE,FALSE,FALSE,TRUE,FALSE,2026-03-05,portal,64710
LS-05003,Douala,PK14,studio,2,3,62.0 m2,11,0,FALSE,FALSE,TRUE,FALSE,FALSE,2026-08-17,informal,125500
LS-00847,Yaounde,Golf,apartment,1,1,56.5,16,3,FALSE,FALSE,TRUE,FALSE,FALSE,2026-01-21,agency,207128
LS-04539,Douala,Ndokoti,apartment,4,2,127.2,6,1,FALSE,FALSE,TRUE,FALSE,FALSE,2026-07-12,agency,517492
LS-02050,Douala,Ndokoti,villa,2,1,78.6,17,0,FALSE,FALSE,FALSE,FALSE,FALSE,2025-11-23,portal,145544
LS-04474,Yaounde,Omnisport,villa,5,3,169.9,11,2,FALSE,FALSE,FALSE,TRUE,FALSE,2025-12-05,agency,1073412
LS-03002,Douala,PK14,apartment,2,2,75.4,26,4,FALSE,TRUE,FALSE,FALSE,FALSE,2025-11-20,informal,117734
LS-01291,Douala,Bonamoussadi,apartment,3,3,121.0,26,2,yes,FALSE,FALSE,FALSE,FALSE,2026-03-01,portal,311566
LS-00394,Douala,Akwa,chambre moderne,5,4,137.2,12,3,TRUE,TRUE,TRUE,TRUE,FALSE,03/08/2025,agency,"728,610"
LS-05190,Yaounde,Bastos,apartment,1,2,54.8,32,0,TRUE,FALSE,FALSE,FALSE,FALSE,27/04/2026,portal,126973
LS-04259,Douala,Makepe,studio,5,5,152.8,22,3,FALSE,TRUE,FALSE,FALSE,FALSE,2026-04-07,portal,"547,074"
LS-02938,Douala,Bonamoussadi,villa,4,3,137.9,0,0,FALSE,FALSE,TRUE,FALSE,FALSE,2025-11-11,informal,
LS-06196,Yaounde,Biyem-Assi,apartment,2,2,80.0 m2,1,2,FALSE,FALSE,TRUE,TRUE,FALSE,2026-04-13,agency,222227
LS-00294,Douala,Bonapriso,villa,1,2,50.1,19,0,yes,FALSE,TRUE,TRUE,FALSE,27/10/2025,agency,157195
LS-00420,Douala,Logpom,chambre moderne,0,1,25.6,16,0,FALSE,FALSE,TRUE,FALSE,FALSE,2025-12-15,portal,70843
LS-01139,Douala,Bonaberi,apartment,4,4,131.0,10,3,FALSE,FALSE,FALSE,TRUE,FALSE,2026-05-16,agency,481717
LS-04041,Yaounde,Etoudi,chambre moderne,2,2,77.3,19,1,TRUE,FALSE,TRUE,TRUE,FALSE,2025-11-23,agency,175651
LS-00493,Yaounde,Omnisport,studio,2,2,81.2,5,4,FALSE,FALSE,TRUE,FALSE,TRUE,14/05/2026,portal,216387
LS-00713,Douala,Akwa,apartment,5,3,173.3 m2,23,1,TRUE,FALSE,FALSE,TRUE,FALSE,2025-10-21,informal,629551
LS-03203,Douala,Ndokoti,studio,2,2,41.4,20,2,FALSE,FALSE,FALSE,FALSE,FALSE,2026-03-03,agency,47613
LS-04688,Yaounde,Nsam,duplex,3,2,105.0,8,1,FALSE,TRUE,FALSE,TRUE,FALSE,13/08/2026,agency,367160
LS-05179,Yaounde,Etoudi,duplex,2,2,71.4,18,0,FALSE,FALSE,FALSE,FALSE,FALSE,2025-12-10,informal,115171
LS-03788,Yaounde,Omnisport,apartment,0,1,38.1,3,1,FALSE,FALSE,FALSE,TRUE,TRUE,2025-09-08,agency,172011
LS-00573,Douala,Logpom,studio,0,1,21.7,25,0,FALSE,FALSE,TRUE,TRUE,FALSE,2025-08-15,informal,
LS-04397,Douala,Bonaberi,apartment,2,2,85.1,14,0,FALSE,FALSE,FALSE,TRUE,FALSE,2025-09-15,agency,106509
LS-04036,Douala,Bonanjo,apartment,2,2,78.1,23,0,FALSE,TRUE,TRUE,FALSE,FALSE,2026-08-06,informal,
LS-03154,Yaounde,Bastos,chambre moderne,2,1,75.0,0,1,TRUE,FALSE,TRUE,TRUE,TRUE,26/08/2025,informal,"533,134"
LS-04227,Douala,Makepe,studio,1,2,46.7,0,1,FALSE,TRUE,FALSE,FALSE,FALSE,2026-08-11,informal,
LS-00111,Douala,New Bell,apartment,3,3,90.2,18,2,no,FALSE,FALSE,FALSE,FALSE,2026-05-04,agency,"161,818"
LS-05888,Yaounde,Etoudi,chambre moderne,4,3,126.9,14,1,FALSE,TRUE,FALSE,FALSE,TRUE,07/04/2026,portal,374204
LS-04919,Douala,Deido,villa,5,4,160.7,24,1,FALSE,TRUE,FALSE,TRUE,FALSE,2026-08-13,portal,613020
LS-02686,Douala,Bonapriso,chambre moderne,0,1,16.9,5,0,TRUE,TRUE,TRUE,TRUE,FALSE,2025-08-25,portal,133030
LS-04938,Yaounde,Etoudi,apartment,3,4,121.0,16,1,FALSE,TRUE,FALSE,FALSE,FALSE,26/10/2025,agency,267832
LS-01061,Douala,Akwa,villa,1,2,55.4,24,4,TRUE,FALSE,FALSE,TRUE,FALSE,2025-11-10,informal,139578
LS-04435,Yaounde,Bastos,apartment,1,1,48.9,5,0,TRUE,FALSE,TRUE,FALSE,FALSE,2026-01-25,portal,154629
LS-03235,Douala,Bonapriso,studio,4,2,109.7 m2,28,2,FALSE,TRUE,TRUE,FALSE,TRUE,2026-06-08,portal,377518
LS-02372,Yaounde,Emana,apartment,3,4,85.5,24,2,FALSE,FALSE,FALSE,FALSE,FALSE,2026-01-31,agency,151785
LS-04907,Douala,Bonamoussadi,chambre moderne,3,2,95.3,21,0,FALSE,FALSE,FALSE,FALSE,FALSE,20/08/2025,agency,202052
LS-03076,Yaounde,Etoudi,studio,4,2,124.1,47,2,no,FALSE,FALSE,TRUE,FALSE,2026-08-14,agency,116515
LS-00195,Douala,Ndokoti,chambre moderne,1,2,58.8,24,1,FALSE,TRUE,FALSE,FALSE,FALSE,14/05/2026,agency,73140
LS-01072,Douala,Bonapriso,apartment,1,1,45.7,6,0,TRUE,TRUE,FALSE,TRUE,FALSE,2026-03-04,agency,240513
LS-03261,Douala,Ndokoti,apartment,1,2,44.3,6,0,FALSE,FALSE,FALSE,FALSE,FALSE,2026-05-13,portal,68362
LS-00170,Douala,Bonanjo,villa,2,2,96.0,15,1,FALSE,TRUE,FALSE,TRUE,FALSE,2025-08-20,agency,329117
LS-05576,Yaounde,Mendong,apartment,1,2,47.6,12,0,FALSE,FALSE,TRUE,FALSE,FALSE,2025-12-08,portal,105639
LS-01030,Douala,Bepanda,apartment,2,2,51.5,19,2,FALSE,FALSE,TRUE,TRUE,FALSE,2026-03-11,agency,79923
LS-00805,Yaounde,Etoudi,villa,2,2,81.4,5,1,FALSE,FALSE,FALSE,TRUE,FALSE,2026-04-18,informal,197649
LS-02025,Yaounde,Mendong,duplex,3,2,97.7,5,0,FALSE,FALSE,FALSE,FALSE,FALSE,2025-07-01,agency,151438
LS-04125,Douala,Deido,apartment,1,1,45.5 m2,14,1,FALSE,FALSE,TRUE,TRUE,FALSE,2026-05-31,portal,151476
LS-05319,Douala,Bonamoussadi,apartment,0,1,18.3,28,0,TRUE,TRUE,FALSE,TRUE,FALSE,2025-08-22,portal,72244
LS-05274,Douala,Deido,apartment,4,2,131.1,17,3,TRUE,FALSE,TRUE,FALSE,FALSE,10/01/2026,portal,194779
LS-01983,Douala,Ndokoti,apartment,3,3,117.5,18,0,FALSE,FALSE,FALSE,FALSE,FALSE,2026-04-20,agency,310450
LS-02665,Yaounde,Biyem-Assi,apartment,2,1,65.8,23,0,FALSE,FALSE,FALSE,TRUE,FALSE,2025-11-24,informal,99489
LS-02534,Yaounde,Etoudi,chambre moderne,1,1,50.5,32,3,FALSE,TRUE,TRUE,FALSE,FALSE,2026-02-17,portal,69657
LS-01052,Yaounde,Etoudi,chambre moderne,0,1,27.8,8,4,TRUE,FALSE,TRUE,TRUE,FALSE,10/07/2025,informal,
LS-04658,Yaounde,Golf,apartment,2,3,91.4 m2,7,3,TRUE,FALSE,TRUE,FALSE,TRUE,2026-01-07,informal,382647
LS-00457,Douala,Bepanda,chambre moderne,4,3,118.2,27,4,FALSE,TRUE,TRUE,FALSE,FALSE,2026-04-29,agency,225171
LS-05784,Yaounde,Mendong,apartment,0,1,20.1,27,3,TRUE,FALSE,TRUE,FALSE,FALSE,2026-07-07,portal,51739
LS-04210,Yaounde,Nsam,apartment,4,3,135.3,13,1,no,TRUE,FALSE,FALSE,FALSE,2025-08-16,informal,
LS-01002,Douala,Bonapriso,chambre moderne,4,2,109.0,7,3,FALSE,FALSE,TRUE,TRUE,TRUE,2025-09-25,agency,689589
LS-00021,Yaounde,Mimboman,chambre moderne,3,4,92.2,31,3,FALSE,FALSE,TRUE,FALSE,FALSE,2026-08-16,informal,171891
LS-03724,Douala,Logpom,villa,2,1,46.1,22,1,TRUE,TRUE,FALSE,FALSE,FALSE,2026-05-12,agency,106300
LS-05568,Yaounde,Nkolbisson,apartment,2,1,72.1,19,4,FALSE,FALSE,FALSE,FALSE,FALSE,2026-05-09,agency,99021
LS-04626,Douala,Bonamoussadi,apartment,4,2,120.2,14,0,FALSE,FALSE,TRUE,FALSE,FALSE,04/09/2025,agency,550382
LS-01889,Yaounde,Nkolbisson,villa,4,3,125.0,13,0,FALSE,FALSE,FALSE,FALSE,FALSE,10/01/2026,informal,210617
LS-01700,Yaounde,Mvan,villa,2,2,71.8,10,0,FALSE,FALSE,FALSE,FALSE,FALSE,16/06/2026,informal,183273
LS-04576,Yaounde,Nkolbisson,apartment,4,2,98.4,28,3,FALSE,FALSE,FALSE,FALSE,FALSE,2025-09-03,agency,167136
LS-00872,Yaounde,Mendong,apartment,0,1,14.0,21,4,TRUE,FALSE,FALSE,FALSE,FALSE,2026-03-30,portal,38856
LS-05550,Douala,Ndokoti,apartment,0,1,27.7,17,3,FALSE,FALSE,TRUE,FALSE,FALSE,2025-10-06,agency,52133
LS-01607,Yaounde,Mimboman,chambre moderne,3,3,91.6,18,3,FALSE,FALSE,TRUE,FALSE,FALSE,2026-06-10,portal,225564
LS-00718,Yaounde,Mvan,chambre moderne,2,1,88.2,13,4,FALSE,FALSE,TRUE,FALSE,FALSE,2026-05-10,agency,127402
LS-02579,Yaounde,Omnisport,duplex,2,1,61.9,5,3,FALSE,FALSE,FALSE,TRUE,TRUE,2026-03-06,agency,230129
LS-04899,Douala,Bonapriso,apartment,4,3,128.0,21,4,TRUE,TRUE,TRUE,TRUE,FALSE,2026-07-07,agency,522549
LS-06175,Yaounde,Nkolbisson,apartment,2,2,75.0,8,2,FALSE,FALSE,FALSE,FALSE,FALSE,2026-06-27,agency,106626
LS-03662,Douala,Ndokoti,apartment,2,2,72.7,0,3,FALSE,FALSE,FALSE,FALSE,FALSE,2026-01-01,informal,"144,848"
LS-02599,Douala,Bonanjo,apartment,3,2,92.5 m2,7,1,TRUE,FALSE,FALSE,TRUE,FALSE,2026-06-26,agency,401166
LS-03334,Douala,Deido,duplex,5,4,139.4,0,1,FALSE,FALSE,TRUE,FALSE,FALSE,2025-09-21,portal,889448
LS-04586,Yaounde,Omnisport,villa,3,2,98.0,8,0,TRUE,FALSE,TRUE,FALSE,FALSE,21/07/2025,portal,457435
LS-06091,Yaounde,Etoudi,apartment,2,2,82.8,1,1,FALSE,FALSE,FALSE,FALSE,TRUE,2025-07-12,agency,172143
LS-05283,Yaounde,Mendong,villa,1,1,50.2,14,1,TRUE,FALSE,FALSE,FALSE,FALSE,2025-11-01,agency,91196
LS-02315,Douala,Bepanda,studio,1,1,42.8,15,0,FALSE,FALSE,TRUE,FALSE,FALSE,2025-11-20,agency,"92,541"
LS-03998,Yaounde,Nsam,duplex,3,3,93.2,28,4,FALSE,FALSE,FALSE,TRUE,FALSE,2026-04-19,portal,"166,973"
LS-00335,Douala,Logpom,duplex,4,3,142.3,31,1,TRUE,FALSE,FALSE,TRUE,FALSE,2025-07-26,portal,367672
LS-04825,Yaounde,Emana,studio,1,1,41.2,6,2,TRUE,FALSE,FALSE,FALSE,FALSE,2025-08-11,informal,66446
LS-04247,Douala,Ndokoti,apartment,1,1,38.1,1,1,TRUE,FALSE,FALSE,FALSE,FALSE,2025-12-11,agency,66875
LS-01378,Yaounde,Nkolbisson,apartment,3,1,95.0,28,4,FALSE,FALSE,TRUE,FALSE,FALSE,27/07/2025,agency,145997
LS-00496,Yaounde,Biyem-Assi,apartment,3,3,104.1,32,1,FALSE,TRUE,FALSE,FALSE,FALSE,2025-09-28,agency,273882
LS-02964,Douala,New Bell,studio,4,3,133.7,15,0,FALSE,TRUE,FALSE,FALSE,FALSE,2026-06-02,informal,427801
LS-02901,Douala,Makepe,villa,3,3,102.0,5,4,FALSE,FALSE,FALSE,FALSE,FALSE,2026-07-25,informal,207007
LS-05687,Yaounde,Biyem-Assi,villa,1,2,48.5,10,0,FALSE,TRUE,TRUE,FALSE,FALSE,2025-07-18,agency,130356
LS-02770,Douala,Bonanjo,apartment,2,2,85.0,13,0,FALSE,TRUE,TRUE,FALSE,FALSE,2026-01-15,agency,"222,060"
LS-00970,Yaounde,Mvog-Betsi,apartment,1,2,44.7,13,0,TRUE,TRUE,TRUE,FALSE,FALSE,2026-01-17,agency,72779
LS-00308,Douala,Bonaberi,apartment,0,1,14.0,7,1,FALSE,FALSE,FALSE,FALSE,FALSE,2025-07-20,agency,67303
LS-04819,Douala,Bonanjo,apartment,3,2,101.0,8,2,FALSE,FALSE,FALSE,FALSE,TRUE,2025-07-01,portal,424653
LS-01606,Yaounde,Nsam,chambre moderne,2,1,91.7,18,4,TRUE,FALSE,FALSE,FALSE,FALSE,2026-05-10,portal,163213
LS-02162,Douala,Bonaberi,villa,3,2,92.1,9,3,FALSE,FALSE,FALSE,FALSE,FALSE,2026-03-21,portal,158063
LS-00296,Yaounde,Nsam,apartment,2,1,73.9,27,4,FALSE,TRUE,TRUE,FALSE,FALSE,2026-07-24,portal,171290
LS-04541,Yaounde,Bastos,chambre moderne,4,2,155.3,24,0,TRUE,TRUE,TRUE,TRUE,TRUE,2026-05-13,portal,"566,534"
LS-03648,Yaounde,Nkolbisson,apartment,2,2,70.4,9,2,FALSE,FALSE,FALSE,FALSE,FALSE,2025-08-09,portal,120217
LS-03346,Yaounde,Omnisport,chambre moderne,2,3,91.4,12,2,no,FALSE,TRUE,FALSE,FALSE,2026-02-15,portal,232804
LS-01168,Yaounde,Etoudi,apartment,2,1,70.7,10,4,FALSE,FALSE,FALSE,FALSE,FALSE,2026-07-14,agency,98952
LS-03009,Douala,Bepanda,duplex,2,3,92.4,21,4,FALSE,FALSE,FALSE,TRUE,FALSE,2025-07-04,informal,
LS-03950,Douala,New Bell,villa,2,2,83.4,18,3,FALSE,FALSE,TRUE,FALSE,FALSE,2025-08-30,portal,"128,630"
LS-02078,Douala,Bonaberi,apartment,2,2,77.1 m2,9,3,FALSE,FALSE,FALSE,FALSE,FALSE,2026-08-13,informal,
LS-03288,Yaounde,Omnisport,villa,0,1,23.9,13,0,TRUE,FALSE,TRUE,TRUE,FALSE,2026-01-21,informal,78376
LS-05086,Yaounde,Mimboman,duplex,1,1,53.8,19,0,no,TRUE,FALSE,FALSE,FALSE,11/10/2025,portal,70136
LS-06058,Douala,Akwa,apartment,5,4,143.7,12,4,FALSE,TRUE,TRUE,FALSE,FALSE,2025-07-12,informal,669625
LS-03516,Douala,Deido,chambre moderne,1,1,53.8,4,0,FALSE,FALSE,TRUE,TRUE,FALSE,2025-09-17,portal,"147,368"
LS-02993,Yaounde,Nsam,studio,3,2,111.7,7,2,FALSE,FALSE,FALSE,TRUE,FALSE,2025-08-08,agency,351978
LS-05720,Yaounde,Etoudi,apartment,1,1,38.5,13,2,FALSE,FALSE,TRUE,TRUE,FALSE,02/02/2026,agency,79946
LS-00241,Douala,Bonaberi,studio,3,2,80.8,0,3,FALSE,FALSE,FALSE,FALSE,FALSE,2026-01-13,agency,116192
LS-03758,Yaounde,Bastos,chambre moderne,2,1,87.3,0,4,FALSE,FALSE,TRUE,TRUE,TRUE,2025-08-30,portal,392442
LS-05955,Douala,Ndokoti,apartment,2,2,82.4,23,3,FALSE,FALSE,TRUE,FALSE,FALSE,2025-08-25,portal,160923
LS-05673,Yaounde,Biyem-Assi,duplex,1,2,47.1,15,2,FALSE,FALSE,TRUE,TRUE,FALSE,2026-03-20,informal,
LS-03852,Yaounde,Mimboman,apartment,3,1,78.4 m2,1,0,FALSE,FALSE,FALSE,FALSE,FALSE,2026-03-19,agency,158816
LS-04414,Yaounde,Etoudi,villa,1,2,38.1,18,1,FALSE,FALSE,TRUE,FALSE,FALSE,2026-01-06,agency,95762
LS-00554,Yaounde,Biyem-Assi,chambre moderne,1,1,29.9,39,0,FALSE,TRUE,TRUE,FALSE,FALSE,2026-05-03,portal,61518
LS-04165,Douala,Bonapriso,villa,2,2,71.7,24,3,TRUE,TRUE,TRUE,TRUE,FALSE,2025-10-12,portal,"308,659"
LS-05906,Yaounde,Nkolbisson,apartment,0,1,14.0,20,3,TRUE,TRUE,FALSE,FALSE,FALSE,2026-04-10,portal,60115
LS-00115,Yaounde,Mendong,villa,1,1,31.3,0,4,no,FALSE,FALSE,FALSE,FALSE,2026-08-16,portal,134974
LS-04260,Yaounde,Nsam,apartment,2,2,300.9,20,2,FALSE,TRUE,FALSE,FALSE,TRUE,2025-09-28,portal,906273
LS-00196,Yaounde,Nsam,apartment,2,2,80.2,25,0,FALSE,FALSE,TRUE,TRUE,FALSE,2025-12-09,agency,231349
LS-03459,Douala,New Bell,apartment,1,2,54.1,20,4,FALSE,FALSE,TRUE,TRUE,FALSE,2026-04-20,agency,89222
LS-05268,Douala,Logpom,studio,1,2,41.2,0,1,FALSE,FALSE,TRUE,FALSE,FALSE,2025-12-01,informal,
LS-03541,Yaounde,Mvan,studio,2,2,68.0,18,0,FALSE,FALSE,FALSE,FALSE,TRUE,2026-03-26,informal,
LS-02605,Yaounde,Etoudi,apartment,5,4,146.3,0,0,FALSE,FALSE,FALSE,FALSE,FALSE,2026-03-31,agency,795365
LS-02904,Douala,Bonamoussadi,duplex,1,2,56.8,8,1,FALSE,TRUE,TRUE,TRUE,FALSE,2025-09-09,agency,180893
LS-02104,Douala,Deido,apartment,2,2,45.1,7,1,FALSE,TRUE,TRUE,FALSE,FALSE,2026-04-11,informal,
LS-00380,Yaounde,Nsam,villa,3,3,103.9,24,4,FALSE,TRUE,FALSE,TRUE,FALSE,23/04/2026,agency,448053
LS-04320,Douala,Ndokoti,chambre moderne,2,2,68.3,7,4,FALSE,TRUE,FALSE,FALSE,FALSE,2026-06-06,portal,68085
LS-00689,Douala,PK14,studio,3,2,87.9,5,3,FALSE,FALSE,FALSE,FALSE,FALSE,2026-04-27,agency,312430
LS-03540,Yaounde,Mvog-Betsi,duplex,0,1,33.3,13,1,FALSE,FALSE,TRUE,FALSE,TRUE,2025-12-26,informal,75986
LS-03943,Yaounde,Mendong,apartment,3,2,98.4,0,4,no,FALSE,TRUE,FALSE,FALSE,21/10/2025,portal,193376
LS-02421,Yaounde,Biyem-Assi,duplex,2,1,45.3,11,1,TRUE,TRUE,FALSE,FALSE,TRUE,2026-01-21,agency,144761
LS-04284,Douala,Deido,duplex,3,3,102.4 m2,6,0,FALSE,TRUE,FALSE,TRUE,TRUE,2026-04-05,agency,351354
LS-02723,Douala,Ndokoti,apartment,1,1,39.7,15,1,yes,FALSE,FALSE,FALSE,FALSE,2026-02-14,informal,"55,727"
LS-05125,Yaounde,Mvog-Betsi,chambre moderne,2,1,67.5,28,1,FALSE,FALSE,TRUE,FALSE,FALSE,2026-02-01,portal,119742
LS-05762,Douala,Bonamoussadi,apartment,2,3,72.6,7,3,FALSE,FALSE,TRUE,FALSE,FALSE,2025-11-13,agency,147278
LS-02482,Douala,Bonanjo,apartment,3,2,114.3,5,1,TRUE,TRUE,FALSE,FALSE,FALSE,2026-02-07,portal,380624
LS-03725,Douala,Akwa,apartment,1,2,54.5,0,1,FALSE,FALSE,FALSE,FALSE,FALSE,02/08/2026,agency,99739
LS-00822,Douala,Akwa,villa,1,2,41.8,23,4,FALSE,FALSE,FALSE,FALSE,FALSE,2026-03-29,informal,101901
LS-04342,Douala,PK14,apartment,3,3,101.4,17,0,FALSE,TRUE,FALSE,FALSE,FALSE,2026-04-12,informal,
LS-04970,Yaounde,Biyem-Assi,apartment,0,1,38.9,25,1,TRUE,FALSE,FALSE,FALSE,FALSE,2025-09-10,portal,75450
LS-02659,Yaounde,Golf,duplex,3,2,102.5,20,4,TRUE,FALSE,TRUE,TRUE,FALSE,2025-08-16,informal,297637
LS-03170,Douala,Logpom,apartment,3,1,96.2,22,3,FALSE,FALSE,FALSE,FALSE,FALSE,2026-06-01,informal,194836
LS-00910,Yaounde,Mvan,duplex,2,2,89.5,26,1,TRUE,FALSE,FALSE,FALSE,FALSE,15/04/2026,portal,84725
LS-06151,Yaounde,Nkolbisson,apartment,2,2,67.1,19,3,FALSE,FALSE,TRUE,FALSE,FALSE,2026-01-19,informal,149009
LS-05721,Douala,Bonanjo,apartment,3,2,112.7,35,3,FALSE,TRUE,TRUE,FALSE,TRUE,2026-03-21,agency,490471
LS-03811,Yaounde,Omnisport,villa,0,1,40.3,29,0,FALSE,TRUE,TRUE,FALSE,FALSE,2026-07-02,informal,76570
LS-02218,Yaounde,Emana,chambre moderne,1,1,49.5,0,4,FALSE,FALSE,FALSE,FALSE,FALSE,28/08/2025,portal,39204
LS-06038,Yaounde,Golf,apartment,1,2,41.9,18,0,FALSE,TRUE,TRUE,FALSE,FALSE,2025-11-03,informal,
LS-01126,Douala,Deido,studio,0,1,39.9,11,0,FALSE,FALSE,FALSE,FALSE,FALSE,18/02/2026,agency,71116
LS-04783,Douala,Logpom,studio,1,2,56.3,10,3,FALSE,TRUE,FALSE,TRUE,FALSE,2025-08-25,agency,104170
LS-02086,Douala,Bonanjo,duplex,1,1,63.6,25,2,FALSE,FALSE,TRUE,FALSE,FALSE,2025-07-20,portal,171000
LS-03917,Yaounde,Nkolbisson,villa,2,3,83.0,15,4,FALSE,FALSE,TRUE,FALSE,FALSE,2026-05-31,agency,160164
LS-04866,Yaounde,Nsam,apartment,1,2,58.8,36,1,FALSE,TRUE,FALSE,TRUE,TRUE,2026-04-23,informal,
LS-03040,Yaounde,Mvan,chambre moderne,0,1,18.3,18,1,TRUE,FALSE,TRUE,FALSE,FALSE,2026-04-13,agency,34548
LS-00162,Yaounde,Nkolbisson,villa,1,1,57.8,22,1,FALSE,TRUE,TRUE,FALSE,FALSE,2026-06-08,agency,76058
LS-02998,Yaounde,Etoudi,studio,4,4,117.9,9,3,TRUE,FALSE,FALSE,TRUE,FALSE,2026-01-17,informal,605620
LS-05818,Douala,Makepe,duplex,3,3,106.4,20,3,TRUE,TRUE,TRUE,FALSE,FALSE,2026-04-10,portal,451928
LS-04169,Yaounde,Mvan,chambre moderne,5,3,155.7,10,1,no,FALSE,TRUE,FALSE,FALSE,2026-03-16,agency,"659,662"
LS-00134,Yaounde,Mendong,studio,2,2,86.5 m2,11,0,FALSE,FALSE,FALSE,FALSE,FALSE,2026-07-28,agency,131915
LS-04240,Douala,Makepe,apartment,3,3,100.6,21,2,FALSE,TRUE,TRUE,FALSE,FALSE,2026-08-18,portal,240842
LS-02788,Douala,Makepe,apartment,2,1,71.0,1,4,TRUE,FALSE,FALSE,FALSE,TRUE,2025-12-30,informal,216995
LS-01701,Yaounde,Etoudi,chambre moderne,1,1,50.3,0,2,FALSE,FALSE,TRUE,TRUE,FALSE,2026-05-24,agency,192048
LS-04015,Yaounde,Mvan,villa,3,2,108.8,19,1,TRUE,TRUE,FALSE,FALSE,FALSE,2026-07-08,informal,332319
LS-05304,Yaounde,Biyem-Assi,studio,5,3,175.5,9,0,TRUE,TRUE,TRUE,FALSE,FALSE,2025-09-01,agency,1020149
LS-04995,Douala,Bepanda,chambre moderne,3,3,99.4,18,0,FALSE,TRUE,TRUE,TRUE,TRUE,2025-10-23,portal,204284
LS-06155,Douala,Deido,apartment,3,3,97.9,4,0,FALSE,TRUE,FALSE,FALSE,FALSE,17/09/2025,agency,281927
LS-04207,Yaounde,Mendong,duplex,2,2,70.0,0,0,FALSE,FALSE,FALSE,FALSE,FALSE,2025-12-26,agency,79187
LS-00993,Yaounde,Emana,villa,1,2,64.7,13,1,no,FALSE,TRUE,FALSE,FALSE,2025-12-16,portal,83854
LS-04292,Yaounde,Golf,villa,2,2,76.7,12,0,TRUE,FALSE,TRUE,TRUE,TRUE,28/12/2025,agency,400770
LS-00062,Yaounde,Mendong,apartment,1,2,65.6,15,3,FALSE,TRUE,TRUE,TRUE,FALSE,2026-02-14,informal,
LS-03264,Douala,Logpom,apartment,2,3,63.4,30,4,FALSE,FALSE,FALSE,FALSE,FALSE,2026-08-02,agency,97959
LS-05010,Yaounde,Mimboman,apartment,4,2,112.7,7,0,no,TRUE,TRUE,FALSE,FALSE,2026-05-12,informal,177686
LS-00592,Yaounde,Mimboman,studio,2,3,66.0,7,0,FALSE,FALSE,TRUE,FALSE,FALSE,2026-05-01,informal,116429
LS-02947,Yaounde,Mvog-Betsi,studio,1,1,63.3,14,0,TRUE,FALSE,TRUE,FALSE,FALSE,2025-09-26,portal,92147
LS-01663,Yaounde,Etoudi,chambre moderne,1,2,43.4,14,0,FALSE,TRUE,TRUE,FALSE,TRUE,2026-01-09,portal,194357
LS-03722,Douala,Bonapriso,villa,1,2,35.8,10,1,TRUE,FALSE,FALSE,FALSE,FALSE,2026-06-14,agency,121785
LS-00849,Douala,Ndokoti,studio,1,2,55.9,4,0,TRUE,FALSE,FALSE,FALSE,FALSE,2026-05-01,portal,75093
LS-02349,Yaounde,Mendong,apartment,3,2,104.6,13,1,FALSE,FALSE,FALSE,TRUE,FALSE,2025-08-23,informal,
LS-02929,Douala,Deido,apartment,1,1,36.8,1,4,FALSE,TRUE,FALSE,FALSE,FALSE,2026-05-24,informal,120430
LS-00994,Yaounde,Mvan,duplex,1,2,42.3,15,2,TRUE,FALSE,FALSE,FALSE,FALSE,19/05/2026,agency,62129
LS-01160,Douala,Deido,apartment,3,2,93.2,17,0,FALSE,FALSE,TRUE,FALSE,FALSE,2026-07-22,portal,"195,485"
LS-02750,Douala,Akwa,apartment,2,2,84.5,24,1,TRUE,FALSE,FALSE,TRUE,FALSE,2026-03-18,portal,187573
LS-03548,Douala,Bonanjo,apartment,5,4,149.1 m2,13,3,TRUE,FALSE,FALSE,FALSE,TRUE,2026-04-16,informal,852180
LS-04950,Yaounde,Biyem-Assi,villa,4,3,137.2,0,1,FALSE,FALSE,FALSE,FALSE,TRUE,2026-08-20,portal,533800
LS-03589,Yaounde,Mvan,apartment,3,2,86.5,5,0,FALSE,FALSE,FALSE,FALSE,FALSE,21/08/2025,agency,129974
LS-05626,Douala,PK14,apartment,4,3,134.9,20,3,FALSE,FALSE,FALSE,FALSE,FALSE,2026-02-05,agency,397006
LS-05948,Douala,Akwa,chambre moderne,1,2,50.5,26,4,FALSE,TRUE,FALSE,FALSE,FALSE,26/11/2025,agency,141279
LS-04445,Yaounde,Etoudi,apartment,3,3,100.8,17,1,FALSE,TRUE,FALSE,FALSE,FALSE,2025-08-11,informal,236422
LS-02507,Yaounde,Mendong,apartment,1,1,46.1,12,1,FALSE,FALSE,FALSE,FALSE,FALSE,2025-08-05,portal,59784
LS-04812,Douala,PK14,apartment,1,2,35.1,0,4,FALSE,FALSE,TRUE,FALSE,FALSE,2025-12-21,informal,
LS-00868,Douala,Makepe,villa,2,2,80.4,10,1,TRUE,FALSE,TRUE,FALSE,TRUE,2025-08-20,informal,154037
LS-03414,Yaounde,Mimboman,villa,1,2,51.3,16,3,FALSE,TRUE,FALSE,FALSE,FALSE,2025-08-27,portal,81700
LS-00218,Douala,Bonapriso,studio,2,3,71.9,22,1,FALSE,TRUE,TRUE,FALSE,TRUE,2026-02-16,informal,
LS-04910,Douala,PK14,villa,2,2,75.5,27,1,FALSE,FALSE,TRUE,FALSE,FALSE,2026-07-29,portal,105763
LS-00656,Yaounde,Omnisport,duplex,3,2,113.4,17,4,FALSE,FALSE,TRUE,TRUE,FALSE,2025-09-02,agency,204628
LS-03557,Douala,New Bell,apartment,2,1,78.5,0,4,no,FALSE,FALSE,FALSE,FALSE,2026-03-15,agency,185053
LS-00765,Yaounde,Etoudi,chambre moderne,2,2,71.5,14,0,no,TRUE,TRUE,FALSE,FALSE,2026-04-22,agency,80331
LS-03417,Yaounde,Bastos,apartment,1,1,50.5 m2,30,0,FALSE,TRUE,FALSE,FALSE,TRUE,2025-11-14,agency,151932
LS-00680,Yaounde,Mvog-Betsi,duplex,3,3,97.1,12,3,TRUE,FALSE,FALSE,FALSE,FALSE,2025-10-09,portal,219855
LS-05960,Yaounde,Mendong,apartment,3,2,105.9,15,1,FALSE,FALSE,FALSE,FALSE,FALSE,2026-03-09,agency,234197
LS-01768,Douala,Bonamoussadi,apartment,1,1,35.5,13,1,TRUE,FALSE,TRUE,TRUE,FALSE,2025-09-21,agency,125656
LS-06113,Douala,Deido,apartment,2,3,51.8,19,3,FALSE,FALSE,FALSE,FALSE,FALSE,2026-02-14,agency,111475
LS-03155,Yaounde,Etoudi,apartment,1,1,66.3,0,4,FALSE,FALSE,FALSE,TRUE,FALSE,2025-07-08,agency,128163
LS-04403,Douala,Bepanda,studio,2,2,88.2,17,2,FALSE,FALSE,TRUE,FALSE,FALSE,2026-01-23,agency,127374
LS-00280,Yaounde,Mvan,duplex,2,2,83.4,9,1,FALSE,TRUE,FALSE,FALSE,FALSE,2025-11-03,agency,177697
LS-01346,Douala,PK14,apartment,1,2,47.7,14,3,TRUE,TRUE,TRUE,FALSE,FALSE,2026-07-05,agency,70045
LS-03403,Douala,Bonanjo,duplex,2,2,67.8,0,0,TRUE,FALSE,TRUE,TRUE,FALSE,2025-12-15,informal,296426
LS-03729,Douala,Akwa,studio,4,2,112.1,7,1,TRUE,FALSE,FALSE,FALSE,FALSE,2026-07-21,portal,327406
LS-00578,Douala,PK14,villa,2,2,73.6,19,1,TRUE,FALSE,FALSE,FALSE,FALSE,2026-07-24,agency,86435
LS-01146,Yaounde,Golf,apartment,2,2,80.8,11,0,FALSE,FALSE,FALSE,FALSE,TRUE,2025-11-02,agency,514951
LS-02251,Yaounde,Bastos,apartment,4,3,105.3,19,2,FALSE,TRUE,TRUE,TRUE,TRUE,2026-04-09,agency,755884
LS-01317,Yaounde,Biyem-Assi,studio,2,3,70.6,0,1,FALSE,FALSE,TRUE,FALSE,FALSE,2025-09-05,agency,264671
LS-05380,Douala,Deido,apartment,1,1,39.6,7,3,TRUE,FALSE,FALSE,FALSE,FALSE,2026-07-19,portal,118150
LS-04750,Douala,PK14,duplex,2,3,61.3,10,1,FALSE,FALSE,FALSE,FALSE,FALSE,2026-05-22,agency,77507
LS-04711,Yaounde,Biyem-Assi,villa,1,2,40.3,25,4,TRUE,FALSE,FALSE,FALSE,FALSE,2025-08-19,agency,70087
LS-04558,Yaounde,Mendong,apartment,1,2,45.8,13,0,TRUE,TRUE,FALSE,FALSE,FALSE,2025-07-08,portal,100808
LS-02172,Yaounde,Mimboman,apartment,4,3,116.7,1,2,FALSE,FALSE,FALSE,FALSE,FALSE,2025-10-16,portal,"220,412"
LS-00563,Douala,Bonamoussadi,studio,1,1,45.3,11,1,TRUE,TRUE,TRUE,FALSE,FALSE,2025-10-13,agency,64336
LS-05193,Yaounde,Biyem-Assi,studio,3,2,117.3,0,0,FALSE,FALSE,FALSE,FALSE,FALSE,2026-02-27,portal,319306
LS-00466,Douala,Bonapriso,apartment,3,3,94.8,8,0,TRUE,FALSE,TRUE,TRUE,FALSE,2025-07-14,portal,432205
LS-01977,Yaounde,Omnisport,villa,2,2,67.1,7,1,FALSE,TRUE,FALSE,FALSE,FALSE,07/07/2025,agency,143327
LS-03305,Douala,Logpom,villa,4,2,132.9,12,4,TRUE,FALSE,FALSE,TRUE,FALSE,2026-06-04,informal,
LS-00293,Yaounde,Nkolbisson,apartment,3,3,102.4,1,4,FALSE,FALSE,FALSE,FALSE,FALSE,2025-07-30,portal,218805
LS-02757,Yaounde,Biyem-Assi,apartment,2,2,69.2,17,3,FALSE,FALSE,FALSE,FALSE,FALSE,2025-10-02,agency,139005
LS-01493,Douala,Bonamoussadi,apartment,1,2,68.0,28,2,FALSE,TRUE,TRUE,FALSE,TRUE,2026-07-31,agency,212917
LS-04121,Yaounde,Emana,duplex,2,2,77.7,3,1,FALSE,FALSE,FALSE,FALSE,FALSE,2025-10-13,portal,132098
LS-03443,Douala,Bonapriso,apartment,2,2,64.1,43,3,FALSE,TRUE,TRUE,TRUE,TRUE,2026-02-20,portal,133150
LS-01718,Yaounde,Mvan,studio,3,2,99.2,20,0,FALSE,TRUE,TRUE,FALSE,FALSE,2026-04-26,portal,271675
LS-06134,Douala,Makepe,duplex,1,2,31.6,35,1,TRUE,TRUE,FALSE,FALSE,FALSE,2026-04-24,agency,89314
LS-00678,Douala,PK14,studio,1,1,58.2,21,4,FALSE,FALSE,FALSE,TRUE,FALSE,2025-08-24,portal,97201
LS-04543,Yaounde,Mvog-Betsi,studio,1,2,38.4,11,0,TRUE,TRUE,TRUE,FALSE,FALSE,2026-08-03,agency,100644
LS-00463,Douala,Bonamoussadi,apartment,1,2,47.0,8,1,FALSE,FALSE,FALSE,TRUE,FALSE,04/03/2026,agency,201164
LS-02835,Douala,Logpom,villa,4,3,106.8 m2,13,3,FALSE,FALSE,FALSE,FALSE,FALSE,2026-05-09,agency,320559
LS-00257,Yaounde,Nsam,studio,3,2,98.3,26,4,no,FALSE,FALSE,FALSE,FALSE,2026-07-28,agency,138249
LS-02813,Yaounde,Bastos,apartment,3,2,88.6,7,2,TRUE,TRUE,TRUE,FALSE,TRUE,2025-10-11,portal,479274
LS-02208,Douala,Bonaberi,duplex,2,3,68.4,8,1,FALSE,FALSE,TRUE,FALSE,TRUE,2025-07-28,informal,
LS-00778,Yaounde,Mendong,villa,3,3,87.6,8,0,FALSE,FALSE,FALSE,TRUE,FALSE,15/01/2026,portal,158840
LS-05515,Yaounde,Mendong,apartment,2,2,90.5,21,2,FALSE,FALSE,FALSE,FALSE,FALSE,2025-07-02,portal,136288
LS-02898,Douala,Bonaberi,chambre moderne,0,1,27.4 m2,0,0,FALSE,FALSE,FALSE,FALSE,FALSE,2026-08-03,informal,58908
LS-05544,Douala,Akwa,villa,2,3,68.1,9,1,TRUE,FALSE,FALSE,FALSE,FALSE,2025-12-01,agency,"155,289"
LS-04667,Yaounde,Golf,apartment,1,1,47.0,8,0,FALSE,TRUE,TRUE,TRUE,TRUE,2026-03-25,agency,210965
LS-03213,Douala,Deido,duplex,0,1,15.4,4,3,TRUE,TRUE,FALSE,FALSE,FALSE,2026-01-12,agency,69392
LS-00985,Yaounde,Mvan,villa,4,2,115.7 m2,10,1,TRUE,FALSE,TRUE,FALSE,TRUE,2026-08-18,agency,"268,645"
LS-04810,Yaounde,Mvan,chambre moderne,1,2,36.5,20,2,FALSE,FALSE,FALSE,FALSE,FALSE,2026-07-26,agency,86116
LS-01199,Douala,Logpom,villa,2,1,80.2,4,1,FALSE,FALSE,FALSE,FALSE,TRUE,2025-08-28,informal,
LS-01044,Yaounde,Nkolbisson,duplex,1,1,39.4,8,2,FALSE,FALSE,FALSE,FALSE,FALSE,2025-11-18,agency,72861
LS-05426,Douala,Akwa,apartment,4,3,126.4,23,4,TRUE,FALSE,FALSE,TRUE,FALSE,2026-04-03,informal,"576,263"
LS-00300,Yaounde,Mvan,studio,3,3,100.2,27,3,TRUE,FALSE,FALSE,TRUE,FALSE,2026-05-05,agency,132346
LS-03111,Yaounde,Nkolbisson,villa,2,1,82.1,18,1,TRUE,FALSE,FALSE,FALSE,FALSE,2026-03-13,agency,154906
LS-02566,Douala,Akwa,studio,0,1,29.8,0,1,TRUE,FALSE,FALSE,FALSE,FALSE,2026-04-21,portal,158707
LS-02630,Yaounde,Nsam,studio,3,2,123.9,23,1,FALSE,TRUE,FALSE,FALSE,TRUE,2026-06-02,agency,207579
LS-03638,Douala,Bonamoussadi,chambre moderne,3,3,99.5,0,1,FALSE,FALSE,FALSE,FALSE,FALSE,2026-04-27,portal,332908
LS-04010,Douala,Bonaberi,chambre moderne,0,1,14.0,15,4,TRUE,FALSE,FALSE,FALSE,FALSE,2026-01-09,agency,45979
LS-05098,Yaounde,Emana,apartment,3,2,106.3,24,2,FALSE,TRUE,TRUE,FALSE,FALSE,2026-07-31,agency,144224
LS-05229,Douala,Deido,duplex,2,2,93.0,32,2,FALSE,FALSE,FALSE,FALSE,FALSE,2026-07-24,portal,201789
LS-05387,Yaounde,Mendong,apartment,3,3,80.7,34,1,FALSE,FALSE,FALSE,TRUE,FALSE,2026-03-11,portal,141738
LS-00646,Douala,Bonapriso,apartment,1,1,51.1,10,4,FALSE,FALSE,TRUE,TRUE,TRUE,2026-01-25,portal,192527
LS-04572,Yaounde,Mendong,villa,1,2,34.9,5,1,no,FALSE,FALSE,FALSE,FALSE,2025-08-17,portal,81489
LS-05467,Douala,Bepanda,villa,4,4,344.1,8,0,TRUE,FALSE,TRUE,FALSE,FALSE,2026-04-18,agency,3791412
LS-01575,Yaounde,Mendong,apartment,1,1,49.0,33,3,FALSE,FALSE,FALSE,FALSE,FALSE,05/03/2026,informal,111576
LS-05004,Yaounde,Nsam,apartment,2,2,43.9,22,2,FALSE,FALSE,FALSE,FALSE,FALSE,2025-10-03,informal,69408
LS-04790,Douala,PK14,duplex,2,2,67.9 m2,37,1,FALSE,FALSE,TRUE,FALSE,TRUE,2026-01-27,informal,74281
LS-03927,Yaounde,Bastos,duplex,2,1,68.3,16,0,TRUE,TRUE,FALSE,TRUE,FALSE,2025-11-16,portal,433782
LS-04955,Yaounde,Mendong,studio,3,3,94.7,20,3,TRUE,FALSE,FALSE,FALSE,FALSE,22/02/2026,agency,194362
LS-02452,Douala,Akwa,apartment,4,2,135.1,26,2,FALSE,TRUE,TRUE,TRUE,FALSE,2025-10-01,agency,570485
LS-01383,Yaounde,Nsam,villa,2,1,88.7,8,1,FALSE,FALSE,TRUE,FALSE,FALSE,2025-12-04,agency,220668
LS-01439,Yaounde,Mendong,chambre moderne,1,2,53.8,31,1,no,FALSE,TRUE,TRUE,FALSE,2026-02-17,portal,99541
LS-01820,Douala,Deido,duplex,2,2,72.8,13,1,TRUE,TRUE,TRUE,FALSE,FALSE,2025-12-07,portal,166297
LS-04214,Yaounde,Nkolbisson,duplex,1,1,69.5,23,0,FALSE,FALSE,FALSE,FALSE,TRUE,2025-07-30,agency,100514
LS-05840,Douala,Bonapriso,studio,0,1,28.2,19,1,FALSE,FALSE,TRUE,TRUE,FALSE,2025-10-21,informal,62488
LS-01833,Douala,Deido,studio,1,1,47.7,29,3,FALSE,TRUE,FALSE,FALSE,TRUE,2025-07-12,informal,
LS-01814,Douala,PK14,villa,3,3,97.8,1,1,TRUE,FALSE,TRUE,FALSE,FALSE,2025-12-11,portal,"189,727"
LS-03890,Douala,Ndokoti,duplex,3,3,111.3,5,0,FALSE,TRUE,FALSE,FALSE,FALSE,2025-09-27,informal,227538
LS-03199,Douala,Bonamoussadi,apartment,4,2,130.3,25,3,FALSE,TRUE,TRUE,FALSE,FALSE,12/02/2026,agency,647336
LS-05123,Yaounde,Etoudi,apartment,2,2,73.5,0,0,FALSE,FALSE,FALSE,FALSE,FALSE,2025-10-20,agency,215735
LS-03331,Yaounde,Bastos,apartment,4,4,140.4,0,2,FALSE,FALSE,TRUE,TRUE,FALSE,2026-06-11,agency,942737
LS-06186,Douala,Logpom,apartment,2,2,87.2,13,2,FALSE,TRUE,FALSE,FALSE,FALSE,2026-06-23,agency,163272
LS-02635,Douala,Akwa,studio,3,3,111.0,7,0,FALSE,FALSE,TRUE,TRUE,FALSE,2025-09-27,portal,549337
LS-06065,Douala,Logpom,studio,2,1,67.3,8,1,FALSE,FALSE,FALSE,TRUE,FALSE,2025-07-26,agency,109539
LS-00796,Yaounde,Bastos,apartment,2,2,77.0,13,1,FALSE,TRUE,TRUE,FALSE,FALSE,2026-05-18,agency,248220
LS-01042,Yaounde,Mvan,duplex,2,2,71.4,4,0,FALSE,FALSE,FALSE,TRUE,FALSE,2025-07-31,portal,225436
LS-04499,Douala,New Bell,apartment,0,1,31.1,0,0,FALSE,FALSE,FALSE,FALSE,FALSE,03/04/2026,agency,75155
LS-03930,Yaounde,Etoudi,studio,4,3,123.5,28,1,FALSE,FALSE,FALSE,FALSE,FALSE,2025-08-01,agency,496157
LS-03043,Yaounde,Mvog-Betsi,studio,2,1,84.6,16,0,FALSE,FALSE,FALSE,FALSE,FALSE,2026-05-10,agency,105600
LS-00147,Douala,Bepanda,apartment,1,2,47.0,21,4,FALSE,FALSE,FALSE,TRUE,FALSE,2026-04-30,informal,
LS-05863,Yaounde,Biyem-Assi,studio,2,2,57.9,24,4,FALSE,FALSE,TRUE,FALSE,FALSE,2025-09-25,informal,92039
LS-00541,Yaounde,Omnisport,duplex,2,2,69.1,20,3,TRUE,FALSE,FALSE,FALSE,FALSE,2025-11-19,agency,239129
LS-00249,Douala,Bonanjo,studio,0,1,14.0,6,1,FALSE,TRUE,FALSE,FALSE,TRUE,2025-10-14,portal,90284
LS-02846,Yaounde,Etoudi,apartment,2,2,53.8,35,0,TRUE,FALSE,TRUE,FALSE,FALSE,2025-08-19,agency,115286
LS-01910,Douala,Bonaberi,apartment,3,2,104.5,2,1,FALSE,FALSE,TRUE,FALSE,FALSE,2025-07-30,agency,299315
LS-05494,Yaounde,Bastos,apartment,0,1,21.1,25,2,TRUE,FALSE,TRUE,TRUE,FALSE,2026-07-08,portal,153620
LS-04040,Douala,Makepe,duplex,2,1,75.9,22,3,FALSE,FALSE,TRUE,FALSE,FALSE,2026-08-04,agency,189219
LS-05890,Douala,Deido,apartment,1,1,54.4,11,0,FALSE,FALSE,FALSE,FALSE,FALSE,2026-02-04,portal,112684
LS-04709,Douala,Bonamoussadi,apartment,2,2,85.6,20,2,FALSE,TRUE,TRUE,TRUE,TRUE,2026-07-07,agency,308791
LS-06092,Douala,Bonaberi,apartment,2,3,61.4,10,0,FALSE,FALSE,TRUE,FALSE,FALSE,24/08/2026,informal,80426
LS-05741,Douala,Logpom,duplex,1,1,54.0,24,0,TRUE,FALSE,FALSE,TRUE,FALSE,2025-10-31,agency,120307
LS-04269,Yaounde,Bastos,villa,2,2,71.1,35,1,TRUE,TRUE,TRUE,TRUE,TRUE,2026-06-22,agency,243214
LS-04693,Douala,Bonapriso,apartment,1,1,47.8,12,0,FALSE,FALSE,FALSE,TRUE,TRUE,2026-04-30,portal,181949
LS-02087,Douala,PK14,apartment,2,2,70.5,15,4,FALSE,FALSE,FALSE,FALSE,FALSE,11/11/2025,informal,
LS-03622,Douala,Ndokoti,villa,1,2,50.2,3,4,no,FALSE,FALSE,FALSE,FALSE,2025-10-07,portal,66186
LS-02000,Yaounde,Mendong,apartment,1,2,29.8,2,1,FALSE,FALSE,TRUE,FALSE,FALSE,2026-03-06,agency,99850
LS-00443,Douala,Bonamoussadi,apartment,2,2,57.6,3,1,FALSE,TRUE,TRUE,FALSE,FALSE,2026-03-17,portal,141698
LS-03775,Douala,Bepanda,apartment,3,2,98.6,23,3,FALSE,FALSE,FALSE,FALSE,FALSE,2026-01-28,agency,172622
LS-05683,Douala,Logpom,apartment,2,2,75.9,12,4,FALSE,FALSE,TRUE,FALSE,FALSE,2025-07-29,agency,"139,722"
LS-05333,Douala,Bonaberi,studio,3,2,97.9,14,3,FALSE,TRUE,FALSE,FALSE,FALSE,2026-05-26,agency,179757
LS-03483,Yaounde,Nkolbisson,apartment,2,3,73.3,15,3,FALSE,FALSE,FALSE,FALSE,FALSE,2026-08-07,portal,82314
LS-03621,Yaounde,Omnisport,studio,2,1,90.2,5,1,FALSE,TRUE,FALSE,FALSE,FALSE,2025-11-02,agency,"270,049"
LS-00852,Yaounde,Mimboman,apartment,2,2,83.3,11,0,FALSE,FALSE,FALSE,FALSE,FALSE,04/09/2025,portal,208526
LS-05588,Douala,Bepanda,apartment,2,2,60.9,29,1,TRUE,FALSE,FALSE,FALSE,FALSE,18/12/2025,agency,51291
LS-02284,Yaounde,Nsam,duplex,3,3,107.0,27,2,no,TRUE,TRUE,FALSE,FALSE,2025-09-16,informal,226973
LS-00587,Yaounde,Mvog-Betsi,apartment,1,1,64.1,13,2,FALSE,FALSE,FALSE,FALSE,FALSE,2025-10-21,informal,"87,097"
LS-00275,Yaounde,Etoudi,apartment,3,3,107.6,0,1,FALSE,TRUE,TRUE,TRUE,FALSE,2025-12-15,portal,296559
LS-04887,Douala,Logpom,apartment,4,4,133.4,14,1,FALSE,FALSE,TRUE,TRUE,FALSE,2026-02-22,agency,487612
LS-04527,Douala,Bonanjo,apartment,3,2,97.2,19,1,TRUE,TRUE,FALSE,TRUE,TRUE,06/03/2026,informal,
LS-05744,Douala,Bonanjo,apartment,2,1,73.3,29,1,TRUE,TRUE,FALSE,FALSE,FALSE,2026-04-19,agency,218795
LS-03778,Douala,Makepe,apartment,1,2,68.4,7,0,FALSE,TRUE,FALSE,FALSE,TRUE,2025-11-09,agency,378941
LS-04489,Yaounde,Emana,villa,3,2,113.5,19,1,FALSE,FALSE,FALSE,FALSE,FALSE,2025-10-30,portal,197575
LS-04840,Yaounde,Mvog-Betsi,duplex,2,2,79.2,26,1,FALSE,FALSE,FALSE,FALSE,FALSE,2026-08-18,agency,122029
LS-01367,Douala,Deido,apartment,2,1,63.9,20,0,FALSE,FALSE,FALSE,TRUE,TRUE,01/11/2025,agency,135765
LS-00701,Douala,Bonamoussadi,studio,2,2,88.2,7,1,FALSE,TRUE,FALSE,FALSE,FALSE,2026-02-23,agency,198642
LS-06183,Douala,Bepanda,chambre moderne,1,2,45.2,23,0,FALSE,FALSE,FALSE,TRUE,FALSE,2026-02-01,informal,96334
LS-03129,Yaounde,Mendong,apartment,2,2,64.2,9,1,FALSE,TRUE,TRUE,FALSE,FALSE,2025-10-15,portal,74663
LS-05659,Douala,Makepe,studio,2,2,66.7,28,3,TRUE,FALSE,FALSE,FALSE,TRUE,2026-03-08,agency,200635
LS-00627,Yaounde,Nsam,villa,3,2,104.1,37,1,TRUE,TRUE,TRUE,FALSE,FALSE,2026-03-13,informal,156014
LS-00821,Yaounde,Emana,chambre moderne,1,1,54.3,18,0,FALSE,TRUE,FALSE,FALSE,FALSE,2025-11-03,portal,73974
LS-01505,Yaounde,Mendong,apartment,4,3,155.5,16,1,no,TRUE,FALSE,FALSE,FALSE,2025-09-23,informal,519405
LS-04199,Douala,Bonaberi,studio,1,2,48.5,14,0,FALSE,FALSE,TRUE,FALSE,TRUE,2025-08-25,portal,119097
LS-05819,Douala,PK14,studio,2,3,68.3,7,2,FALSE,FALSE,FALSE,FALSE,FALSE,2025-09-13,agency,102785
LS-02480,Douala,Akwa,duplex,1,1,33.7,21,1,FALSE,FALSE,TRUE,FALSE,TRUE,2026-07-31,agency,66939
LS-01309,Yaounde,Mimboman,villa,1,1,38.8,8,1,FALSE,FALSE,TRUE,FALSE,FALSE,26/09/2025,agency,103846
LS-01753,Yaounde,Mendong,villa,1,2,32.3,18,0,FALSE,FALSE,TRUE,FALSE,FALSE,27/10/2025,informal,
LS-00422,Douala,PK14,villa,2,2,83.0,13,1,no,TRUE,TRUE,FALSE,FALSE,23/04/2026,informal,117057
LS-01705,Yaounde,Nkolbisson,apartment,2,2,75.4,11,4,FALSE,FALSE,FALSE,TRUE,FALSE,2025-08-23,agency,81544
LS-05554,Yaounde,Omnisport,chambre moderne,1,1,52.9,20,0,TRUE,FALSE,TRUE,TRUE,FALSE,2026-05-17,portal,240945
LS-04593,Yaounde,Omnisport,apartment,0,1,21.9,13,3,yes,FALSE,TRUE,FALSE,TRUE,2025-12-02,informal,
LS-05828,Douala,PK14,apartment,3,3,95.1,5,2,no,FALSE,TRUE,FALSE,FALSE,2026-04-26,portal,170921
LS-01588,Yaounde,Etoudi,studio,3,3,85.6,13,1,TRUE,FALSE,FALSE,FALSE,FALSE,2026-08-07,agency,261621
LS-01470,Yaounde,Etoudi,studio,2,3,64.7,17,0,FALSE,FALSE,FALSE,TRUE,FALSE,2026-02-03,portal,203004
LS-00925,Douala,Bonamoussadi,apartment,2,2,61.0,2,3,TRUE,FALSE,TRUE,TRUE,FALSE,2025-11-17,agency,294528
LS-01411,Douala,Makepe,chambre moderne,2,1,67.9,25,1,FALSE,TRUE,TRUE,FALSE,FALSE,2025-09-10,agency,92932
LS-00337,Yaounde,Mendong,chambre moderne,3,3,91.4,0,1,FALSE,TRUE,FALSE,FALSE,FALSE,2025-07-30,portal,335224
LS-03571,Douala,Bonapriso,villa,3,3,101.5,33,1,TRUE,TRUE,TRUE,TRUE,TRUE,19/07/2026,agency,354957
LS-01331,Yaounde,Golf,chambre moderne,0,1,22.5,9,0,TRUE,TRUE,FALSE,TRUE,FALSE,2025-08-09,agency,61507
LS-02239,Yaounde,Mimboman,chambre moderne,3,3,108.7,19,0,FALSE,FALSE,TRUE,FALSE,FALSE,2025-09-24,agency,157079
LS-01627,Yaounde,Etoudi,villa,3,2,75.7,26,2,FALSE,FALSE,TRUE,FALSE,FALSE,19/07/2026,agency,142708
LS-02139,Yaounde,Mimboman,chambre moderne,0,1,32.2,20,1,FALSE,TRUE,TRUE,FALSE,FALSE,2026-03-10,informal,59062
LS-01747,Yaounde,Golf,studio,2,3,82.2,2,0,FALSE,FALSE,TRUE,FALSE,FALSE,2025-07-29,agency,375825
LS-04485,Douala,PK14,apartment,3,2,84.1,0,1,FALSE,FALSE,FALSE,FALSE,FALSE,2025-07-27,agency,270612
LS-05419,Yaounde,Mimboman,studio,4,4,111.4,9,1,FALSE,FALSE,FALSE,FALSE,FALSE,2025-09-09,agency,"213,034"
LS-05034,Yaounde,Golf,apartment,2,2,90.8,15,1,FALSE,FALSE,TRUE,TRUE,TRUE,02/03/2026,informal,394757
LS-02107,Douala,Deido,apartment,2,2,72.8,1,1,FALSE,FALSE,FALSE,FALSE,FALSE,2026-01-15,agency,"138,147"
LS-01260,Yaounde,Bastos,villa,3,2,106.1,3,3,FALSE,TRUE,TRUE,FALSE,TRUE,2026-04-09,agency,599063
LS-01751,Douala,Bonaberi,apartment,1,2,71.8,16,0,FALSE,FALSE,FALSE,FALSE,FALSE,2026-04-26,portal,131099
LS-03616,Douala,Logpom,apartment,3,2,94.6,26,4,FALSE,FALSE,FALSE,FALSE,FALSE,2025-08-06,agency,160300
LS-03512,Yaounde,Mvan,duplex,1,2,63.2,0,0,TRUE,FALSE,TRUE,FALSE,FALSE,22/04/2026,agency,107495
LS-01521,Douala,Bonanjo,apartment,2,1,72.2,20,1,TRUE,FALSE,FALSE,FALSE,FALSE,2026-01-27,portal,247727
LS-01840,Yaounde,Biyem-Assi,studio,1,1,58.7,10,3,FALSE,FALSE,FALSE,FALSE,FALSE,2026-03-23,agency,112663
LS-00096,Douala,PK14,duplex,2,3,73.7,23,0,FALSE,FALSE,FALSE,FALSE,FALSE,2025-12-03,agency,110383
LS-02676,Yaounde,Golf,chambre moderne,1,2,27.5,0,1,FALSE,FALSE,TRUE,TRUE,FALSE,2025-10-06,informal,81646
LS-04843,Douala,Makepe,apartment,2,1,82.1,17,1,FALSE,TRUE,FALSE,FALSE,TRUE,2025-11-23,informal,181133
LS-01105,Yaounde,Bastos,duplex,2,1,78.8,7,1,TRUE,TRUE,TRUE,TRUE,FALSE,2025-11-11,informal,
LS-04520,Yaounde,Omnisport,villa,2,1,70.6,3,1,FALSE,FALSE,FALSE,FALSE,TRUE,01/11/2025,agency,276995
LS-01522,Yaounde,Mvog-Betsi,apartment,2,2,59.9,20,0,no,TRUE,FALSE,TRUE,FALSE,2025-10-23,informal,
LS-03776,Yaounde,Mvan,chambre moderne,2,3,60.7,0,1,FALSE,FALSE,FALSE,FALSE,FALSE,2026-01-31,agency,221162
LS-04832,Douala,Deido,apartment,3,3,122.4,26,4,no,FALSE,TRUE,TRUE,FALSE,2025-09-25,informal,
LS-04448,Douala,Makepe,apartment,1,1,52.3,1,1,TRUE,TRUE,TRUE,TRUE,FALSE,2026-04-02,agency,159252
LS-01681,Yaounde,Mvan,chambre moderne,1,1,37.6,21,1,FALSE,FALSE,TRUE,FALSE,FALSE,2025-08-04,portal,"53,754"
LS-01421,Douala,Bonanjo,apartment,2,2,41.3,11,0,FALSE,TRUE,FALSE,FALSE,TRUE,2026-03-24,agency,221841
LS-03719,Douala,Deido,apartment,2,2,74.6,32,3,FALSE,TRUE,FALSE,FALSE,FALSE,2026-05-17,agency,192545
LS-00303,Yaounde,Nsam,studio,3,4,94.6,0,0,FALSE,FALSE,FALSE,FALSE,FALSE,2025-10-27,agency,268410
LS-00968,Douala,Ndokoti,chambre moderne,2,2,69.1,26,4,FALSE,FALSE,FALSE,FALSE,FALSE,2025-09-01,agency,151994
LS-02954,Yaounde,Mendong,apartment,4,3,134.4,26,4,no,TRUE,TRUE,FALSE,TRUE,2026-02-20,agency,369722
LS-00915,Douala,PK14,villa,4,3,123.4,11,4,FALSE,FALSE,FALSE,FALSE,FALSE,2026-04-24,agency,272816
LS-03597,Yaounde,Biyem-Assi,villa,1,2,45.6,18,1,FALSE,FALSE,FALSE,FALSE,FALSE,2025-11-20,portal,74569
LS-02386,Douala,Bonamoussadi,chambre moderne,2,1,69.0,30,3,FALSE,FALSE,FALSE,FALSE,FALSE,2026-05-21,portal,154315
LS-01558,Yaounde,Nkolbisson,villa,1,1,47.1,25,0,FALSE,TRUE,TRUE,FALSE,FALSE,2025-07-04,agency,75074
LS-06025,Douala,Bonaberi,villa,4,3,128.7,8,1,FALSE,FALSE,FALSE,TRUE,FALSE,2026-06-14,agency,524770
LS-00247,Yaounde,Emana,villa,2,3,73.1,24,0,FALSE,FALSE,FALSE,FALSE,FALSE,2025-07-01,informal,118573
LS-05855,Yaounde,Bastos,apartment,2,2,85.1,2,1,TRUE,TRUE,TRUE,TRUE,TRUE,2026-08-20,informal,448747
LS-05458,Yaounde,Emana,apartment,2,2,66.1 m2,3,1,TRUE,FALSE,FALSE,FALSE,FALSE,2026-05-06,agency,141879
LS-05628,Douala,Akwa,apartment,4,3,129.5,14,2,FALSE,TRUE,FALSE,FALSE,FALSE,2026-02-11,portal,523763
LS-00909,Yaounde,Mendong,apartment,0,1,22.4,25,1,FALSE,FALSE,TRUE,FALSE,FALSE,2026-05-24,agency,56076
LS-05346,Yaounde,Nkolbisson,studio,4,3,111.0,35,4,FALSE,FALSE,FALSE,FALSE,FALSE,2026-08-22,informal,164877
LS-00197,Yaounde,Nsam,studio,4,3,123.6 m2,8,1,FALSE,TRUE,FALSE,FALSE,FALSE,2025-11-01,agency,226537
LS-05605,Douala,Ndokoti,apartment,2,3,94.8,18,1,TRUE,FALSE,FALSE,FALSE,FALSE,2026-01-23,agency,213593
LS-03250,Douala,Bonaberi,duplex,0,1,14.9,15,1,FALSE,FALSE,FALSE,FALSE,FALSE,21/07/2026,agency,60738
LS-05433,Douala,New Bell,apartment,3,2,76.0,26,2,FALSE,TRUE,FALSE,TRUE,FALSE,2025-08-21,portal,134872
LS-01173,Yaounde,Mendong,duplex,1,2,30.5,5,2,FALSE,TRUE,TRUE,FALSE,FALSE,2026-06-29,informal,
LS-00987,Yaounde,Emana,apartment,2,1,81.0,6,3,FALSE,FALSE,FALSE,FALSE,FALSE,2026-02-13,agency,91450
LS-03165,Douala,Bepanda,apartment,2,3,77.9,22,1,TRUE,FALSE,TRUE,FALSE,FALSE,2026-03-28,agency,171814
LS-05858,Yaounde,Golf,duplex,1,1,54.8,21,0,TRUE,FALSE,TRUE,FALSE,FALSE,2025-10-01,agency,112275
LS-01630,Yaounde,Bastos,apartment,2,2,85.2,25,0,TRUE,TRUE,TRUE,TRUE,FALSE,2026-05-07,portal,368982
LS-02771,Douala,PK14,duplex,1,2,57.7,18,0,FALSE,TRUE,FALSE,FALSE,TRUE,2026-02-08,informal,71920
LS-03490,Douala,Akwa,villa,1,2,19.2,12,4,FALSE,FALSE,FALSE,FALSE,FALSE,02/10/2025,portal,94657
LS-04221,Douala,PK14,apartment,4,2,139.0,28,3,FALSE,TRUE,TRUE,FALSE,FALSE,2025-07-09,informal,308489
LS-02125,Douala,Deido,villa,1,2,28.2,0,3,FALSE,TRUE,TRUE,TRUE,FALSE,2025-09-07,portal,108213
LS-05864,Douala,Bonapriso,studio,1,1,39.5,18,1,FALSE,FALSE,TRUE,FALSE,FALSE,2026-05-11,portal,125239
LS-02157,Douala,Logpom,studio,3,3,89.0,0,0,FALSE,FALSE,TRUE,FALSE,FALSE,2025-11-02,portal,316409
LS-05929,Douala,Bepanda,studio,4,4,145.6,16,3,FALSE,FALSE,FALSE,FALSE,FALSE,2025-12-25,portal,584660
LS-00089,Douala,Ndokoti,villa,5,3,155.1 m2,27,3,TRUE,FALSE,FALSE,FALSE,FALSE,2026-01-13,agency,"542,244"
LS-01905,Yaounde,Golf,studio,1,2,56.9,27,1,FALSE,FALSE,TRUE,TRUE,FALSE,2026-04-04,informal,
LS-04136,Yaounde,Etoudi,apartment,1,1,41.1,18,0,FALSE,FALSE,TRUE,FALSE,FALSE,13/08/2026,portal,"106,049"
LS-00455,Douala,Bonapriso,duplex,1,1,35.5,11,0,TRUE,FALSE,FALSE,TRUE,TRUE,03/02/2026,agency,302459
LS-00254,Yaounde,Omnisport,apartment,0,1,14.0,2,1,FALSE,FALSE,FALSE,TRUE,FALSE,2026-04-14,informal,73627
LS-04316,Douala,Bonaberi,studio,3,2,91.4,19,3,FALSE,FALSE,FALSE,FALSE,TRUE,2026-01-04,agency,289882
LS-06071,Yaounde,Biyem-Assi,duplex,4,3,133.7,0,4,FALSE,TRUE,FALSE,FALSE,FALSE,2026-01-28,portal,511851
LS-05907,Yaounde,Nsam,duplex,2,1,77.6,11,1,FALSE,FALSE,FALSE,FALSE,FALSE,2025-11-26,agency,143120
LS-01612,Yaounde,Omnisport,villa,3,3,93.5,28,4,TRUE,TRUE,TRUE,FALSE,FALSE,2025-12-03,agency,390731
LS-01279,Douala,Bepanda,duplex,3,2,108.2,25,0,FALSE,FALSE,TRUE,FALSE,FALSE,2026-06-27,agency,272869
LS-00975,Douala,Deido,apartment,3,3,101.6,4,3,TRUE,FALSE,TRUE,FALSE,FALSE,2026-04-08,informal,
LS-03882,Yaounde,Nsam,studio,2,2,83.3,12,0,FALSE,FALSE,TRUE,FALSE,TRUE,2026-07-07,agency,154438
LS-05234,Douala,Bonaberi,villa,0,1,35.1,21,3,FALSE,FALSE,FALSE,FALSE,FALSE,2026-01-19,informal,53015
LS-02961,Yaounde,Emana,duplex,2,3,80.0,5,1,FALSE,FALSE,FALSE,FALSE,FALSE,2026-08-01,agency,179061
LS-02252,Douala,Bonanjo,apartment,2,2,80.8,20,4,FALSE,TRUE,TRUE,TRUE,FALSE,2025-07-06,portal,238886
LS-00607,Yaounde,Bastos,duplex,2,1,75.3,25,1,TRUE,TRUE,TRUE,TRUE,TRUE,2025-12-24,agency,219497
LS-04138,Yaounde,Mvan,apartment,1,2,68.0,3,3,FALSE,TRUE,TRUE,FALSE,FALSE,2026-06-13,portal,143706
LS-03071,Douala,Makepe,duplex,1,2,55.8,0,3,FALSE,FALSE,TRUE,TRUE,FALSE,2025-12-14,portal,124246
LS-03147,Yaounde,Omnisport,apartment,0,1,18.2 m2,24,1,TRUE,TRUE,TRUE,TRUE,FALSE,2026-05-17,agency,103560
LS-04863,Douala,Ndokoti,apartment,3,4,96.1,11,4,FALSE,FALSE,TRUE,FALSE,FALSE,08/02/2026,informal,146066
LS-00346,Yaounde,Mendong,chambre moderne,5,4,168.6,23,1,FALSE,FALSE,FALSE,FALSE,FALSE,2025-10-05,portal,677003
LS-02752,Yaounde,Biyem-Assi,apartment,0,1,38.5,23,0,TRUE,TRUE,FALSE,FALSE,FALSE,2025-10-31,agency,42484
LS-02414,Douala,Makepe,chambre moderne,1,1,46.0 m2,15,0,FALSE,FALSE,FALSE,FALSE,FALSE,2026-07-01,portal,110003
LS-03080,Yaounde,Mvan,villa,3,3,86.6,4,1,TRUE,TRUE,TRUE,FALSE,TRUE,2026-08-22,informal,209641
LS-01141,Yaounde,Mvog-Betsi,apartment,1,2,46.7,21,1,FALSE,TRUE,FALSE,FALSE,FALSE,2025-12-17,portal,76996
LS-02677,Douala,Bonamoussadi,villa,3,3,91.9,18,0,TRUE,FALSE,TRUE,FALSE,TRUE,2026-06-21,portal,194499
LS-05571,Douala,Bonapriso,apartment,0,1,14.2,11,1,yes,TRUE,TRUE,TRUE,TRUE,2025-11-13,portal,"129,993"
LS-04273,Yaounde,Omnisport,studio,2,1,75.5,27,0,TRUE,FALSE,TRUE,FALSE,FALSE,2026-04-11,portal,230200
LS-05794,Yaounde,Etoudi,apartment,2,2,78.5,10,1,FALSE,FALSE,TRUE,FALSE,FALSE,2026-02-10,informal,
LS-06037,Yaounde,Etoudi,apartment,5,3,134.7,8,2,TRUE,TRUE,FALSE,FALSE,FALSE,2025-10-18,agency,457882
LS-03120,Yaounde,Mvog-Betsi,villa,1,2,65.5,31,3,TRUE,TRUE,FALSE,FALSE,TRUE,2026-02-16,portal,127343
LS-05211,Douala,Deido,chambre moderne,1,1,36.6,16,3,TRUE,FALSE,TRUE,FALSE,FALSE,2026-04-30,portal,75318
LS-01602,Yaounde,Omnisport,apartment,0,1,14.0,6,1,TRUE,TRUE,TRUE,FALSE,FALSE,2025-07-14,informal,
LS-00773,Yaounde,Mimboman,studio,2,2,68.2,11,0,FALSE,FALSE,FALSE,FALSE,FALSE,2026-05-16,informal,113710
LS-00109,Douala,Akwa,apartment,3,3,107.0,16,0,TRUE,FALSE,TRUE,FALSE,TRUE,2026-02-16,agency,403747
LS-02513,Douala,Makepe,studio,4,3,118.5,20,2,FALSE,FALSE,TRUE,FALSE,FALSE,2026-05-31,agency,264249
LS-03286,Douala,PK14,duplex,2,1,61.8 m2,18,0,FALSE,FALSE,TRUE,FALSE,FALSE,2026-06-02,portal,109359
LS-02554,Douala,Ndokoti,apartment,3,2,107.4,13,3,FALSE,FALSE,TRUE,FALSE,TRUE,2025-09-21,agency,356874
LS-03806,Yaounde,Mimboman,apartment,2,3,83.7,10,1,FALSE,FALSE,FALSE,FALSE,FALSE,2026-01-05,agency,107717
LS-00629,Yaounde,Mvan,apartment,2,2,64.6,19,0,TRUE,FALSE,TRUE,TRUE,FALSE,2025-09-30,portal,133365
LS-03054,Douala,Makepe,chambre moderne,1,2,49.1,41,4,TRUE,FALSE,TRUE,FALSE,FALSE,2025-08-22,portal,109189
LS-04690,Douala,Akwa,apartment,2,2,72.1 m2,30,1,TRUE,FALSE,TRUE,TRUE,FALSE,2026-07-22,portal,130883
LS-02939,Douala,Akwa,apartment,3,3,93.8,9,1,TRUE,TRUE,TRUE,FALSE,TRUE,2026-06-24,agency,416181
LS-05376,Douala,New Bell,apartment,3,2,90.6,11,3,FALSE,FALSE,TRUE,FALSE,FALSE,2025-09-11,informal,
LS-04100,Douala,New Bell,studio,2,2,46.0,19,2,TRUE,FALSE,TRUE,FALSE,FALSE,2026-05-19,informal,
LS-05951,Douala,PK14,apartment,2,3,92.7,18,0,FALSE,FALSE,FALSE,FALSE,FALSE,2026-03-02,agency,146094
LS-01482,Yaounde,Omnisport,apartment,2,2,76.3,14,0,FALSE,FALSE,TRUE,FALSE,FALSE,2026-01-12,agency,225415
LS-02061,Douala,Deido,apartment,3,3,85.0,14,4,FALSE,FALSE,TRUE,FALSE,FALSE,2025-10-02,agency,263737
LS-01717,Douala,Logpom,villa,1,1,55.1,21,0,FALSE,FALSE,TRUE,TRUE,FALSE,10/02/2026,agency,96147
LS-05006,Douala,Bonapriso,apartment,3,2,95.8,28,2,TRUE,TRUE,TRUE,TRUE,FALSE,29/11/2025,agency,535078
LS-02873,Douala,Ndokoti,apartment,1,1,56.0,22,4,FALSE,FALSE,FALSE,FALSE,FALSE,2026-02-12,portal,74878
LS-01006,Douala,Deido,villa,2,2,69.1,15,2,FALSE,TRUE,FALSE,FALSE,TRUE,2026-08-13,agency,198441
LS-02729,Yaounde,Bastos,duplex,1,2,41.9,10,1,FALSE,FALSE,TRUE,TRUE,FALSE,2025-11-10,informal,147679
LS-01959,Douala,Bepanda,chambre moderne,3,1,95.8,20,0,FALSE,FALSE,TRUE,FALSE,FALSE,2026-02-20,agency,126263
LS-04766,Douala,New Bell,villa,4,3,120.4,8,4,FALSE,FALSE,TRUE,FALSE,FALSE,2026-05-07,portal,469332
LS-00091,Yaounde,Emana,apartment,3,3,100.1,11,1,FALSE,TRUE,FALSE,FALSE,FALSE,2026-06-13,portal,124827
LS-01741,Douala,Ndokoti,apartment,3,4,104.9,10,0,TRUE,FALSE,TRUE,FALSE,FALSE,13/07/2025,portal,344018
LS-05583,Yaounde,Etoudi,apartment,2,3,57.5,18,2,TRUE,FALSE,TRUE,TRUE,FALSE,2026-08-02,agency,73959
LS-04323,Yaounde,Nsam,apartment,4,3,126.7,10,2,FALSE,FALSE,FALSE,FALSE,FALSE,21/04/2026,informal,
LS-00251,Yaounde,Etoudi,apartment,2,1,89.1,4,0,TRUE,FALSE,FALSE,FALSE,FALSE,2026-06-21,agency,195359
LS-00190,Douala,Makepe,apartment,2,1,74.8,32,0,TRUE,FALSE,FALSE,FALSE,FALSE,2026-08-13,agency,131156
LS-04287,Douala,Bonamoussadi,chambre moderne,4,3,130.7,12,1,TRUE,FALSE,FALSE,FALSE,FALSE,12/07/2026,informal,
LS-01349,Douala,PK14,duplex,1,2,36.9,4,1,FALSE,FALSE,FALSE,FALSE,FALSE,2025-12-08,portal,46447
LS-03926,Yaounde,Etoudi,apartment,5,5,157.0,8,2,FALSE,FALSE,FALSE,FALSE,FALSE,2026-08-18,informal,
LS-04479,Yaounde,Emana,apartment,1,1,66.1,3,0,FALSE,FALSE,TRUE,FALSE,FALSE,2025-11-07,agency,73637
LS-03573,Douala,New Bell,apartment,3,2,88.6,8,0,FALSE,FALSE,FALSE,FALSE,TRUE,2025-08-22,informal,195177
LS-02930,Yaounde,Mendong,apartment,1,2,40.8,3,2,TRUE,FALSE,FALSE,TRUE,FALSE,2025-10-04,informal,109235
LS-03665,Douala,Akwa,studio,1,2,47.6,0,1,TRUE,FALSE,TRUE,FALSE,TRUE,2026-05-09,agency,204222
LS-01852,Douala,New Bell,villa,1,1,48.9,15,0,FALSE,FALSE,TRUE,FALSE,FALSE,2026-03-28,agency,60734
LS-04316,Douala,Bonaberi,studio,3,2,91.4,19,3,FALSE,FALSE,FALSE,FALSE,TRUE,2026-01-04,agency,289882
LS-03577,Yaounde,Mvan,villa,1,2,55.4,4,2,FALSE,FALSE,FALSE,FALSE,FALSE,2026-07-01,agency,117339
LS-00726,Douala,Makepe,apartment,2,2,69.7,12,1,TRUE,FALSE,TRUE,FALSE,FALSE,2026-07-01,agency,111843
LS-02886,Yaounde,Nsam,duplex,3,2,108.0,13,4,FALSE,TRUE,TRUE,FALSE,FALSE,2025-11-04,portal,260059
LS-05696,Douala,Ndokoti,villa,4,4,131.6,5,1,TRUE,TRUE,TRUE,FALSE,FALSE,2025-07-08,agency,294307
LS-00712,Douala,Ndokoti,chambre moderne,1,2,51.9,3,0,TRUE,FALSE,FALSE,FALSE,TRUE,2025-12-07,portal,130089
LS-06200,Douala,Ndokoti,duplex,3,2,103.0 m2,25,2,FALSE,TRUE,FALSE,FALSE,FALSE,2025-12-30,agency,330520
LS-05786,Douala,Bonamoussadi,apartment,1,1,64.9,10,1,FALSE,TRUE,TRUE,FALSE,FALSE,2026-04-15,agency,138448
LS-04120,Yaounde,Omnisport,duplex,0,1,32.2,18,1,FALSE,TRUE,TRUE,FALSE,FALSE,2025-08-16,informal,73427
LS-00136,Douala,New Bell,chambre moderne,3,3,109.7,19,4,FALSE,TRUE,FALSE,FALSE,TRUE,2025-07-21,portal,247691
LS-05422,Douala,Akwa,apartment,2,1,73.5,6,1,TRUE,FALSE,TRUE,TRUE,TRUE,28/07/2025,informal,
LS-03865,Douala,Bepanda,studio,2,3,81.3,0,1,FALSE,TRUE,TRUE,FALSE,FALSE,2026-05-02,agency,195487
LS-01282,Yaounde,Bastos,apartment,2,3,69.7,22,0,TRUE,TRUE,TRUE,TRUE,FALSE,2026-04-16,portal,143676
LS-02525,Douala,PK14,villa,2,1,60.9,10,4,FALSE,FALSE,TRUE,FALSE,FALSE,2025-09-04,portal,72579
LS-03152,Yaounde,Bastos,apartment,1,2,47.2,21,0,TRUE,TRUE,TRUE,TRUE,FALSE,2026-04-14,agency,243263
LS-05684,Yaounde,Golf,studio,2,1,85.7,14,3,FALSE,FALSE,TRUE,FALSE,FALSE,2025-11-27,agency,286736
LS-01830,Yaounde,Mimboman,chambre moderne,1,2,44.1,23,3,FALSE,FALSE,FALSE,FALSE,TRUE,2026-06-11,portal,56202
LS-02640,Yaounde,Etoudi,duplex,1,2,38.5,19,2,TRUE,TRUE,FALSE,FALSE,FALSE,2026-01-18,agency,118757
LS-06170,Yaounde,Bastos,apartment,1,2,55.8,24,1,TRUE,TRUE,FALSE,TRUE,FALSE,30/12/2025,portal,194684
LS-02662,Yaounde,Mvog-Betsi,chambre moderne,3,2,92.4,17,4,FALSE,FALSE,FALSE,FALSE,FALSE,2026-08-16,portal,266018
LS-05144,Yaounde,Biyem-Assi,apartment,1,1,34.4,14,1,FALSE,FALSE,FALSE,FALSE,TRUE,01/10/2025,portal,75822
LS-00498,Douala,Bepanda,duplex,3,2,79.3,9,1,TRUE,FALSE,TRUE,FALSE,FALSE,2025-10-01,portal,143682
LS-04996,Yaounde,Mimboman,apartment,3,2,111.9,23,0,TRUE,FALSE,FALSE,FALSE,FALSE,2026-01-02,informal,
LS-02856,Yaounde,Nkolbisson,studio,1,1,44.0,8,4,FALSE,FALSE,FALSE,TRUE,FALSE,2026-05-23,portal,57237
LS-00186,Yaounde,Biyem-Assi,chambre moderne,2,1,73.5,0,1,yes,TRUE,FALSE,FALSE,FALSE,2026-03-05,informal,159337
LS-00756,Douala,Logpom,chambre moderne,3,2,103.7,25,1,TRUE,TRUE,TRUE,FALSE,FALSE,2026-08-07,agency,508738
LS-02956,Yaounde,Nkolbisson,villa,1,1,30.3,15,4,FALSE,FALSE,FALSE,FALSE,FALSE,2025-11-04,portal,60860
LS-04160,Yaounde,Mvog-Betsi,chambre moderne,0,1,14.0,28,1,FALSE,FALSE,FALSE,FALSE,TRUE,2025-09-18,agency,67076
LS-04328,Douala,Ndokoti,apartment,3,2,100.0,17,2,FALSE,TRUE,TRUE,FALSE,FALSE,2026-08-03,informal,
LS-00503,Douala,Bonapriso,chambre moderne,2,3,65.6,19,0,FALSE,FALSE,TRUE,TRUE,FALSE,21/09/2025,agency,283019
LS-01271,Yaounde,Omnisport,chambre moderne,3,3,106.9,0,0,TRUE,TRUE,TRUE,FALSE,TRUE,03/05/2026,agency,601965
LS-02600,Douala,PK14,apartment,3,3,103.6,14,0,TRUE,FALSE,FALSE,FALSE,FALSE,2026-06-17,portal,219983
LS-02619,Douala,Makepe,chambre moderne,0,1,32.0,8,4,FALSE,FALSE,TRUE,FALSE,FALSE,15/11/2025,agency,80728
LS-02499,Douala,Akwa,apartment,3,3,108.1,23,1,FALSE,TRUE,TRUE,FALSE,FALSE,2026-03-29,agency,281077
LS-01543,Yaounde,Mendong,villa,0,1,14.0,9,1,FALSE,FALSE,TRUE,FALSE,FALSE,2025-10-11,agency,32524
LS-00961,Douala,Bonapriso,duplex,2,2,80.0,4,0,FALSE,TRUE,TRUE,TRUE,TRUE,2026-04-06,portal,257038
LS-04166,Douala,Akwa,duplex,3,3,103.5,15,0,TRUE,FALSE,FALSE,FALSE,FALSE,2026-07-10,agency,350730
LS-04158,Douala,Bonamoussadi,chambre moderne,1,2,43.5,21,1,TRUE,FALSE,TRUE,FALSE,FALSE,2026-05-24,agency,116429
LS-03605,Yaounde,Mvog-Betsi,studio,1,2,49.0,6,1,TRUE,TRUE,FALSE,FALSE,FALSE,17/08/2025,portal,93304
LS-03101,Yaounde,Mvan,chambre moderne,1,1,33.3,4,3,FALSE,FALSE,FALSE,FALSE,FALSE,2026-03-25,agency,57160
LS-05998,Douala,Ndokoti,duplex,2,2,67.0,14,2,FALSE,FALSE,TRUE,FALSE,FALSE,24/11/2025,portal,136189
LS-00137,Yaounde,Biyem-Assi,apartment,2,1,87.1 m2,19,4,TRUE,FALSE,FALSE,FALSE,FALSE,2025-08-22,agency,189622
LS-01804,Yaounde,Mendong,duplex,2,2,65.4,12,3,FALSE,TRUE,FALSE,FALSE,FALSE,2025-11-04,agency,138139
LS-03445,Yaounde,Mvan,apartment,3,2,96.5,16,3,TRUE,TRUE,TRUE,FALSE,FALSE,2025-12-10,agency,"307,031"
LS-01297,Yaounde,Mvog-Betsi,duplex,2,2,81.2,5,1,FALSE,FALSE,TRUE,TRUE,FALSE,2026-03-08,agency,170935
LS-00921,Douala,Deido,villa,2,2,72.6,14,1,FALSE,FALSE,TRUE,FALSE,FALSE,2025-08-19,agency,172211
LS-04343,Douala,Bonanjo,apartment,5,3,172.1,6,3,no,TRUE,TRUE,TRUE,FALSE,2025-07-07,agency,1446357
LS-05070,Douala,New Bell,chambre moderne,3,1,119.6,24,0,FALSE,FALSE,FALSE,FALSE,FALSE,2025-09-11,portal,185444
LS-02500,Yaounde,Emana,apartment,1,1,45.9,1,4,FALSE,FALSE,FALSE,FALSE,FALSE,2026-05-20,agency,106136
LS-00523,Yaounde,Mvan,villa,1,2,55.3,25,1,FALSE,TRUE,FALSE,FALSE,FALSE,2025-12-11,portal,79139
LS-01191,Yaounde,Etoudi,studio,3,3,97.0,28,4,FALSE,FALSE,FALSE,FALSE,FALSE,2025-07-18,informal,
LS-04654,Douala,Bonanjo,chambre moderne,2,2,78.1,0,2,TRUE,TRUE,TRUE,FALSE,FALSE,2026-05-25,informal,312453
LS-03673,Yaounde,Omnisport,apartment,3,3,93.8,33,1,TRUE,FALSE,FALSE,FALSE,FALSE,2026-03-15,agency,258662
LS-01205,Douala,Bonamoussadi,studio,2,1,74.9,11,1,yes,FALSE,TRUE,TRUE,TRUE,2026-03-17,agency,234916
LS-02544,Yaounde,Etoudi,duplex,1,2,66.9,0,2,FALSE,FALSE,TRUE,FALSE,FALSE,2026-06-05,portal,144844
LS-01438,Yaounde,Mvan,chambre moderne,2,1,69.7,33,1,FALSE,TRUE,FALSE,FALSE,FALSE,2025-08-01,agency,118838
LS-00522,Yaounde,Biyem-Assi,apartment,2,2,68.3,4,1,TRUE,TRUE,TRUE,FALSE,FALSE,2026-01-03,portal,226790
LS-05076,Yaounde,Mvog-Betsi,duplex,4,3,126.3,0,0,FALSE,FALSE,FALSE,FALSE,FALSE,2026-07-28,informal,393962
LS-02978,Douala,Akwa,apartment,2,2,80.0,8,0,FALSE,TRUE,TRUE,TRUE,FALSE,2026-06-18,agency,274704
LS-06052,Douala,Bonamoussadi,chambre moderne,1,1,57.2,13,0,FALSE,TRUE,FALSE,TRUE,FALSE,2025-09-05,agency,95992
LS-03385,Yaounde,Golf,apartment,2,2,71.8,2,1,TRUE,FALSE,TRUE,FALSE,FALSE,22/08/2025,portal,247680
LS-02853,Douala,Akwa,chambre moderne,2,2,82.9,17,2,TRUE,FALSE,FALSE,FALSE,FALSE,2026-03-07,portal,140171
LS-01437,Douala,PK14,duplex,1,1,53.8,34,3,no,FALSE,TRUE,FALSE,FALSE,2026-05-28,agency,33496
LS-02756,Douala,Bonapriso,duplex,4,2,134.1,12,4,FALSE,TRUE,TRUE,TRUE,FALSE,2026-07-22,agency,1079089
LS-01433,Yaounde,Mvan,apartment,2,1,68.0,18,0,FALSE,FALSE,FALSE,FALSE,FALSE,2026-07-02,agency,101447
LS-02902,Yaounde,Etoudi,villa,1,1,55.4,23,0,TRUE,FALSE,FALSE,FALSE,TRUE,2026-07-31,agency,91462
LS-04908,Douala,Bonapriso,apartment,2,3,87.3,18,1,FALSE,FALSE,TRUE,TRUE,TRUE,2026-03-12,portal,200175
LS-05952,Douala,Akwa,chambre moderne,3,3,94.3,32,2,TRUE,TRUE,TRUE,FALSE,FALSE,2026-01-11,informal,317989
LS-01520,Douala,Bonaberi,villa,1,2,32.3,19,3,FALSE,FALSE,TRUE,FALSE,FALSE,21/02/2026,agency,"77,259"
LS-06154,Yaounde,Golf,apartment,2,2,78.8,25,2,TRUE,TRUE,FALSE,FALSE,TRUE,2025-09-02,agency,200109
LS-06005,Douala,Deido,apartment,2,2,76.7,11,1,FALSE,TRUE,FALSE,FALSE,FALSE,2026-07-06,informal,
LS-00037,Yaounde,Biyem-Assi,apartment,3,3,93.7,21,0,TRUE,TRUE,TRUE,FALSE,TRUE,2026-03-02,portal,394895
LS-04461,Douala,Deido,villa,3,3,89.8,23,0,TRUE,TRUE,FALSE,FALSE,FALSE,2026-08-13,agency,190145
LS-04451,Douala,Ndokoti,apartment,4,3,109.0,9,3,TRUE,TRUE,FALSE,FALSE,FALSE,2025-10-18,informal,324923
LS-01577,Douala,Bepanda,apartment,1,2,46.5,18,0,FALSE,TRUE,FALSE,TRUE,FALSE,2025-10-21,agency,51756
LS-02824,Yaounde,Omnisport,apartment,3,2,109.7,11,0,TRUE,FALSE,FALSE,FALSE,FALSE,2025-08-25,informal,300151
LS-01689,Douala,Bonaberi,apartment,4,3,114.3,31,0,FALSE,FALSE,TRUE,FALSE,FALSE,2026-08-13,agency,163338
LS-04510,Yaounde,Bastos,studio,1,2,57.7,33,3,yes,TRUE,TRUE,TRUE,FALSE,2025-07-12,portal,182925
LS-00570,Douala,Bonamoussadi,apartment,4,3,127.5,21,4,FALSE,TRUE,FALSE,FALSE,FALSE,2026-01-21,agency,"290,617"
LS-02222,Douala,Akwa,chambre moderne,3,1,100.9,15,4,FALSE,FALSE,FALSE,FALSE,TRUE,2025-07-02,agency,422302
LS-01573,Yaounde,Nkolbisson,apartment,2,2,82.4,14,1,FALSE,TRUE,FALSE,FALSE,FALSE,2025-11-10,informal,
LS-04677,Yaounde,Nkolbisson,apartment,2,3,82.8,0,4,FALSE,FALSE,FALSE,FALSE,FALSE,2026-04-10,agency,111033
LS-04569,Yaounde,Mimboman,duplex,4,4,149.1 m2,6,2,TRUE,FALSE,TRUE,FALSE,FALSE,09/12/2025,informal,613971
LS-03672,Douala,Deido,chambre moderne,1,2,52.3 m2,9,1,FALSE,TRUE,FALSE,FALSE,FALSE,2026-07-04,informal,
LS-02255,Yaounde,Emana,villa,2,2,64.4,12,0,FALSE,FALSE,TRUE,FALSE,FALSE,2025-07-11,portal,175046
LS-04671,Douala,Bonapriso,chambre moderne,4,3,125.8,3,4,TRUE,FALSE,TRUE,TRUE,TRUE,03/06/2026,informal,711876
LS-01174,Yaounde,Mvan,apartment,5,6,177.2,31,1,FALSE,TRUE,TRUE,FALSE,FALSE,12/12/2025,informal,388128
LS-04763,Douala,Bepanda,duplex,1,1,52.7,30,0,FALSE,FALSE,FALSE,TRUE,FALSE,2025-09-17,agency,54435
LS-05950,Yaounde,Etoudi,duplex,1,1,40.6,0,4,FALSE,FALSE,FALSE,FALSE,FALSE,2026-01-02,portal,71567
LS-04968,Douala,Bonapriso,studio,3,3,105.3,3,2,TRUE,FALSE,TRUE,TRUE,TRUE,2026-06-23,portal,920824
LS-00919,Douala,Akwa,villa,4,3,126.7,17,1,TRUE,FALSE,TRUE,FALSE,FALSE,2026-08-22,portal,642132
LS-05069,Yaounde,Omnisport,apartment,1,2,52.5,9,4,FALSE,TRUE,TRUE,TRUE,FALSE,2026-03-16,agency,225637
LS-02106,Douala,Bonanjo,villa,2,1,85.3,10,0,FALSE,TRUE,TRUE,FALSE,TRUE,2025-08-18,informal,277825
LS-00549,Douala,New Bell,apartment,1,2,77.8,0,3,FALSE,TRUE,TRUE,FALSE,FALSE,2026-05-24,agency,149823
LS-06018,Douala,Akwa,chambre moderne,1,1,39.0,21,2,TRUE,TRUE,TRUE,TRUE,FALSE,2026-02-28,informal,150744
LS-06131,Yaounde,Mimboman,apartment,3,2,112.1,24,3,FALSE,FALSE,FALSE,FALSE,FALSE,2025-11-30,agency,144301
LS-01919,Douala,Logpom,apartment,3,2,95.6 m2,2,0,FALSE,FALSE,TRUE,FALSE,TRUE,13/07/2026,portal,318944
LS-03130,Yaounde,Mvan,apartment,3,2,87.3,6,4,TRUE,FALSE,FALSE,FALSE,TRUE,2026-06-30,agency,"207,561"
LS-01825,Douala,Deido,duplex,3,2,128.0,7,3,no,FALSE,TRUE,FALSE,FALSE,2025-10-02,informal,494489
LS-04782,Douala,PK14,duplex,2,2,80.9,9,3,FALSE,FALSE,FALSE,FALSE,FALSE,2025-09-03,informal,
LS-03440,Yaounde,Mimboman,apartment,1,1,47.0,14,1,FALSE,FALSE,FALSE,FALSE,FALSE,2025-10-05,informal,46446
LS-00980,Yaounde,Nsam,studio,0,1,16.4,14,1,TRUE,TRUE,FALSE,TRUE,FALSE,2025-09-23,agency,50258
LS-05807,Yaounde,Golf,apartment,4,4,133.0,16,4,FALSE,TRUE,TRUE,TRUE,FALSE,2025-07-23,agency,873068
LS-05674,Yaounde,Bastos,apartment,2,2,90.0,16,1,FALSE,TRUE,TRUE,TRUE,TRUE,2026-05-11,agency,415553
LS-02161,Douala,New Bell,apartment,2,3,76.9,15,2,FALSE,FALSE,FALSE,FALSE,TRUE,2025-08-01,informal,85600
LS-02501,Douala,Makepe,studio,1,1,44.8,22,3,TRUE,TRUE,FALSE,FALSE,TRUE,2026-06-06,agency,107080
LS-01856,Douala,Logpom,chambre moderne,1,2,48.0,25,0,FALSE,FALSE,TRUE,FALSE,FALSE,17/05/2026,informal,107105
LS-01151,Yaounde,Mvan,studio,2,1,57.5,25,1,FALSE,FALSE,FALSE,FALSE,FALSE,2025-09-30,agency,77372
LS-00967,Yaounde,Mvog-Betsi,apartment,4,2,128.7,0,0,FALSE,FALSE,FALSE,TRUE,FALSE,2026-01-18,portal,672999
LS-05755,Yaounde,Biyem-Assi,apartment,2,2,73.8,28,2,FALSE,FALSE,FALSE,FALSE,FALSE,2025-08-23,portal,153378
LS-05312,Yaounde,Nsam,studio,2,2,62.2,0,1,FALSE,TRUE,TRUE,FALSE,FALSE,2025-08-28,agency,134246
LS-02528,Douala,Akwa,studio,2,3,74.4 m2,26,2,TRUE,FALSE,TRUE,TRUE,FALSE,2026-07-02,informal,209002
LS-01306,Douala,Logpom,apartment,3,2,100.4,12,0,FALSE,TRUE,TRUE,FALSE,FALSE,2025-12-27,agency,259697
LS-06046,Yaounde,Mvog-Betsi,duplex,1,2,47.5,13,0,FALSE,FALSE,FALSE,FALSE,FALSE,2026-03-02,agency,94868
LS-01696,Douala,New Bell,duplex,2,2,67.5,9,3,FALSE,FALSE,FALSE,FALSE,FALSE,2026-03-12,agency,134694
LS-01272,Yaounde,Mendong,studio,1,1,44.2,14,1,FALSE,FALSE,FALSE,FALSE,TRUE,2026-04-27,informal,144425
LS-05668,Yaounde,Etoudi,apartment,2,2,69.5,17,4,TRUE,TRUE,TRUE,TRUE,FALSE,2025-09-09,portal,105302
LS-05994,Yaounde,Bastos,chambre moderne,2,1,59.5,45,3,FALSE,TRUE,TRUE,FALSE,FALSE,2026-04-10,agency,222579
LS-05160,Douala,Bonapriso,duplex,3,3,93.6,0,0,FALSE,TRUE,TRUE,FALSE,FALSE,2026-04-10,agency,"423,906"
LS-01203,Douala,Ndokoti,apartment,1,2,61.4,21,1,FALSE,FALSE,FALSE,FALSE,FALSE,2026-05-22,agency,156092
LS-02145,Yaounde,Emana,apartment,3,3,97.1,6,2,TRUE,TRUE,TRUE,FALSE,FALSE,2025-12-25,agency,167290
LS-02171,Yaounde,Nsam,apartment,1,2,43.3,16,0,TRUE,FALSE,TRUE,FALSE,FALSE,2026-04-11,agency,"137,458"
LS-03971,Yaounde,Golf,apartment,1,2,16.7,0,0,TRUE,FALSE,TRUE,FALSE,FALSE,2025-12-17,agency,122843
LS-03515,Douala,PK14,villa,1,1,59.0,5,1,FALSE,FALSE,FALSE,FALSE,FALSE,2026-01-07,portal,96724
LS-00386,Douala,Bonanjo,chambre moderne,1,2,52.8,22,1,FALSE,TRUE,FALSE,FALSE,FALSE,2026-07-09,agency,"260,859"
LS-01195,Yaounde,Emana,duplex,4,3,122.8,19,0,FALSE,FALSE,FALSE,FALSE,FALSE,2025-12-19,portal,330072
LS-04018,Yaounde,Omnisport,duplex,4,3,142.1,1,1,FALSE,TRUE,FALSE,FALSE,FALSE,2026-08-17,informal,
LS-00564,Yaounde,Nkolbisson,apartment,5,3,150.2,20,0,FALSE,FALSE,FALSE,FALSE,FALSE,2026-04-05,agency,"358,896"
LS-02610,Douala,Bonamoussadi,duplex,1,2,55.4,16,1,FALSE,TRUE,FALSE,TRUE,FALSE,2025-10-26,agency,192887
LS-01971,Douala,Bonanjo,apartment,1,2,30.5,12,3,FALSE,TRUE,TRUE,FALSE,FALSE,29/09/2025,portal,111435
LS-01626,Douala,PK14,duplex,2,3,73.5,6,2,FALSE,TRUE,TRUE,FALSE,FALSE,2026-07-01,agency,164847
LS-04721,Yaounde,Omnisport,duplex,3,3,111.0,0,3,TRUE,TRUE,TRUE,FALSE,FALSE,2026-05-19,agency,275289
LS-06034,Douala,Bepanda,apartment,2,3,99.9,22,1,FALSE,FALSE,TRUE,FALSE,TRUE,30/03/2026,informal,327121
LS-02725,Douala,Bonapriso,chambre moderne,0,1,19.4,3,2,TRUE,TRUE,TRUE,TRUE,TRUE,2026-05-17,agency,137396
LS-05332,Douala,PK14,villa,4,3,122.3,31,0,FALSE,FALSE,TRUE,FALSE,FALSE,2026-03-22,informal,200974
LS-03697,Yaounde,Mvan,chambre moderne,2,2,80.3,16,0,FALSE,TRUE,TRUE,FALSE,FALSE,2026-05-17,agency,181530
LS-04503,Douala,Makepe,apartment,2,3,60.4,27,1,TRUE,FALSE,FALSE,TRUE,FALSE,29/11/2025,portal,133578
LS-04262,Douala,Bonamoussadi,studio,0,1,23.0,6,1,FALSE,TRUE,TRUE,FALSE,TRUE,2025-12-01,portal,105613
LS-02076,Yaounde,Nkolbisson,villa,2,1,83.7,14,3,no,FALSE,FALSE,FALSE,FALSE,2026-04-30,informal,142591
LS-05414,Yaounde,Etoudi,apartment,0,1,22.2,8,0,FALSE,FALSE,TRUE,FALSE,FALSE,2025-11-09,informal,83783
LS-02818,Douala,Bonapriso,apartment,2,2,54.4 m2,9,2,FALSE,FALSE,TRUE,FALSE,TRUE,2026-05-11,portal,"194,464"
LS-04177,Yaounde,Mimboman,villa,2,1,72.1,0,3,FALSE,FALSE,TRUE,FALSE,FALSE,2025-07-25,informal,129280
LS-03373,Yaounde,Biyem-Assi,apartment,2,2,74.6 m2,23,0,TRUE,FALSE,FALSE,FALSE,FALSE,2025-12-26,agency,132474
LS-04508,Yaounde,Golf,apartment,5,4,150.9,21,0,TRUE,FALSE,FALSE,FALSE,FALSE,2026-07-06,agency,437400
LS-01842,Douala,Ndokoti,apartment,2,2,85.1,8,3,FALSE,FALSE,FALSE,FALSE,FALSE,2025-07-20,agency,169442
LS-02789,Douala,PK14,chambre moderne,3,3,84.1,26,4,FALSE,FALSE,TRUE,FALSE,FALSE,2025-12-20,agency,104001
LS-05557,Douala,Deido,studio,2,3,78.6,24,1,FALSE,FALSE,FALSE,FALSE,TRUE,2026-08-17,agency,113080
LS-03472,Yaounde,Nsam,apartment,2,2,86.5,32,1,FALSE,FALSE,FALSE,FALSE,FALSE,2026-03-18,agency,131026
LS-03787,Douala,Bepanda,duplex,4,3,119.5,15,1,FALSE,FALSE,FALSE,FALSE,FALSE,2025-12-28,agency,205516
LS-04870,Yaounde,Etoudi,villa,2,2,73.8,19,0,TRUE,TRUE,TRUE,FALSE,FALSE,2026-07-21,informal,157955
LS-01172,Yaounde,Mvan,apartment,3,2,93.0,18,1,FALSE,FALSE,FALSE,FALSE,FALSE,2025-09-19,agency,235253
LS-00966,Douala,PK14,apartment,1,1,31.2,14,1,no,FALSE,TRUE,FALSE,FALSE,2025-08-24,agency,47066
LS-03537,Yaounde,Mvog-Betsi,studio,1,2,43.6,7,3,FALSE,TRUE,FALSE,TRUE,FALSE,2025-07-20,portal,123634
LS-02759,Douala,Logpom,apartment,2,2,75.7,9,1,FALSE,FALSE,TRUE,FALSE,FALSE,2026-03-14,portal,219963
LS-05591,Yaounde,Bastos,apartment,2,2,68.3,6,3,FALSE,TRUE,TRUE,FALSE,FALSE,2026-05-04,portal,212060
LS-04739,Yaounde,Mendong,duplex,1,1,27.7,27,2,FALSE,FALSE,FALSE,FALSE,FALSE,2026-08-12,informal,
LS-02975,Yaounde,Mendong,apartment,2,2,87.1,29,4,FALSE,FALSE,FALSE,FALSE,FALSE,2025-08-31,informal,100726
LS-03284,Douala,Bonaberi,apartment,2,2,82.2,9,1,FALSE,FALSE,TRUE,FALSE,FALSE,23/02/2026,portal,158350
LS-00702,Douala,Bonanjo,apartment,3,3,95.6,19,0,FALSE,TRUE,TRUE,FALSE,FALSE,20/02/2026,informal,261078
LS-01791,Yaounde,Nsam,studio,3,2,101.9,16,4,FALSE,FALSE,FALSE,TRUE,FALSE,17/02/2026,agency,160235
LS-05729,Douala,Logpom,duplex,1,1,46.6,9,0,TRUE,FALSE,TRUE,TRUE,FALSE,2026-04-23,agency,91639
LS-01866,Yaounde,Bastos,apartment,1,1,57.2 m2,18,1,no,TRUE,TRUE,TRUE,FALSE,2025-08-27,agency,206833
LS-05653,Yaounde,Mendong,apartment,3,2,106.3 m2,5,1,TRUE,FALSE,TRUE,FALSE,FALSE,2026-06-13,portal,165985
LS-01366,Yaounde,Bastos,apartment,2,1,100.2,7,0,yes,FALSE,TRUE,TRUE,FALSE,16/06/2026,agency,"420,288"
LS-04290,Yaounde,Nsam,chambre moderne,2,2,59.2,18,0,FALSE,TRUE,TRUE,FALSE,FALSE,2026-07-19,informal,122696
LS-01027,Douala,Deido,villa,2,2,68.6,19,0,FALSE,FALSE,FALSE,FALSE,FALSE,2026-02-01,agency,140149
LS-00945,Douala,Bonaberi,chambre moderne,3,3,97.2,7,3,FALSE,FALSE,TRUE,TRUE,FALSE,2025-11-29,agency,257246
LS-01518,Yaounde,Bastos,studio,2,1,75.6,16,1,TRUE,TRUE,TRUE,FALSE,FALSE,2026-08-23,agency,179193
LS-03556,Douala,Bepanda,chambre moderne,3,2,104.4,0,1,FALSE,FALSE,FALSE,TRUE,FALSE,2026-06-16,informal,
LS-03902,Douala,Bonaberi,apartment,1,2,37.7,38,0,FALSE,FALSE,TRUE,TRUE,FALSE,31/01/2026,portal,57786
LS-01354,Douala,Ndokoti,duplex,0,1,39.7,5,4,TRUE,FALSE,FALSE,FALSE,TRUE,2026-07-24,agency,97698
LS-05712,Yaounde,Mendong,apartment,2,3,50.6,5,1,FALSE,FALSE,FALSE,TRUE,FALSE,2026-05-29,informal,
LS-01898,Yaounde,Golf,apartment,2,2,87.5,52,0,FALSE,FALSE,TRUE,TRUE,FALSE,2026-01-22,agency,243444
LS-03667,Yaounde,Mendong,studio,2,1,87.4,18,0,no,FALSE,FALSE,FALSE,FALSE,2026-02-13,agency,197228
LS-05112,Yaounde,Emana,apartment,3,4,105.2,4,0,FALSE,FALSE,TRUE,FALSE,FALSE,2026-06-18,agency,354071
LS-05374,Yaounde,Mendong,studio,4,4,127.0,3,3,FALSE,FALSE,FALSE,FALSE,FALSE,2026-05-05,agency,265821
LS-02731,Douala,Bonanjo,chambre moderne,0,1,26.1,16,1,TRUE,FALSE,TRUE,TRUE,TRUE,2026-01-21,agency,188581
LS-02038,Yaounde,Bastos,duplex,4,3,128.7,28,0,FALSE,FALSE,TRUE,FALSE,FALSE,10/08/2026,informal,722278
LS-05627,Douala,New Bell,duplex,2,2,64.5,23,0,FALSE,TRUE,TRUE,FALSE,FALSE,2026-03-21,agency,104440
LS-02828,Douala,Logpom,apartment,2,2,81.9,17,1,FALSE,TRUE,FALSE,FALSE,FALSE,2026-08-17,portal,236383
LS-05185,Douala,Bonamoussadi,chambre moderne,1,2,27.1,12,0,no,FALSE,FALSE,FALSE,TRUE,2026-02-06,agency,"154,180"
LS-01031,Douala,Bonapriso,duplex,3,3,86.5,6,0,FALSE,FALSE,TRUE,FALSE,TRUE,2026-02-03,portal,468171
LS-05612,Douala,Makepe,studio,0,1,14.0,33,0,FALSE,FALSE,FALSE,FALSE,FALSE,2026-04-22,agency,62003
LS-03903,Douala,PK14,apartment,3,1,97.5,8,0,FALSE,FALSE,FALSE,FALSE,FALSE,2026-04-27,agency,115308
LS-03542,Douala,Bonapriso,apartment,1,2,51.4,11,0,FALSE,FALSE,TRUE,TRUE,FALSE,2026-08-19,agency,"144,765"
LS-00229,Yaounde,Golf,studio,1,1,31.7,12,0,FALSE,TRUE,FALSE,FALSE,FALSE,2026-06-16,informal,178159
LS-01240,Douala,Bepanda,apartment,0,1,14.0,6,2,FALSE,FALSE,FALSE,FALSE,FALSE,2026-02-01,portal,47788
LS-03812,Yaounde,Emana,duplex,2,3,80.9 m2,14,0,TRUE,FALSE,FALSE,FALSE,FALSE,2026-07-26,informal,124932
LS-04708,Douala,Deido,studio,1,1,53.5,15,1,FALSE,FALSE,FALSE,FALSE,FALSE,2025-11-07,agency,67637
LS-04495,Yaounde,Omnisport,apartment,3,2,105.2,10,0,FALSE,TRUE,TRUE,FALSE,FALSE,2026-06-11,agency,411187
LS-05968,Yaounde,Nkolbisson,apartment,1,2,59.8 m2,3,0,FALSE,FALSE,FALSE,FALSE,FALSE,2025-07-22,agency,125653
LS-05420,Yaounde,Nkolbisson,apartment,2,3,74.0,16,0,FALSE,FALSE,FALSE,FALSE,FALSE,2026-06-29,agency,123272
LS-04573,Yaounde,Mimboman,apartment,1,1,37.1,15,2,TRUE,FALSE,FALSE,FALSE,FALSE,2026-02-04,agency,72076
LS-02305,Douala,Bonanjo,studio,1,1,46.9 m2,12,0,FALSE,FALSE,TRUE,TRUE,FALSE,2026-05-17,agency,146977
LS-04488,Douala,Deido,apartment,3,2,117.8,9,4,FALSE,TRUE,FALSE,FALSE,FALSE,2026-02-12,agency,279409
LS-01886,Douala,Bonaberi,apartment,2,2,95.0,15,4,FALSE,FALSE,FALSE,TRUE,FALSE,2025-12-28,informal,252198
LS-00610,Yaounde,Nsam,apartment,3,3,105.4,0,3,FALSE,FALSE,FALSE,FALSE,FALSE,2025-07-24,portal,233470
LS-05238,Yaounde,Biyem-Assi,villa,2,2,68.8,12,2,FALSE,TRUE,FALSE,FALSE,FALSE,2026-07-25,informal,
LS-05710,Yaounde,Mendong,studio,3,3,99.6,0,4,FALSE,TRUE,FALSE,FALSE,FALSE,2025-08-23,agency,395379
LS-05355,Douala,Bepanda,studio,2,2,81.3,11,3,FALSE,FALSE,FALSE,FALSE,FALSE,2026-08-15,portal,167161
LS-04134,Yaounde,Mvog-Betsi,apartment,3,2,94.5 m2,0,1,FALSE,FALSE,FALSE,TRUE,FALSE,2025-09-17,informal,197182
LS-02182,Douala,Bepanda,apartment,1,2,54.1,17,3,FALSE,FALSE,TRUE,TRUE,FALSE,2025-08-17,agency,96255
LS-03651,Douala,Logpom,chambre moderne,0,1,14.0,22,1,TRUE,FALSE,TRUE,FALSE,FALSE,2025-10-11,portal,86581
LS-03319,Douala,Bonamoussadi,apartment,3,3,130.9,7,2,TRUE,TRUE,TRUE,FALSE,FALSE,2026-06-08,agency,"591,074"
LS-01894,Douala,Makepe,villa,1,1,56.3,15,3,TRUE,FALSE,FALSE,FALSE,FALSE,2025-07-10,agency,64457
LS-03583,Yaounde,Omnisport,studio,0,1,34.0,8,1,FALSE,TRUE,TRUE,TRUE,FALSE,2026-08-07,agency,108927
LS-00531,Yaounde,Mimboman,studio,4,4,141.4,12,2,FALSE,TRUE,FALSE,FALSE,FALSE,2025-07-07,agency,388677
LS-01303,Yaounde,Bastos,duplex,3,3,97.0,23,1,FALSE,FALSE,TRUE,TRUE,FALSE,2026-01-02,agency,314171
LS-04328,Douala,Ndokoti,apartment,3,2,100.0,17,2,FALSE,TRUE,TRUE,FALSE,FALSE,2026-08-03,informal,
LS-04724,Douala,Ndokoti,villa,3,1,114.2,28,1,TRUE,FALSE,FALSE,FALSE,FALSE,2025-09-15,informal,
LS-03104,Douala,PK14,villa,3,3,109.9,15,4,no,FALSE,FALSE,FALSE,FALSE,2026-06-04,portal,248723
LS-01765,Yaounde,Mendong,duplex,4,2,127.0,20,1,FALSE,TRUE,TRUE,FALSE,FALSE,2025-08-14,agency,361355
LS-02812,Douala,Akwa,chambre moderne,1,1,30.2,15,3,FALSE,TRUE,TRUE,FALSE,TRUE,2026-08-01,agency,164014
LS-02348,Yaounde,Golf,studio,2,3,73.2,11,0,FALSE,TRUE,TRUE,TRUE,FALSE,2025-07-22,portal,295021
LS-05510,Yaounde,Nsam,apartment,3,1,96.0,18,0,FALSE,TRUE,FALSE,FALSE,FALSE,2025-09-17,agency,167229
LS-02299,Douala,PK14,duplex,2,3,87.7,9,0,FALSE,TRUE,TRUE,FALSE,FALSE,2025-12-04,agency,123053
LS-04121,Yaounde,Emana,duplex,2,2,77.7,3,1,FALSE,FALSE,FALSE,FALSE,FALSE,2025-10-13,portal,132098
LS-05609,Douala,Bepanda,apartment,2,1,79.8,24,1,FALSE,FALSE,FALSE,FALSE,FALSE,2026-01-17,portal,170374
LS-00525,Douala,PK14,apartment,1,1,42.1,12,0,FALSE,FALSE,FALSE,FALSE,FALSE,2025-11-21,portal,60714
LS-05569,Douala,Bepanda,apartment,3,3,99.2,32,1,TRUE,FALSE,FALSE,FALSE,FALSE,2026-08-02,agency,162859
LS-04195,Douala,Bonamoussadi,apartment,1,1,57.1,4,1,FALSE,TRUE,TRUE,FALSE,FALSE,01/07/2026,agency,100582
LS-02851,Yaounde,Mvan,studio,5,4,128.2,8,2,no,FALSE,TRUE,FALSE,TRUE,2026-04-14,agency,378540
LS-00295,Yaounde,Mvog-Betsi,villa,1,2,52.6,20,3,FALSE,FALSE,FALSE,FALSE,FALSE,2025-11-21,agency,62575
LS-02123,Douala,Bepanda,chambre moderne,3,3,101.6,18,2,FALSE,FALSE,FALSE,FALSE,FALSE,2026-02-26,agency,178840
LS-04767,Douala,Akwa,apartment,1,1,45.1,29,1,FALSE,FALSE,TRUE,FALSE,FALSE,18/08/2026,agency,129745
LS-03144,Yaounde,Etoudi,apartment,3,2,103.5,38,2,FALSE,FALSE,TRUE,FALSE,FALSE,2026-02-14,informal,
LS-01051,Yaounde,Nsam,apartment,5,4,165.0 m2,1,1,FALSE,FALSE,FALSE,TRUE,FALSE,2026-02-24,agency,811937
LS-03652,Douala,PK14,studio,1,2,51.6,16,0,no,TRUE,FALSE,TRUE,FALSE,2025-11-16,portal,132645
LS-03884,Yaounde,Mendong,apartment,2,2,79.0,0,4,no,FALSE,FALSE,FALSE,FALSE,2025-10-04,agency,164482
LS-01906,Douala,PK14,chambre moderne,2,2,84.5,30,0,FALSE,FALSE,FALSE,FALSE,TRUE,2026-06-02,informal,
LS-03189,Douala,Akwa,chambre moderne,3,3,106.5,2,2,TRUE,FALSE,TRUE,FALSE,FALSE,2025-09-29,agency,560140
LS-01099,Yaounde,Biyem-Assi,chambre moderne,3,3,94.9,12,0,FALSE,FALSE,TRUE,FALSE,FALSE,18/02/2026,agency,153088
LS-00870,Douala,Akwa,chambre moderne,2,2,72.7,10,3,TRUE,FALSE,FALSE,TRUE,FALSE,2026-02-20,informal,204434
LS-02148,Yaounde,Etoudi,apartment,4,3,136.1,23,0,FALSE,FALSE,FALSE,FALSE,TRUE,2026-01-12,agency,318780
LS-00033,Douala,Logpom,apartment,0,1,20.1,14,3,TRUE,FALSE,TRUE,FALSE,FALSE,2026-01-15,agency,52088
LS-00976,Douala,Bepanda,villa,3,3,100.4,10,0,FALSE,TRUE,TRUE,FALSE,FALSE,2025-07-12,agency,239446
LS-02526,Yaounde,Nkolbisson,studio,3,3,101.1,28,1,FALSE,FALSE,TRUE,FALSE,FALSE,2026-05-16,informal,198924
LS-00729,Douala,Bonaberi,duplex,3,3,96.0,30,1,FALSE,FALSE,TRUE,TRUE,TRUE,2025-07-18,portal,"210,488"
LS-03550,Yaounde,Emana,chambre moderne,0,1,21.6,32,1,FALSE,FALSE,FALSE,FALSE,FALSE,2025-09-02,agency,41148
LS-05254,Yaounde,Emana,duplex,2,3,74.9,28,0,FALSE,FALSE,FALSE,FALSE,FALSE,2026-03-23,portal,143852
LS-01432,Yaounde,Mvan,duplex,0,1,14.0,11,3,FALSE,TRUE,FALSE,TRUE,FALSE,2026-03-23,agency,30732
LS-04295,Douala,Bonanjo,chambre moderne,3,2,99.7,29,0,FALSE,FALSE,TRUE,FALSE,FALSE,2026-05-24,informal,325864
LS-05061,Douala,Bonanjo,chambre moderne,3,2,92.2,8,0,FALSE,FALSE,TRUE,TRUE,FALSE,21/07/2026,agency,362054
LS-00547,Yaounde,Mvog-Betsi,duplex,4,4,139.3,10,2,yes,FALSE,FALSE,TRUE,FALSE,2025-12-29,agency,532131
LS-06061,Douala,PK14,chambre moderne,4,3,123.5,0,0,FALSE,FALSE,TRUE,TRUE,FALSE,2026-01-22,agency,331654
LS-05524,Yaounde,Biyem-Assi,villa,4,2,139.1,7,0,FALSE,FALSE,FALSE,FALSE,FALSE,17/06/2026,informal,474970
LS-00018,Yaounde,Emana,apartment,3,2,122.4,10,1,TRUE,FALSE,FALSE,FALSE,FALSE,2025-12-17,informal,"181,428"
LS-01024,Yaounde,Mimboman,chambre moderne,2,3,100.9,12,4,FALSE,FALSE,FALSE,FALSE,FALSE,2026-07-15,agency,159671
LS-03223,Douala,Bonamoussadi,duplex,2,1,67.0,10,1,FALSE,FALSE,FALSE,FALSE,TRUE,2026-08-16,informal,170716
LS-00298,Douala,Logpom,studio,2,2,76.3,3,0,FALSE,TRUE,TRUE,FALSE,FALSE,2026-06-01,agency,223928
LS-03359,Yaounde,Mvan,apartment,1,1,46.3,11,0,FALSE,FALSE,FALSE,TRUE,FALSE,2025-10-19,agency,110071
LS-03102,Douala,Akwa,chambre moderne,0,1,23.3,22,0,FALSE,FALSE,TRUE,TRUE,FALSE,11/07/2026,agency,60148
LS-06114,Yaounde,Mendong,apartment,2,2,61.1 m2,27,4,FALSE,TRUE,FALSE,FALSE,FALSE,07/09/2025,informal,96398
LS-03058,Yaounde,Omnisport,apartment,2,1,65.8 m2,14,4,TRUE,FALSE,FALSE,FALSE,FALSE,03/07/2025,agency,98791
LS-01752,Douala,Makepe,studio,1,1,49.4,10,3,FALSE,TRUE,FALSE,FALSE,FALSE,2026-05-12,informal,
LS-03526,Douala,PK14,villa,4,3,127.8,16,4,FALSE,TRUE,FALSE,FALSE,FALSE,2025-07-02,portal,292145
LS-01171,Yaounde,Etoudi,apartment,0,1,32.6,13,1,TRUE,TRUE,TRUE,FALSE,FALSE,2026-08-18,informal,85029
LS-04727,Yaounde,Golf,apartment,3,3,110.4,9,2,TRUE,FALSE,TRUE,TRUE,FALSE,2025-07-07,agency,427665
LS-02538,Douala,Bonamoussadi,apartment,3,2,109.8,16,4,TRUE,TRUE,TRUE,FALSE,FALSE,2026-03-13,informal,468238
LS-01152,Yaounde,Nkolbisson,villa,1,2,36.8,16,3,FALSE,FALSE,TRUE,FALSE,FALSE,2026-04-18,agency,67933
LS-03953,Yaounde,Omnisport,studio,4,3,126.4,24,0,FALSE,FALSE,TRUE,FALSE,FALSE,2025-12-22,agency,459909
LS-05559,Douala,Bonaberi,apartment,1,2,65.5,13,0,FALSE,FALSE,FALSE,TRUE,FALSE,28/03/2026,portal,158181
LS-05017,Douala,Bepanda,apartment,1,1,59.1,0,0,FALSE,FALSE,FALSE,FALSE,FALSE,2026-06-10,agency,"83,130"
LS-03841,Douala,Ndokoti,apartment,3,3,96.1,23,3,FALSE,FALSE,FALSE,TRUE,FALSE,2025-08-04,portal,224715
LS-00565,Yaounde,Mendong,apartment,4,2,113.8,12,3,FALSE,FALSE,TRUE,FALSE,FALSE,04/11/2025,informal,261197
LS-05671,Douala,Bepanda,apartment,0,1,38.7,6,0,FALSE,FALSE,FALSE,FALSE,FALSE,2025-09-08,agency,58767
LS-01034,Douala,PK14,studio,3,2,101.4,18,1,FALSE,FALSE,FALSE,FALSE,FALSE,2026-04-11,agency,121351
LS-05362,Douala,Bepanda,duplex,1,1,40.2,6,4,FALSE,TRUE,TRUE,FALSE,FALSE,2026-07-02,agency,88866
LS-05087,Douala,Bepanda,duplex,1,1,54.6,10,2,TRUE,TRUE,FALSE,FALSE,FALSE,2026-08-02,agency,77135
LS-05962,Douala,Bonamoussadi,villa,0,1,14.0,0,4,FALSE,TRUE,TRUE,FALSE,FALSE,2026-07-07,informal,104575
LS-01697,Douala,Akwa,chambre moderne,5,3,150.0,3,3,TRUE,TRUE,TRUE,FALSE,TRUE,2026-01-15,agency,749309
LS-04038,Douala,Bepanda,apartment,3,2,108.8,6,4,FALSE,TRUE,TRUE,FALSE,FALSE,08/08/2026,agency,215279
LS-03896,Yaounde,Mendong,apartment,3,3,101.0,0,0,TRUE,FALSE,FALSE,FALSE,FALSE,2026-05-01,agency,218656
LS-05946,Yaounde,Mvog-Betsi,villa,1,2,51.0,15,3,FALSE,FALSE,FALSE,FALSE,FALSE,2025-07-28,agency,50774
LS-04801,Yaounde,Etoudi,apartment,1,1,39.9 m2,16,0,TRUE,FALSE,FALSE,TRUE,FALSE,2025-09-21,agency,118615
LS-00478,Douala,New Bell,apartment,1,1,51.3,16,3,FALSE,TRUE,TRUE,FALSE,FALSE,20/07/2025,agency,84696
LS-04298,Douala,Bepanda,villa,5,4,153.0,30,4,TRUE,FALSE,FALSE,FALSE,FALSE,2025-12-12,agency,647030
LS-04925,Douala,Ndokoti,villa,2,3,88.6,19,0,FALSE,FALSE,FALSE,FALSE,FALSE,2025-09-05,agency,142990
LS-02152,Yaounde,Bastos,villa,3,3,91.8,11,3,TRUE,TRUE,TRUE,TRUE,TRUE,2026-06-19,informal,
LS-02450,Douala,Ndokoti,studio,2,3,53.8,21,1,FALSE,FALSE,TRUE,FALSE,FALSE,2026-03-14,portal,89519
LS-00400,Yaounde,Golf,apartment,5,2,157.1,6,3,FALSE,FALSE,TRUE,FALSE,FALSE,2026-04-07,agency,446829
LS-04649,Douala,Bepanda,apartment,3,3,120.1,18,0,TRUE,FALSE,TRUE,FALSE,FALSE,2026-06-17,portal,341723
LS-00284,Yaounde,Emana,studio,2,2,92.9 m2,7,1,FALSE,FALSE,FALSE,FALSE,FALSE,2026-04-01,agency,225256
LS-00785,Yaounde,Omnisport,apartment,4,2,110.5,10,2,FALSE,FALSE,TRUE,FALSE,FALSE,2025-08-13,agency,471983
LS-04536,Yaounde,Mendong,chambre moderne,3,3,113.3,14,1,FALSE,FALSE,FALSE,FALSE,FALSE,2026-01-22,informal,
LS-00375,Douala,New Bell,chambre moderne,1,2,40.9,7,4,FALSE,TRUE,FALSE,FALSE,FALSE,2026-04-06,informal,92896
LS-00992,Yaounde,Mimboman,apartment,1,1,37.6,15,4,FALSE,TRUE,FALSE,FALSE,FALSE,2026-08-08,agency,66804
LS-06082,Yaounde,Etoudi,villa,2,2,92.4,0,4,FALSE,FALSE,TRUE,TRUE,FALSE,2026-06-26,informal,176093
LS-05264,Yaounde,Mimboman,villa,1,1,24.4,35,2,FALSE,FALSE,FALSE,FALSE,FALSE,23/11/2025,informal,
LS-05837,Douala,Bepanda,apartment,2,2,74.7,14,1,FALSE,TRUE,FALSE,FALSE,FALSE,2026-07-06,agency,160312
LS-01073,Douala,Bonanjo,studio,0,1,14.0,16,1,TRUE,FALSE,TRUE,FALSE,TRUE,2026-04-07,portal,64801
LS-01091,Douala,Bonapriso,studio,0,1,30.7,8,3,TRUE,FALSE,FALSE,FALSE,FALSE,2025-08-25,agency,77312
LS-05793,Douala,Bonapriso,apartment,2,1,91.8,17,0,FALSE,FALSE,TRUE,TRUE,FALSE,2026-05-24,portal,296725
LS-05496,Douala,Bepanda,duplex,1,1,72.3,33,4,FALSE,FALSE,FALSE,FALSE,FALSE,31/05/2026,informal,77332
LS-06117,Yaounde,Nsam,chambre moderne,2,2,67.8,16,2,FALSE,FALSE,TRUE,FALSE,TRUE,2025-08-30,agency,"145,720"
LS-03361,Douala,Makepe,apartment,2,2,64.7,0,3,FALSE,FALSE,FALSE,TRUE,FALSE,2026-06-24,informal,141725
LS-06106,Douala,Ndokoti,villa,1,2,43.9,1,3,FALSE,FALSE,FALSE,FALSE,FALSE,2026-05-20,portal,102924
LS-00722,Yaounde,Mvog-Betsi,chambre moderne,1,1,41.5,15,0,no,FALSE,TRUE,FALSE,FALSE,2026-04-01,portal,132909
LS-03502,Douala,Deido,villa,2,2,60.8,27,0,FALSE,FALSE,FALSE,FALSE,TRUE,2026-02-25,agency,150140
LS-02584,Douala,Bonanjo,duplex,1,2,37.2,13,0,TRUE,TRUE,TRUE,TRUE,FALSE,2026-04-19,agency,175330
LS-01329,Yaounde,Mimboman,chambre moderne,1,2,58.7,15,0,FALSE,FALSE,FALSE,FALSE,FALSE,2026-04-06,agency,113019
LS-03815,Douala,Bonaberi,villa,1,1,42.3,1,1,TRUE,TRUE,TRUE,FALSE,FALSE,2026-04-18,agency,119207
LS-01529,Douala,Logpom,studio,5,3,155.0 m2,14,2,FALSE,FALSE,TRUE,FALSE,TRUE,2026-08-21,informal,"886,053"
LS-03348,Yaounde,Golf,chambre moderne,1,2,43.2,17,0,TRUE,FALSE,FALSE,FALSE,FALSE,2025-08-30,agency,132679
LS-02055,Douala,Logpom,apartment,3,2,115.8,9,3,FALSE,FALSE,TRUE,FALSE,TRUE,2025-12-01,agency,390236
LS-03141,Douala,Bepanda,apartment,3,1,93.1,0,0,FALSE,FALSE,FALSE,FALSE,FALSE,2025-09-13,informal,
LS-04298,Douala,Bepanda,villa,5,4,153.0,30,4,TRUE,FALSE,FALSE,FALSE,FALSE,2025-12-12,agency,647030
LS-03072,Yaounde,Mimboman,villa,3,2,107.4,15,1,FALSE,FALSE,FALSE,FALSE,FALSE,2026-02-11,portal,174469
LS-00054,Yaounde,Mvog-Betsi,studio,0,1,38.5,19,2,FALSE,FALSE,FALSE,FALSE,FALSE,2026-05-20,informal,77395
LS-00585,Yaounde,Nkolbisson,villa,2,2,68.3,14,0,FALSE,FALSE,FALSE,FALSE,FALSE,12/03/2026,informal,130661
LS-05074,Douala,PK14,duplex,1,1,62.2,15,3,TRUE,TRUE,FALSE,FALSE,FALSE,2026-01-27,agency,55618
LS-01092,Douala,Deido,apartment,0,1,14.0,2,2,FALSE,TRUE,TRUE,TRUE,TRUE,26/06/2026,informal,44942
LS-01259,Douala,Makepe,chambre moderne,3,3,121.1,7,0,FALSE,FALSE,TRUE,TRUE,FALSE,2025-09-22,agency,435337
LS-05450,Yaounde,Mendong,villa,2,2,76.9,10,1,FALSE,FALSE,FALSE,FALSE,TRUE,2026-05-24,agency,203095
LS-05260,Douala,Logpom,apartment,3,3,77.8,13,3,FALSE,FALSE,FALSE,FALSE,TRUE,18/03/2026,portal,199251
LS-02196,Douala,Bepanda,duplex,2,2,78.6,15,1,TRUE,FALSE,FALSE,FALSE,FALSE,2026-06-02,agency,161096
LS-06144,Yaounde,Mvog-Betsi,apartment,3,3,115.5,25,1,FALSE,TRUE,TRUE,FALSE,FALSE,2026-06-15,agency,329794
LS-02433,Douala,New Bell,apartment,1,1,51.3,0,0,TRUE,FALSE,FALSE,FALSE,FALSE,2026-04-14,agency,91929
LS-06089,Douala,Bonaberi,villa,4,3,128.1,0,0,FALSE,FALSE,FALSE,FALSE,TRUE,2026-04-24,agency,320741
LS-03164,Yaounde,Bastos,studio,2,2,64.0,21,2,TRUE,FALSE,TRUE,FALSE,TRUE,2025-08-20,portal,222461
LS-01982,Douala,Akwa,apartment,3,2,89.5,3,0,FALSE,TRUE,TRUE,FALSE,FALSE,2025-08-14,portal,403938
LS-04129,Douala,New Bell,apartment,2,1,74.9,14,1,FALSE,FALSE,FALSE,FALSE,FALSE,2025-09-09,agency,142099
LS-02648,Douala,Makepe,villa,1,1,49.6,13,2,FALSE,TRUE,TRUE,FALSE,FALSE,2026-04-20,portal,141973
LS-03363,Douala,Bonapriso,villa,2,3,60.8,15,1,FALSE,FALSE,FALSE,TRUE,FALSE,2026-03-29,agency,262749
LS-04417,Douala,Akwa,villa,3,1,123.9,0,0,TRUE,TRUE,FALSE,FALSE,FALSE,14/08/2025,agency,519388
LS-00506,Douala,New Bell,duplex,3,3,86.7,28,0,TRUE,FALSE,FALSE,FALSE,FALSE,2026-08-15,informal,147391
LS-04587,Douala,Bonaberi,villa,4,3,117.3,18,2,FALSE,TRUE,FALSE,FALSE,FALSE,2026-06-09,agency,496839
LS-00775,Yaounde,Mendong,chambre moderne,1,2,59.3,10,1,FALSE,FALSE,FALSE,FALSE,FALSE,2025-09-26,agency,124487
LS-04880,Yaounde,Mendong,duplex,4,3,123.9,12,4,FALSE,FALSE,TRUE,FALSE,FALSE,2025-12-04,informal,
LS-04256,Douala,Makepe,apartment,1,1,68.9,6,0,TRUE,FALSE,TRUE,TRUE,FALSE,2026-06-21,agency,"176,935"
LS-02742,Yaounde,Nsam,chambre moderne,3,3,87.4 m2,11,3,FALSE,FALSE,FALSE,FALSE,FALSE,2026-03-09,informal,168421
LS-04842,Douala,Akwa,studio,2,1,61.4,26,4,TRUE,FALSE,FALSE,TRUE,FALSE,2026-06-23,agency,"164,825"
LS-01611,Douala,Bonaberi,apartment,0,1,27.4,13,2,FALSE,FALSE,FALSE,TRUE,FALSE,2026-02-04,informal,53365
LS-02274,Douala,Logpom,studio,2,2,74.3 m2,0,1,FALSE,FALSE,FALSE,FALSE,TRUE,2025-09-30,portal,324107
LS-03427,Yaounde,Emana,apartment,3,3,107.3,18,0,FALSE,FALSE,FALSE,FALSE,FALSE,2025-12-05,informal,
LS-03140,Douala,Makepe,duplex,3,2,103.4,12,1,FALSE,TRUE,TRUE,TRUE,TRUE,15/07/2025,agency,334589
LS-00618,Yaounde,Bastos,studio,1,2,45.7,5,3,TRUE,FALSE,FALSE,TRUE,TRUE,2026-07-29,portal,222005
LS-05953,Douala,Bonapriso,villa,5,4,164.5,25,1,TRUE,TRUE,TRUE,FALSE,FALSE,2025-12-28,agency,760614
LS-04836,Yaounde,Omnisport,chambre moderne,0,1,38.6,0,1,TRUE,FALSE,FALSE,FALSE,TRUE,2025-10-31,agency,184524
LS-04829,Douala,PK14,villa,1,2,34.6,20,0,FALSE,FALSE,TRUE,TRUE,FALSE,2026-01-06,informal,
LS-05282,Yaounde,Mimboman,apartment,5,4,157.7,25,2,FALSE,FALSE,FALSE,FALSE,FALSE,2026-06-24,agency,617611
LS-05879,Yaounde,Bastos,apartment,2,3,71.4,11,0,FALSE,FALSE,FALSE,TRUE,FALSE,2026-03-09,agency,221860
LS-03826,Yaounde,Mendong,apartment,2,2,62.1,30,4,FALSE,TRUE,TRUE,TRUE,FALSE,2025-09-27,informal,
LS-04841,Douala,New Bell,duplex,3,2,89.3,32,1,TRUE,FALSE,TRUE,FALSE,FALSE,2025-09-01,portal,216944
LS-01662,Douala,Bonamoussadi,duplex,4,4,126.8,15,1,TRUE,FALSE,FALSE,TRUE,FALSE,2026-04-06,agency,487271
LS-01915,Douala,PK14,chambre moderne,1,2,46.5,16,1,no,FALSE,FALSE,FALSE,FALSE,2026-05-05,agency,83110
LS-03907,Douala,Bonamoussadi,chambre moderne,3,3,106.4 m2,9,1,FALSE,TRUE,TRUE,TRUE,FALSE,24/06/2026,agency,232903
LS-01540,Douala,Akwa,villa,5,4,161.6,0,2,FALSE,TRUE,TRUE,FALSE,TRUE,2026-03-27,portal,1512107
LS-02002,Douala,Bonaberi,apartment,5,3,149.1,21,3,TRUE,FALSE,TRUE,FALSE,FALSE,2026-06-24,informal,
LS-00912,Yaounde,Omnisport,chambre moderne,3,3,96.7,23,0,no,TRUE,FALSE,TRUE,FALSE,2026-02-18,agency,190197
LS-06125,Yaounde,Omnisport,chambre moderne,2,2,97.6,5,0,FALSE,FALSE,FALSE,FALSE,FALSE,2025-11-03,informal,239251
LS-03474,Douala,Akwa,duplex,2,2,74.9,25,0,TRUE,TRUE,FALSE,TRUE,FALSE,23/01/2026,agency,184405
LS-04844,Douala,Bonaberi,apartment,1,1,55.5,0,4,FALSE,FALSE,FALSE,FALSE,FALSE,16/01/2026,informal,
LS-02155,Douala,Bonaberi,villa,2,3,82.2,17,3,FALSE,TRUE,FALSE,FALSE,FALSE,2025-10-05,portal,128298
LS-05180,Yaounde,Emana,apartment,1,2,43.7,21,0,FALSE,FALSE,FALSE,FALSE,TRUE,2026-06-27,agency,70946
LS-02487,Douala,Makepe,chambre moderne,2,1,67.8,29,4,FALSE,FALSE,FALSE,FALSE,FALSE,23/07/2025,portal,124824
LS-00620,Yaounde,Emana,villa,3,2,104.9,21,2,FALSE,FALSE,TRUE,FALSE,FALSE,17/02/2026,agency,289643
LS-00418,Yaounde,Mendong,chambre moderne,3,3,89.8,21,0,FALSE,TRUE,FALSE,FALSE,FALSE,2025-10-01,agency,237613
LS-05949,Douala,Bonapriso,studio,2,2,69.3,11,3,TRUE,TRUE,TRUE,TRUE,TRUE,2025-10-24,agency,291349
LS-01069,Yaounde,Mvog-Betsi,duplex,1,1,58.8,10,4,FALSE,TRUE,TRUE,FALSE,FALSE,2025-08-23,agency,96121
LS-04609,Yaounde,Bastos,duplex,2,1,60.9,0,3,TRUE,TRUE,TRUE,FALSE,FALSE,2026-02-11,portal,305917
LS-04013,Yaounde,Mimboman,apartment,0,1,14.0,19,1,FALSE,FALSE,TRUE,FALSE,TRUE,2026-06-30,agency,"42,429"
LS-03780,Yaounde,Mvog-Betsi,studio,4,3,127.6,21,0,FALSE,FALSE,TRUE,FALSE,FALSE,2025-07-20,agency,607990
LS-01727,Yaounde,Mimboman,studio,2,3,53.9,5,1,FALSE,FALSE,FALSE,FALSE,FALSE,2026-08-16,agency,116466
LS-03422,Douala,Bonanjo,apartment,2,1,84.2,17,0,TRUE,TRUE,TRUE,TRUE,TRUE,2025-08-30,agency,328550
LS-02116,Douala,Bonaberi,chambre moderne,0,1,31.0,11,2,FALSE,FALSE,FALSE,FALSE,TRUE,2026-01-14,agency,"96,557"
LS-01952,Yaounde,Omnisport,studio,3,2,99.9,8,2,FALSE,FALSE,TRUE,FALSE,FALSE,2025-09-06,agency,255020
LS-02608,Douala,Deido,villa,1,1,58.5,25,0,FALSE,FALSE,FALSE,TRUE,FALSE,2026-02-14,informal,
LS-03860,Yaounde,Nkolbisson,duplex,2,2,46.4,0,0,FALSE,FALSE,TRUE,FALSE,FALSE,2025-12-09,agency,90909
LS-03803,Douala,Deido,apartment,4,4,127.4,2,0,TRUE,FALSE,TRUE,FALSE,FALSE,30/05/2026,agency,480676
LS-03607,Douala,Logpom,studio,2,2,69.6,20,4,FALSE,FALSE,TRUE,TRUE,FALSE,2025-08-09,agency,105749
LS-04268,Yaounde,Mvan,studio,1,2,45.8,25,1,TRUE,FALSE,FALSE,FALSE,TRUE,2025-09-30,agency,"66,769"
LS-01667,Douala,Bonaberi,chambre moderne,3,2,93.3,3,4,FALSE,TRUE,TRUE,FALSE,FALSE,2026-02-03,informal,
LS-02787,Douala,Akwa,studio,3,2,114.0,18,1,FALSE,FALSE,FALSE,FALSE,FALSE,2025-12-04,portal,450613
LS-00817,Douala,Bonamoussadi,apartment,1,2,43.2,20,0,TRUE,FALSE,TRUE,FALSE,FALSE,2026-03-30,informal,
LS-05294,Douala,New Bell,apartment,1,1,52.7,2,0,no,FALSE,FALSE,FALSE,FALSE,2025-08-10,informal,87078
LS-03024,Douala,Bepanda,studio,3,3,115.1,12,1,TRUE,TRUE,TRUE,FALSE,FALSE,2026-07-30,portal,248609
LS-04175,Douala,Bonamoussadi,chambre moderne,4,3,113.0,24,3,TRUE,FALSE,TRUE,FALSE,FALSE,2026-02-19,agency,504250
LS-04875,Douala,Bonaberi,duplex,2,3,79.4,17,0,TRUE,TRUE,FALSE,FALSE,FALSE,2025-12-17,agency,115744
LS-05199,Douala,PK14,apartment,3,2,95.8,16,1,FALSE,FALSE,FALSE,FALSE,FALSE,2026-03-08,agency,104839
LS-03188,Yaounde,Omnisport,duplex,2,3,86.1,16,0,TRUE,FALSE,TRUE,FALSE,FALSE,2026-04-13,informal,
LS-04986,Douala,Deido,studio,2,2,58.2,25,0,yes,FALSE,TRUE,FALSE,FALSE,2026-03-02,portal,146925
LS-03954,Douala,Bonanjo,villa,1,2,41.1,19,0,TRUE,FALSE,TRUE,TRUE,TRUE,2026-03-29,agency,181580
LS-05196,Douala,PK14,apartment,2,2,82.5,22,4,FALSE,FALSE,FALSE,FALSE,FALSE,2026-03-26,agency,95160
LS-03168,Douala,PK14,chambre moderne,4,3,130.3,20,3,FALSE,FALSE,TRUE,FALSE,FALSE,2025-07-14,informal,352368
LS-05826,Yaounde,Etoudi,villa,1,2,56.6,27,0,FALSE,FALSE,FALSE,FALSE,FALSE,2025-09-02,portal,105001
LS-02301,Yaounde,Golf,duplex,4,4,121.3,25,0,FALSE,TRUE,TRUE,FALSE,FALSE,2026-04-10,agency,452043
LS-00811,Douala,Ndokoti,studio,3,2,109.1,33,0,FALSE,FALSE,FALSE,FALSE,FALSE,2026-04-23,agency,170641
LS-04058,Yaounde,Omnisport,apartment,4,3,97.1,12,2,FALSE,FALSE,TRUE,TRUE,FALSE,03/07/2026,agency,373860
LS-02704,Yaounde,Etoudi,apartment,1,2,60.2,28,2,TRUE,TRUE,FALSE,FALSE,TRUE,2025-12-20,portal,153173
LS-02560,Yaounde,Mvan,studio,2,2,59.8,12,1,FALSE,FALSE,TRUE,FALSE,FALSE,27/11/2025,agency,133592
LS-01867,Douala,Bonapriso,apartment,0,1,33.7,6,1,TRUE,TRUE,TRUE,TRUE,TRUE,19/10/2025,agency,138358
LS-04590,Douala,Deido,villa,1,1,41.6,13,0,FALSE,FALSE,FALSE,FALSE,FALSE,2025-12-25,agency,85989
LS-05728,Yaounde,Nsam,duplex,3,3,99.6,18,4,FALSE,FALSE,FALSE,FALSE,FALSE,2026-01-30,agency,187665
LS-01537,Yaounde,Mendong,apartment,3,3,119.6,16,0,FALSE,FALSE,TRUE,FALSE,TRUE,2026-01-19,agency,"271,310"
LS-03416,Douala,Bonaberi,villa,1,1,23.6,9,1,FALSE,TRUE,FALSE,FALSE,FALSE,2025-11-18,agency,74713
LS-02931,Douala,Bonapriso,apartment,3,2,113.2,15,4,TRUE,TRUE,TRUE,FALSE,TRUE,2025-10-17,agency,575583
LS-00982,Yaounde,Golf,villa,2,2,61.9,29,3,FALSE,FALSE,FALSE,TRUE,TRUE,18/01/2026,agency,145235
LS-01885,Yaounde,Mvog-Betsi,apartment,3,3,95.4,16,1,FALSE,FALSE,FALSE,FALSE,FALSE,12/07/2026,agency,155117
LS-05511,Douala,Makepe,apartment,2,3,57.5,3,3,TRUE,FALSE,TRUE,FALSE,TRUE,04/08/2026,agency,166211
LS-02407,Douala,Bepanda,apartment,3,1,84.9,7,0,FALSE,FALSE,TRUE,FALSE,FALSE,2025-08-31,agency,138588
LS-06198,Yaounde,Omnisport,studio,2,2,65.6,0,0,FALSE,FALSE,FALSE,FALSE,TRUE,2025-11-02,agency,179191
LS-00468,Yaounde,Mvan,duplex,2,3,61.9,15,0,FALSE,TRUE,FALSE,TRUE,FALSE,2025-08-20,agency,88190
LS-05407,Yaounde,Biyem-Assi,duplex,0,1,30.3,12,1,FALSE,FALSE,TRUE,TRUE,FALSE,2025-12-17,agency,46535
LS-03461,Douala,PK14,studio,2,2,81.2,2,1,FALSE,FALSE,FALSE,FALSE,FALSE,2025-10-04,agency,100466
LS-03038,Yaounde,Mimboman,studio,1,1,36.8,0,0,TRUE,FALSE,FALSE,FALSE,FALSE,2026-04-23,informal,66485
LS-00341,Yaounde,Nkolbisson,villa,4,3,122.4,18,3,FALSE,FALSE,FALSE,FALSE,FALSE,2025-08-28,agency,390889
LS-05662,Douala,Bonamoussadi,duplex,5,3,160.1,26,0,FALSE,FALSE,TRUE,FALSE,FALSE,2026-07-17,agency,543984
LS-06044,Douala,Bonapriso,apartment,1,1,53.1,22,0,TRUE,TRUE,TRUE,TRUE,FALSE,2025-08-17,agency,212884
LS-01876,Yaounde,Golf,apartment,4,3,117.7,0,3,TRUE,TRUE,TRUE,FALSE,FALSE,2026-02-17,informal,
LS-00789,Yaounde,Nkolbisson,studio,4,3,125.9,0,0,no,FALSE,FALSE,FALSE,FALSE,2026-03-21,agency,413890
LS-01446,Yaounde,Omnisport,apartment,2,2,68.3,27,0,FALSE,FALSE,TRUE,TRUE,FALSE,2025-12-11,informal,116128
LS-01788,Yaounde,Biyem-Assi,duplex,3,3,93.1,20,4,FALSE,TRUE,TRUE,FALSE,FALSE,2026-04-29,agency,243198
LS-00200,Douala,Deido,apartment,4,2,143.0,43,0,FALSE,FALSE,FALSE,FALSE,FALSE,2025-07-23,portal,322168
LS-04061,Douala,Deido,apartment,0,1,28.6 m2,9,0,no,TRUE,TRUE,FALSE,FALSE,2026-07-25,informal,63046
LS-00236,Douala,Bonamoussadi,villa,2,1,89.0,9,2,FALSE,FALSE,FALSE,TRUE,TRUE,2026-08-09,agency,200683
LS-00013,Douala,Bepanda,villa,2,2,67.8,4,3,FALSE,FALSE,TRUE,FALSE,FALSE,2026-01-16,portal,156201
LS-02419,Yaounde,Biyem-Assi,apartment,1,1,53.0,12,0,FALSE,FALSE,FALSE,FALSE,FALSE,2025-12-03,informal,
LS-04990,Yaounde,Nsam,studio,2,2,60.3,6,1,FALSE,FALSE,FALSE,FALSE,FALSE,2025-11-01,agency,"133,674"
LS-05963,Yaounde,Mimboman,duplex,2,2,78.4,0,4,FALSE,TRUE,FALSE,FALSE,FALSE,2026-05-11,agency,192243
LS-04637,Yaounde,Mvan,apartment,5,4,153.4,18,2,FALSE,TRUE,FALSE,FALSE,FALSE,2025-07-04,portal,459110
LS-01179,Douala,Bonanjo,apartment,1,2,50.7,12,4,TRUE,TRUE,FALSE,FALSE,FALSE,2026-06-22,informal,
LS-00291,Yaounde,Mvan,apartment,2,2,82.0,10,0,FALSE,FALSE,FALSE,FALSE,FALSE,10/12/2025,informal,134381
LS-01507,Yaounde,Mvog-Betsi,studio,1,2,48.8,16,3,FALSE,FALSE,FALSE,FALSE,FALSE,15/03/2026,portal,67467
LS-05322,Douala,Ndokoti,studio,4,2,127.4,21,4,FALSE,FALSE,FALSE,FALSE,FALSE,2025-08-17,agency,259989
LS-05677,Douala,Akwa,apartment,1,1,59.2,28,1,TRUE,FALSE,FALSE,TRUE,TRUE,2025-10-22,informal,206198
LS-00844,Douala,Akwa,apartment,3,3,114.6,6,1,TRUE,FALSE,FALSE,TRUE,FALSE,2026-05-28,informal,419929
LS-04806,Yaounde,Mvog-Betsi,apartment,2,2,76.8,7,3,FALSE,FALSE,FALSE,FALSE,FALSE,2025-12-01,agency,151342
LS-01300,Yaounde,Biyem-Assi,studio,1,1,51.2,27,0,FALSE,FALSE,FALSE,FALSE,TRUE,2026-03-11,agency,103238
LS-04872,Douala,Bonaberi,studio,2,2,67.4,24,3,FALSE,FALSE,FALSE,FALSE,FALSE,2026-05-23,agency,129880
LS-01759,Douala,New Bell,villa,3,2,91.7,21,2,FALSE,TRUE,FALSE,FALSE,FALSE,2025-09-14,informal,"128,078"
LS-05236,Yaounde,Biyem-Assi,duplex,1,2,72.2,26,3,FALSE,FALSE,TRUE,FALSE,FALSE,2026-01-04,portal,99703
LS-04748,Douala,Deido,apartment,4,3,121.9,0,1,FALSE,FALSE,TRUE,TRUE,FALSE,2025-09-21,agency,494410
LS-05528,Yaounde,Mimboman,studio,4,3,137.3,2,2,FALSE,FALSE,FALSE,FALSE,FALSE,2025-08-22,portal,506254
LS-00944,Douala,Deido,apartment,1,1,34.6,0,0,FALSE,FALSE,TRUE,FALSE,TRUE,2026-07-11,informal,"104,126"
LS-02606,Douala,Makepe,apartment,2,3,79.9,11,2,FALSE,FALSE,TRUE,FALSE,FALSE,2026-03-29,portal,213077
LS-01777,Douala,PK14,chambre moderne,2,2,74.8,22,1,FALSE,FALSE,TRUE,FALSE,FALSE,2025-12-31,agency,110080
LS-02342,Yaounde,Nsam,duplex,3,3,103.0,13,2,FALSE,FALSE,FALSE,FALSE,FALSE,2025-11-28,agency,184463
LS-04090,Douala,Logpom,apartment,0,1,18.3,0,2,FALSE,FALSE,FALSE,FALSE,FALSE,2026-03-24,agency,65025
LS-05484,Douala,New Bell,apartment,2,2,70.1,25,0,FALSE,TRUE,TRUE,FALSE,FALSE,2026-02-28,agency,53689
LS-00569,Douala,Bonaberi,studio,2,2,63.2,0,3,TRUE,FALSE,FALSE,FALSE,FALSE,2026-01-28,portal,113820
LS-00283,Yaounde,Golf,villa,5,3,159.3,22,0,TRUE,TRUE,TRUE,TRUE,FALSE,2025-07-07,portal,524944
LS-01369,Douala,Bonamoussadi,chambre moderne,2,2,78.8,19,3,TRUE,FALSE,FALSE,FALSE,TRUE,2025-07-08,informal,211130
LS-04730,Douala,Logpom,apartment,1,2,32.6,8,4,TRUE,FALSE,FALSE,TRUE,TRUE,2026-01-09,agency,88979
LS-05220,Douala,Bonamoussadi,apartment,3,3,104.6 m2,5,0,TRUE,TRUE,TRUE,TRUE,FALSE,2025-10-13,portal,249730
LS-04482,Yaounde,Mimboman,apartment,0,1,21.4,9,3,FALSE,TRUE,TRUE,FALSE,FALSE,2026-06-08,agency,51347
LS-02032,Yaounde,Mimboman,apartment,2,2,68.4,0,0,FALSE,TRUE,FALSE,FALSE,FALSE,2025-09-16,informal,126845
LS-01899,Yaounde,Omnisport,studio,2,1,61.1,23,3,TRUE,FALSE,TRUE,FALSE,FALSE,2025-07-26,agency,111821
LS-03660,Yaounde,Mvog-Betsi,studio,1,2,40.9,21,4,FALSE,FALSE,TRUE,TRUE,FALSE,2026-03-02,informal,110443
LS-01560,Douala,Bonaberi,chambre moderne,2,3,55.4,33,2,TRUE,FALSE,FALSE,FALSE,FALSE,2025-07-22,agency,95578
LS-02356,Douala,Akwa,chambre moderne,1,1,34.9,3,2,FALSE,FALSE,TRUE,TRUE,FALSE,2026-03-08,agency,174748
LS-03843,Douala,Bonamoussadi,villa,4,3,125.4,8,3,TRUE,TRUE,TRUE,FALSE,FALSE,2026-08-07,portal,697709
LS-05844,Douala,Makepe,chambre moderne,4,3,112.7,9,4,TRUE,FALSE,TRUE,FALSE,FALSE,2025-09-18,portal,530342
LS-03402,Douala,New Bell,duplex,1,2,47.2,36,3,FALSE,FALSE,FALSE,FALSE,FALSE,2025-09-26,portal,81877
LS-00273,Douala,Bonamoussadi,duplex,1,1,52.8,18,0,TRUE,FALSE,FALSE,FALSE,TRUE,2026-08-21,agency,144167
LS-00112,Douala,Makepe,studio,3,3,97.0,12,1,FALSE,FALSE,TRUE,FALSE,FALSE,2026-03-27,portal,450436
LS-05517,Douala,New Bell,duplex,3,2,94.0,10,1,FALSE,FALSE,FALSE,FALSE,FALSE,2026-07-08,agency,148687
LS-05184,Yaounde,Biyem-Assi,duplex,0,1,38.1,15,0,TRUE,TRUE,TRUE,FALSE,FALSE,2025-11-06,agency,97810
LS-00133,Douala,Bonanjo,apartment,1,1,26.6,14,3,TRUE,FALSE,TRUE,FALSE,TRUE,2025-09-14,agency,121671
LS-02084,Yaounde,Etoudi,villa,2,2,92.1,9,4,TRUE,FALSE,TRUE,FALSE,FALSE,2026-03-08,agency,"168,983"
LS-02617,Yaounde,Emana,apartment,4,3,139.3,9,0,TRUE,FALSE,TRUE,FALSE,FALSE,2025-08-06,portal,265245
LS-04860,Yaounde,Nsam,duplex,0,1,14.9,23,0,TRUE,FALSE,FALSE,FALSE,FALSE,20/09/2025,agency,71086
LS-01263,Yaounde,Omnisport,apartment,0,1,26.0,10,4,FALSE,FALSE,TRUE,FALSE,FALSE,27/05/2026,agency,83414
LS-02053,Yaounde,Mvan,apartment,3,3,86.0,11,1,FALSE,TRUE,FALSE,FALSE,FALSE,2025-10-29,agency,206889
LS-00544,Yaounde,Biyem-Assi,apartment,5,4,161.9,20,4,no,FALSE,FALSE,FALSE,FALSE,2025-08-02,portal,442539
LS-04464,Yaounde,Mimboman,chambre moderne,5,4,166.5,0,0,TRUE,TRUE,FALSE,FALSE,FALSE,2026-08-01,informal,
LS-05082,Yaounde,Bastos,apartment,0,1,19.9,0,2,TRUE,TRUE,TRUE,TRUE,TRUE,2026-05-17,portal,412226
LS-03873,Douala,Ndokoti,studio,4,3,125.5,13,4,FALSE,FALSE,FALSE,FALSE,TRUE,08/09/2025,portal,488520
LS-01515,Yaounde,Mvog-Betsi,duplex,0,1,25.1,0,1,FALSE,FALSE,FALSE,FALSE,FALSE,2025-07-25,agency,83264
LS-02719,Yaounde,Mimboman,apartment,1,2,45.0,8,4,FALSE,FALSE,FALSE,FALSE,FALSE,2026-01-05,informal,
LS-04168,Douala,Makepe,villa,1,2,44.7,27,1,TRUE,TRUE,TRUE,TRUE,FALSE,2026-03-24,informal,89547
LS-00475,Yaounde,Mvog-Betsi,apartment,1,2,34.5 m2,9,0,TRUE,TRUE,TRUE,TRUE,FALSE,30/03/2026,portal,103262
LS-04604,Yaounde,Mvog-Betsi,villa,1,1,50.4,16,0,FALSE,FALSE,TRUE,FALSE,FALSE,2025-12-20,agency,63118
LS-05845,Yaounde,Biyem-Assi,apartment,2,2,81.5,13,0,FALSE,TRUE,TRUE,FALSE,FALSE,2026-06-16,agency,165527
LS-01690,Yaounde,Mvan,apartment,1,1,60.4,12,3,FALSE,TRUE,FALSE,TRUE,FALSE,2025-09-22,agency,114068
LS-04324,Douala,Bonaberi,apartment,2,2,58.7,32,1,TRUE,TRUE,TRUE,FALSE,FALSE,2026-03-05,agency,105111
LS-00988,Yaounde,Omnisport,apartment,1,2,49.5,18,2,TRUE,FALSE,TRUE,FALSE,FALSE,2025-07-20,portal,115027
LS-04922,Yaounde,Omnisport,apartment,3,3,104.2,20,3,TRUE,TRUE,FALSE,FALSE,FALSE,2026-03-12,portal,361831
LS-00491,Douala,Bonapriso,apartment,0,1,14.0 m2,22,0,TRUE,TRUE,TRUE,TRUE,FALSE,2026-06-15,agency,163030
LS-02611,Douala,Bonaberi,duplex,0,1,14.8,30,4,FALSE,FALSE,TRUE,FALSE,FALSE,2025-08-11,informal,38753
LS-01386,Yaounde,Mimboman,apartment,3,2,96.5,4,0,FALSE,FALSE,FALSE,FALSE,FALSE,2026-02-03,agency,119244
LS-03524,Yaounde,Mimboman,apartment,2,2,80.6,11,3,TRUE,FALSE,FALSE,FALSE,FALSE,2026-05-01,agency,97443
LS-03871,Douala,Bonamoussadi,studio,2,2,66.1,17,1,TRUE,TRUE,TRUE,FALSE,TRUE,2025-10-16,informal,176746
LS-05222,Yaounde,Omnisport,chambre moderne,2,1,52.6,26,1,TRUE,TRUE,TRUE,TRUE,TRUE,2025-09-21,agency,190427
LS-04648,Yaounde,Etoudi,studio,2,2,71.4,7,4,FALSE,FALSE,FALSE,FALSE,FALSE,2025-12-31,agency,124415
LS-04953,Yaounde,Bastos,studio,4,3,139.8,4,3,FALSE,FALSE,TRUE,FALSE,TRUE,2025-08-14,informal,826092
LS-05156,Douala,Akwa,villa,3,3,88.8,0,0,FALSE,FALSE,FALSE,FALSE,TRUE,2025-11-18,portal,430969
LS-05912,Yaounde,Nkolbisson,villa,2,3,289.2 m2,13,1,FALSE,TRUE,FALSE,FALSE,FALSE,2026-05-26,agency,891642
LS-03533,Yaounde,Biyem-Assi,villa,2,2,76.9,0,4,FALSE,FALSE,TRUE,FALSE,TRUE,2025-12-25,agency,193636
LS-04595,Douala,New Bell,chambre moderne,1,2,49.6,19,0,FALSE,TRUE,FALSE,FALSE,FALSE,2026-08-21,agency,68376
LS-00997,Douala,Bonanjo,apartment,2,2,74.2,16,0,TRUE,TRUE,TRUE,FALSE,FALSE,2025-07-27,informal,137720
LS-01208,Yaounde,Mimboman,apartment,2,3,74.4,13,0,FALSE,FALSE,FALSE,FALSE,FALSE,2026-03-08,informal,145131
LS-05889,Yaounde,Golf,apartment,4,3,123.8,12,4,FALSE,TRUE,TRUE,FALSE,TRUE,2026-03-08,informal,463748
LS-00168,Douala,Bepanda,studio,2,2,70.6,21,1,TRUE,FALSE,FALSE,FALSE,FALSE,2026-05-20,portal,80869
LS-01230,Douala,Bonanjo,chambre moderne,2,2,87.6,26,1,FALSE,FALSE,TRUE,FALSE,FALSE,2026-01-06,agency,272492
LS-01053,Yaounde,Omnisport,duplex,3,2,91.4,5,4,TRUE,TRUE,TRUE,FALSE,FALSE,2025-08-27,informal,375933
LS-00795,Douala,Bonanjo,studio,3,3,100.8,35,1,FALSE,FALSE,TRUE,FALSE,TRUE,2026-07-29,agency,305116
LS-03647,Yaounde,Mvan,villa,0,1,14.8 m2,12,0,FALSE,FALSE,FALSE,TRUE,FALSE,2025-07-09,portal,51830
LS-02180,Yaounde,Bastos,studio,5,4,164.1,8,2,TRUE,TRUE,TRUE,TRUE,TRUE,2026-02-01,agency,1037927
LS-00828,Douala,Bonapriso,apartment,1,2,36.6,22,0,TRUE,TRUE,TRUE,TRUE,FALSE,2025-12-08,informal,
LS-04200,Yaounde,Etoudi,apartment,4,4,127.3,9,0,FALSE,FALSE,FALSE,FALSE,FALSE,2026-06-28,agency,492240
LS-01059,Yaounde,Nsam,villa,1,1,40.1,14,0,TRUE,FALSE,TRUE,FALSE,FALSE,2025-09-30,informal,78634
LS-00392,Yaounde,Golf,duplex,3,3,120.9,16,3,TRUE,TRUE,TRUE,FALSE,FALSE,2026-05-04,agency,335407
LS-04884,Douala,Bonanjo,apartment,4,4,132.6,14,1,FALSE,FALSE,TRUE,TRUE,FALSE,2026-08-10,informal,876354
LS-02165,Yaounde,Omnisport,apartment,1,2,51.5,15,1,FALSE,TRUE,TRUE,TRUE,FALSE,2025-10-24,agency,158760
LS-03171,Yaounde,Golf,apartment,5,4,155.7,6,0,FALSE,TRUE,TRUE,TRUE,TRUE,2026-08-20,portal,941531
LS-01826,Yaounde,Nkolbisson,studio,3,2,93.8,0,0,FALSE,FALSE,FALSE,FALSE,FALSE,2026-06-11,portal,302807
LS-02144,Douala,Logpom,chambre moderne,1,1,45.2,2,4,FALSE,FALSE,FALSE,TRUE,FALSE,2025-11-27,portal,142365
LS-05237,Yaounde,Etoudi,studio,2,2,96.3,19,0,FALSE,FALSE,FALSE,FALSE,FALSE,2026-06-19,portal,167752
LS-01450,Yaounde,Nsam,apartment,2,3,61.0,9,2,no,TRUE,FALSE,FALSE,FALSE,2026-02-17,agency,122357
LS-01601,Douala,Bonapriso,studio,3,2,92.3,25,1,FALSE,FALSE,TRUE,TRUE,TRUE,2026-06-21,portal,594297
LS-00832,Douala,Ndokoti,studio,2,2,89.3,0,2,FALSE,FALSE,FALSE,TRUE,FALSE,2026-05-30,informal,355334
LS-01726,Yaounde,Etoudi,villa,2,3,55.0,21,1,FALSE,TRUE,TRUE,FALSE,FALSE,2026-07-29,informal,153430
LS-04336,Yaounde,Emana,apartment,3,2,90.4,10,0,FALSE,FALSE,TRUE,FALSE,FALSE,2025-08-04,agency,231679
LS-06122,Yaounde,Golf,apartment,3,2,92.5,0,1,TRUE,TRUE,TRUE,TRUE,FALSE,2026-02-19,portal,483915
LS-05288,Douala,Bonanjo,villa,1,2,75.6,1,0,FALSE,FALSE,TRUE,TRUE,TRUE,2025-10-27,agency,445856
LS-00317,Yaounde,Etoudi,chambre moderne,3,3,99.8 m2,5,1,FALSE,FALSE,FALSE,TRUE,FALSE,2025-10-20,portal,303055
LS-00724,Yaounde,Golf,apartment,1,1,45.6,15,3,TRUE,FALSE,TRUE,FALSE,FALSE,2026-08-23,agency,"168,983"
LS-05975,Douala,Bonapriso,studio,1,2,50.3,11,1,TRUE,TRUE,TRUE,TRUE,FALSE,2026-08-16,agency,177852
LS-00922,Douala,Akwa,duplex,0,1,25.8,13,3,TRUE,TRUE,TRUE,TRUE,FALSE,2026-05-21,informal,93828
LS-02310,Douala,Bepanda,apartment,2,2,61.9,21,0,FALSE,TRUE,FALSE,FALSE,FALSE,2026-06-26,informal,72661
LS-05553,Douala,Bonapriso,duplex,3,3,110.8,12,1,TRUE,TRUE,FALSE,TRUE,FALSE,2026-07-03,agency,397156
LS-05388,Douala,Bonapriso,duplex,1,2,48.1,20,2,TRUE,FALSE,TRUE,FALSE,FALSE,2026-02-11,agency,145764
LS-02587,Douala,Makepe,studio,2,2,54.5,25,3,TRUE,FALSE,FALSE,TRUE,FALSE,2025-11-17,agency,73807
LS-03544,Douala,Makepe,apartment,3,3,82.8,2,1,FALSE,TRUE,FALSE,TRUE,TRUE,2025-11-06,informal,
LS-02403,Douala,Bepanda,villa,4,3,138.4,14,2,TRUE,FALSE,TRUE,FALSE,FALSE,2026-05-16,informal,227408
LS-01489,Yaounde,Mvog-Betsi,apartment,0,1,25.4,33,1,FALSE,FALSE,FALSE,FALSE,FALSE,2025-09-06,portal,44300
LS-04718,Yaounde,Etoudi,duplex,5,3,147.6,2,4,TRUE,TRUE,TRUE,FALSE,FALSE,2026-01-24,agency,623032
LS-02751,Yaounde,Nkolbisson,apartment,2,2,90.7,14,3,no,FALSE,FALSE,FALSE,FALSE,2025-07-21,agency,126270
LS-02065,Douala,Akwa,duplex,3,1,105.8,19,3,FALSE,TRUE,TRUE,TRUE,FALSE,2025-11-12,informal,
LS-05270,Douala,Deido,villa,1,2,44.7,20,0,no,TRUE,TRUE,FALSE,TRUE,2026-06-10,informal,55366
LS-04845,Douala,Bonamoussadi,studio,2,2,76.3,19,3,FALSE,TRUE,FALSE,FALSE,TRUE,2026-02-16,informal,252391
LS-01892,Yaounde,Nkolbisson,duplex,1,1,53.2,11,2,FALSE,FALSE,FALSE,FALSE,FALSE,2026-02-05,agency,66888
LS-00888,Yaounde,Emana,villa,1,2,50.5,14,2,TRUE,FALSE,TRUE,FALSE,FALSE,2026-06-27,agency,87558
LS-02245,Yaounde,Nkolbisson,chambre moderne,3,3,101.4,16,0,TRUE,FALSE,FALSE,TRUE,FALSE,2025-12-30,informal,"220,145"
LS-01672,Douala,PK14,villa,2,2,76.7 m2,11,2,FALSE,FALSE,FALSE,FALSE,FALSE,2025-11-24,portal,82266
LS-05642,Douala,Bonamoussadi,duplex,0,1,20.1,16,4,FALSE,FALSE,FALSE,TRUE,FALSE,2026-02-09,agency,83176
LS-00820,Yaounde,Etoudi,apartment,3,2,93.8,16,1,FALSE,FALSE,FALSE,FALSE,FALSE,2026-02-22,informal,236274
LS-01698,Yaounde,Nsam,studio,5,4,161.6,4,0,FALSE,TRUE,FALSE,FALSE,FALSE,2025-09-02,portal,729568
LS-02182,Douala,Bepanda,apartment,1,2,54.1,17,3,FALSE,FALSE,TRUE,TRUE,FALSE,2025-08-17,agency,96255
LS-05400,Douala,Bonapriso,chambre moderne,4,3,146.3,8,0,TRUE,FALSE,TRUE,TRUE,FALSE,2025-12-21,portal,576502
LS-05145,Douala,New Bell,apartment,3,2,125.5,16,1,FALSE,FALSE,TRUE,FALSE,FALSE,2026-07-07,informal,"275,890"
LS-00928,Douala,New Bell,apartment,3,3,104.9,0,0,FALSE,FALSE,FALSE,FALSE,FALSE,2025-12-22,informal,252769
LS-00683,Douala,Bonaberi,apartment,3,2,90.7,15,2,TRUE,FALSE,TRUE,FALSE,TRUE,25/03/2026,portal,202468
LS-01226,Douala,Makepe,studio,0,1,31.8 m2,14,1,FALSE,TRUE,TRUE,FALSE,FALSE,2026-08-09,informal,66201
LS-05047,Douala,Bonapriso,apartment,2,1,62.0,14,1,FALSE,FALSE,TRUE,TRUE,FALSE,2026-03-22,portal,280099
LS-05431,Douala,Makepe,apartment,2,2,80.0,35,0,FALSE,FALSE,FALSE,FALSE,FALSE,01/10/2025,portal,"157,986"
LS-05493,Yaounde,Mimboman,villa,4,3,121.7,19,0,FALSE,FALSE,FALSE,TRUE,FALSE,11/08/2025,agency,234287
LS-00240,Douala,Makepe,apartment,1,1,64.4,7,3,FALSE,TRUE,TRUE,FALSE,FALSE,2026-04-29,portal,121518
LS-02486,Douala,Deido,studio,3,3,96.8,21,0,FALSE,FALSE,TRUE,FALSE,FALSE,2025-07-09,informal,
LS-03782,Yaounde,Mvog-Betsi,apartment,3,4,98.4,3,0,FALSE,FALSE,TRUE,FALSE,FALSE,2025-09-04,portal,243481
LS-04104,Yaounde,Biyem-Assi,chambre moderne,1,1,43.9 m2,7,0,FALSE,TRUE,FALSE,FALSE,FALSE,2025-12-06,agency,83572
LS-03081,Douala,Bonapriso,apartment,4,2,130.0,27,1,TRUE,TRUE,TRUE,TRUE,FALSE,2025-07-13,agency,551829
LS-00227,Yaounde,Mvan,apartment,1,1,43.0,15,1,FALSE,TRUE,FALSE,TRUE,FALSE,2026-03-27,agency,137643
LS-03395,Yaounde,Etoudi,apartment,1,2,50.7,8,1,FALSE,TRUE,TRUE,FALSE,FALSE,2025-07-06,informal,
LS-05443,Douala,Bonamoussadi,apartment,1,1,56.6,37,1,TRUE,TRUE,TRUE,FALSE,FALSE,2025-10-12,agency,126337
LS-01417,Douala,Deido,studio,2,2,78.1,21,0,FALSE,FALSE,FALSE,FALSE,FALSE,2025-07-06,portal,247096
LS-04331,Douala,Bepanda,apartment,1,2,53.8,26,0,TRUE,FALSE,TRUE,FALSE,FALSE,2025-11-21,agency,90686
LS-01554,Yaounde,Bastos,apartment,1,2,54.2 m2,8,3,TRUE,TRUE,FALSE,TRUE,FALSE,2025-12-06,informal,580542
LS-01985,Yaounde,Mvan,apartment,1,2,51.6,16,3,FALSE,FALSE,FALSE,FALSE,FALSE,08/04/2026,agency,102040
LS-02545,Douala,PK14,duplex,4,2,137.3,17,3,FALSE,FALSE,TRUE,FALSE,FALSE,2025-09-27,informal,289212
LS-03674,Yaounde,Omnisport,studio,3,4,97.8,13,2,FALSE,FALSE,TRUE,FALSE,FALSE,10/12/2025,informal,424592
LS-02054,Douala,Logpom,studio,5,3,160.9,24,0,FALSE,FALSE,TRUE,FALSE,FALSE,2025-11-26,portal,596968
LS-04849,Yaounde,Mvog-Betsi,apartment,0,1,17.2,7,3,FALSE,TRUE,FALSE,FALSE,FALSE,2026-01-18,agency,86106
LS-03089,Yaounde,Omnisport,apartment,1,2,44.4,12,3,TRUE,FALSE,FALSE,TRUE,FALSE,2026-02-27,portal,161561
LS-03909,Yaounde,Bastos,duplex,2,2,75.3,23,3,TRUE,TRUE,TRUE,TRUE,FALSE,23/07/2026,agency,297607
LS-05939,Douala,Bonamoussadi,apartment,1,1,39.2,15,2,FALSE,TRUE,TRUE,TRUE,FALSE,05/03/2026,portal,146839
LS-01408,Douala,New Bell,duplex,1,2,63.0,24,1,FALSE,FALSE,FALSE,FALSE,FALSE,2026-01-18,agency,94683
LS-00744,Yaounde,Mendong,chambre moderne,1,2,43.6,22,0,TRUE,FALSE,FALSE,FALSE,FALSE,2026-01-05,agency,91829
LS-05117,Douala,Akwa,duplex,2,2,71.2,31,4,FALSE,TRUE,FALSE,FALSE,TRUE,2025-12-05,agency,167956
LS-04759,Yaounde,Bastos,chambre moderne,0,1,25.1,3,0,TRUE,TRUE,TRUE,TRUE,FALSE,26/11/2025,informal,
LS-02822,Douala,Logpom,duplex,2,2,76.8,29,1,FALSE,FALSE,FALSE,FALSE,FALSE,2025-07-27,portal,"146,408"
LS-00145,Douala,Bonamoussadi,duplex,1,2,40.0,2,3,FALSE,TRUE,FALSE,FALSE,FALSE,21/08/2025,agency,"170,720"
LS-05279,Yaounde,Mendong,studio,3,3,105.3,28,4,FALSE,FALSE,TRUE,FALSE,FALSE,2025-09-17,agency,135613
LS-02689,Yaounde,Mvan,duplex,0,1,14.0,12,0,FALSE,TRUE,FALSE,FALSE,FALSE,2026-08-05,agency,41454
LS-04145,Yaounde,Nsam,chambre moderne,2,2,53.8,9,0,FALSE,FALSE,FALSE,TRUE,FALSE,2025-11-04,informal,
LS-05094,Douala,Deido,villa,4,2,129.8,0,0,FALSE,FALSE,FALSE,FALSE,FALSE,2026-05-24,informal,
LS-03192,Douala,New Bell,studio,3,4,83.0,4,1,FALSE,FALSE,FALSE,FALSE,FALSE,2026-06-01,informal,225753
LS-02428,Douala,Bonanjo,apartment,2,2,84.5,34,1,FALSE,FALSE,TRUE,FALSE,FALSE,2025-08-23,agency,239795
LS-04147,Yaounde,Emana,apartment,3,2,95.7,22,0,FALSE,TRUE,TRUE,FALSE,FALSE,2026-01-14,informal,
LS-01565,Douala,Logpom,apartment,4,2,141.8,13,1,FALSE,FALSE,TRUE,FALSE,FALSE,2026-04-07,informal,348586
LS-05600,Yaounde,Nkolbisson,apartment,2,2,79.2,17,2,FALSE,FALSE,TRUE,FALSE,FALSE,2025-10-10,portal,231232
LS-04245,Douala,Bonaberi,apartment,3,3,99.2,16,0,FALSE,FALSE,FALSE,FALSE,FALSE,2025-08-16,agency,213802
LS-01492,Douala,Ndokoti,apartment,3,3,317.3,12,4,FALSE,TRUE,FALSE,FALSE,FALSE,2025-11-17,informal,1353953
LS-05717,Yaounde,Golf,duplex,1,2,45.9,8,0,FALSE,TRUE,FALSE,FALSE,FALSE,2026-07-03,agency,92402
LS-00301,Douala,Deido,duplex,3,2,89.4,23,3,TRUE,FALSE,TRUE,FALSE,FALSE,2026-03-30,portal,127827
LS-01081,Yaounde,Mvog-Betsi,villa,0,1,17.1,8,2,FALSE,FALSE,FALSE,FALSE,FALSE,13/02/2026,agency,"59,507"
LS-00369,Douala,Ndokoti,duplex,2,2,91.9 m2,7,2,FALSE,FALSE,TRUE,FALSE,FALSE,2026-03-05,agency,152329
LS-04838,Douala,Logpom,apartment,3,2,98.1,17,1,FALSE,FALSE,TRUE,FALSE,FALSE,2026-07-09,informal,291648
LS-03228,Douala,Akwa,villa,2,2,59.9,14,4,TRUE,TRUE,FALSE,FALSE,FALSE,15/09/2025,portal,287087
LS-00272,Yaounde,Emana,apartment,4,4,112.4,29,1,FALSE,FALSE,FALSE,FALSE,FALSE,2025-11-22,portal,320092
LS-00704,Douala,Bonamoussadi,chambre moderne,2,2,88.1,0,0,FALSE,TRUE,FALSE,FALSE,TRUE,2025-12-04,informal,350271
LS-05072,Yaounde,Emana,apartment,3,3,97.0,20,0,FALSE,FALSE,FALSE,FALSE,FALSE,2026-05-17,agency,"152,422"
LS-00189,Yaounde,Mvog-Betsi,apartment,4,3,126.4,7,2,FALSE,FALSE,FALSE,TRUE,FALSE,2025-08-21,agency,434028
LS-01353,Yaounde,Golf,villa,1,1,35.0,15,1,no,TRUE,TRUE,FALSE,TRUE,02/05/2026,agency,147773
LS-04905,Yaounde,Golf,apartment,3,2,72.8,29,1,TRUE,FALSE,TRUE,TRUE,FALSE,2025-12-15,agency,290241
LS-04008,Yaounde,Nsam,duplex,2,2,58.1,42,0,yes,FALSE,TRUE,TRUE,FALSE,2026-03-05,portal,84635
LS-04681,Douala,Bepanda,duplex,1,1,28.7,13,1,TRUE,FALSE,TRUE,FALSE,TRUE,13/08/2026,informal,
LS-05095,Yaounde,Omnisport,apartment,0,1,14.3,22,0,FALSE,TRUE,TRUE,FALSE,FALSE,2026-02-05,agency,77391
LS-03057,Yaounde,Omnisport,apartment,1,1,50.5,10,1,FALSE,TRUE,TRUE,FALSE,FALSE,2025-07-29,agency,118679
LS-03326,Douala,Makepe,villa,3,2,94.4,6,3,FALSE,TRUE,TRUE,TRUE,FALSE,2026-05-22,agency,297051
LS-05438,Douala,Deido,duplex,1,2,39.3,4,0,TRUE,FALSE,TRUE,FALSE,FALSE,2025-09-26,agency,94777
LS-01407,Douala,Akwa,duplex,1,2,53.5,6,0,FALSE,FALSE,TRUE,FALSE,FALSE,2025-08-07,portal,93921
LS-01185,Yaounde,Biyem-Assi,villa,2,1,72.7,16,1,FALSE,FALSE,FALSE,TRUE,TRUE,2025-07-16,portal,211720
LS-00155,Yaounde,Bastos,apartment,0,1,31.1,17,1,no,TRUE,TRUE,TRUE,FALSE,22/06/2026,portal,85071
LS-05465,Yaounde,Nkolbisson,apartment,2,3,59.1,18,0,FALSE,TRUE,TRUE,FALSE,FALSE,31/10/2025,portal,123289
LS-01251,Yaounde,Emana,villa,3,2,84.6,13,3,FALSE,TRUE,TRUE,FALSE,FALSE,2025-07-05,agency,212230
LS-00566,Douala,Ndokoti,duplex,4,4,123.7,3,0,FALSE,FALSE,TRUE,FALSE,FALSE,2026-04-21,informal,
LS-03570,Douala,Makepe,villa,2,2,85.0,21,0,FALSE,FALSE,TRUE,FALSE,FALSE,2025-10-03,portal,246245
LS-04786,Douala,Bonaberi,villa,3,2,107.6,18,4,FALSE,TRUE,FALSE,FALSE,TRUE,2025-12-25,informal,342716
LS-05292,Douala,Bonamoussadi,chambre moderne,2,1,87.3,24,1,TRUE,FALSE,TRUE,FALSE,FALSE,2025-08-09,informal,
LS-01673,Douala,Bepanda,duplex,1,1,51.8,18,2,no,FALSE,FALSE,FALSE,FALSE,2026-03-25,agency,117159
LS-03789,Douala,Bonaberi,duplex,3,2,95.9,15,1,FALSE,TRUE,FALSE,FALSE,FALSE,2026-02-10,portal,130179
LS-03136,Yaounde,Golf,apartment,1,2,43.4,14,4,FALSE,FALSE,TRUE,FALSE,TRUE,2026-06-16,portal,159802
LS-05143,Yaounde,Nkolbisson,duplex,2,2,57.1,4,0,FALSE,FALSE,TRUE,FALSE,FALSE,10/04/2026,portal,"99,692"
LS-03910,Douala,Bonanjo,villa,1,2,29.2,20,4,FALSE,TRUE,TRUE,TRUE,TRUE,2026-06-18,agency,125070
LS-02229,Yaounde,Nsam,studio,4,2,106.7,25,2,FALSE,FALSE,FALSE,FALSE,FALSE,2025-07-17,agency,214549
LS-00174,Yaounde,Biyem-Assi,apartment,1,1,45.4,2,1,yes,FALSE,FALSE,FALSE,FALSE,03/11/2025,agency,65002
LS-05191,Douala,Bonaberi,villa,1,2,42.1,11,2,TRUE,FALSE,FALSE,FALSE,FALSE,2026-03-27,informal,80577
LS-04492,Yaounde,Mimboman,apartment,1,1,42.9,0,3,FALSE,FALSE,TRUE,FALSE,FALSE,2026-04-12,agency,81411
LS-02327,Yaounde,Mimboman,chambre moderne,0,1,14.1,15,0,FALSE,FALSE,FALSE,TRUE,TRUE,2026-06-19,portal,49850
LS-01653,Douala,PK14,apartment,1,1,52.5,0,0,FALSE,FALSE,FALSE,FALSE,FALSE,2026-02-08,portal,68119
LS-04164,Yaounde,Mvog-Betsi,villa,3,2,83.0,26,0,FALSE,FALSE,TRUE,TRUE,FALSE,2026-07-06,portal,133398
LS-03750,Yaounde,Nkolbisson,duplex,3,3,94.8,13,2,FALSE,FALSE,TRUE,FALSE,FALSE,2026-01-23,agency,169698
LS-01916,Douala,PK14,chambre moderne,3,3,93.8,10,2,FALSE,FALSE,TRUE,FALSE,FALSE,2026-07-18,agency,158214
LS-00827,Yaounde,Mvan,studio,1,2,55.6,15,2,TRUE,FALSE,TRUE,TRUE,FALSE,2025-08-31,portal,126182
LS-02549,Yaounde,Etoudi,chambre moderne,0,1,38.3,14,0,FALSE,FALSE,TRUE,FALSE,FALSE,2026-05-13,agency,86941
LS-04859,Yaounde,Emana,apartment,5,3,156.9,25,0,FALSE,FALSE,FALSE,FALSE,FALSE,2025-08-13,agency,424273
LS-05991,Yaounde,Biyem-Assi,chambre moderne,2,3,74.5,0,4,FALSE,FALSE,TRUE,TRUE,FALSE,2025-10-22,agency,184976
LS-04157,Yaounde,Etoudi,apartment,3,2,106.1,10,4,FALSE,TRUE,TRUE,FALSE,FALSE,2026-05-24,portal,343872
LS-03444,Douala,Bonaberi,apartment,2,3,68.4,7,1,FALSE,TRUE,TRUE,FALSE,FALSE,2026-02-23,portal,106454
LS-01333,Douala,Bonaberi,apartment,4,3,143.0,35,0,FALSE,FALSE,FALSE,FALSE,FALSE,2025-09-02,informal,474185
LS-01979,Yaounde,Golf,apartment,3,2,111.0,14,0,TRUE,TRUE,TRUE,FALSE,TRUE,05/06/2026,informal,433362
LS-03280,Yaounde,Biyem-Assi,apartment,5,3,155.5,0,3,FALSE,FALSE,FALSE,FALSE,FALSE,2026-01-12,informal,546684
LS-05315,Yaounde,Emana,chambre moderne,3,3,117.9,22,1,FALSE,FALSE,FALSE,FALSE,FALSE,17/02/2026,agency,215154
LS-05452,Yaounde,Etoudi,studio,1,2,37.1,2,3,TRUE,FALSE,TRUE,FALSE,FALSE,2026-08-23,agency,86025
LS-01310,Yaounde,Mimboman,villa,2,3,64.8,8,0,FALSE,FALSE,FALSE,FALSE,FALSE,2025-10-16,portal,144898
LS-02515,Yaounde,Biyem-Assi,apartment,2,2,91.1,14,4,TRUE,TRUE,FALSE,FALSE,FALSE,2026-05-19,portal,237261
LS-00424,Douala,Ndokoti,studio,0,1,16.6,11,3,FALSE,FALSE,TRUE,FALSE,FALSE,2025-09-15,agency,47781
LS-04220,Yaounde,Golf,apartment,0,1,21.5,19,0,FALSE,TRUE,TRUE,FALSE,FALSE,2026-04-02,informal,
LS-05258,Yaounde,Bastos,apartment,1,1,43.3,34,4,TRUE,TRUE,TRUE,TRUE,FALSE,2025-08-23,agency,84085
LS-03204,Douala,Deido,apartment,3,2,113.2,12,0,FALSE,TRUE,FALSE,TRUE,FALSE,2025-08-31,agency,362414
LS-04130,Yaounde,Bastos,villa,0,1,44.5,13,1,FALSE,FALSE,FALSE,TRUE,FALSE,2026-02-15,agency,508346
LS-01871,Yaounde,Nkolbisson,studio,2,1,68.2,18,2,FALSE,FALSE,FALSE,FALSE,FALSE,2025-09-07,portal,"50,437"
LS-04555,Douala,Logpom,apartment,4,3,110.9,3,0,TRUE,FALSE,FALSE,FALSE,TRUE,2025-11-21,informal,
LS-03774,Douala,Ndokoti,studio,3,3,88.7,4,1,FALSE,TRUE,FALSE,FALSE,TRUE,2025-12-17,agency,148806
LS-01000,Douala,Makepe,chambre moderne,3,4,99.7,18,0,TRUE,FALSE,TRUE,FALSE,TRUE,28/12/2025,agency,401873
LS-05305,Douala,Makepe,apartment,3,4,110.6,1,2,TRUE,FALSE,TRUE,FALSE,FALSE,2026-05-15,portal,414964
LS-04815,Yaounde,Biyem-Assi,duplex,3,4,91.1,13,1,TRUE,TRUE,FALSE,FALSE,FALSE,2025-11-08,informal,349729
LS-05479,Yaounde,Mimboman,chambre moderne,2,2,63.3,26,0,FALSE,FALSE,FALSE,FALSE,FALSE,2025-11-27,agency,72857
LS-03380,Douala,Bonapriso,duplex,0,1,14.0,17,4,TRUE,TRUE,TRUE,FALSE,TRUE,2026-05-10,agency,72149
LS-03157,Douala,Bonanjo,villa,1,1,53.5,3,1,FALSE,TRUE,TRUE,TRUE,FALSE,2025-09-20,agency,137207
LS-00437,Yaounde,Omnisport,chambre moderne,2,1,58.3,23,0,FALSE,FALSE,TRUE,FALSE,FALSE,02/06/2026,informal,
LS-01181,Yaounde,Nsam,chambre moderne,1,1,45.4,0,0,FALSE,TRUE,FALSE,FALSE,FALSE,2026-06-09,informal,127540
LS-02949,Douala,Makepe,apartment,0,1,39.8 m2,17,1,TRUE,TRUE,FALSE,FALSE,FALSE,2026-07-12,informal,93756
LS-04035,Yaounde,Nsam,apartment,1,1,29.1,7,0,TRUE,FALSE,FALSE,FALSE,FALSE,2026-06-11,portal,52039
LS-05814,Yaounde,Nkolbisson,villa,2,1,62.5,18,1,FALSE,TRUE,TRUE,FALSE,FALSE,05/07/2025,informal,
LS-03924,Yaounde,Golf,apartment,2,1,52.3,24,1,FALSE,FALSE,FALSE,FALSE,FALSE,2026-03-23,portal,117867
LS-04253,Yaounde,Golf,duplex,2,2,77.3,16,2,FALSE,TRUE,FALSE,FALSE,FALSE,2026-05-19,agency,221092
LS-01968,Yaounde,Mimboman,villa,3,4,86.5,13,0,FALSE,FALSE,TRUE,FALSE,FALSE,2025-12-02,portal,169960
LS-05958,Yaounde,Mvan,apartment,0,1,45.4,28,0,yes,TRUE,TRUE,TRUE,TRUE,2026-01-10,agency,89055
LS-04311,Douala,Logpom,apartment,4,1,110.6,15,0,TRUE,TRUE,FALSE,TRUE,FALSE,2026-05-30,agency,"177,860"
LS-02109,Yaounde,Nsam,duplex,2,2,104.9,23,3,FALSE,TRUE,TRUE,FALSE,FALSE,2025-12-09,agency,223520
LS-05225,Yaounde,Omnisport,apartment,0,1,27.9,26,3,FALSE,FALSE,TRUE,FALSE,FALSE,2026-02-16,portal,41959
LS-02293,Douala,Bonaberi,studio,5,3,162.5,32,0,FALSE,TRUE,TRUE,FALSE,FALSE,2025-08-04,agency,610886
LS-03747,Yaounde,Bastos,chambre moderne,0,1,46.2,14,4,TRUE,FALSE,TRUE,TRUE,FALSE,2026-07-13,agency,168016
LS-05643,Douala,Deido,chambre moderne,0,1,14.0,15,1,FALSE,FALSE,TRUE,TRUE,FALSE,2025-10-15,portal,96254
LS-05587,Yaounde,Bastos,duplex,2,3,70.6,14,4,yes,FALSE,TRUE,FALSE,TRUE,2026-06-03,informal,
LS-03538,Yaounde,Emana,apartment,4,3,104.8,25,0,FALSE,TRUE,FALSE,TRUE,FALSE,2026-08-07,informal,341297
LS-05365,Douala,Logpom,apartment,3,2,130.6,0,4,TRUE,FALSE,TRUE,FALSE,FALSE,10/02/2026,agency,438871
LS-01410,Yaounde,Emana,chambre moderne,1,1,46.8,14,0,FALSE,FALSE,TRUE,FALSE,FALSE,2026-01-30,agency,55865
LS-02691,Douala,Bonaberi,apartment,1,2,37.8,19,3,TRUE,FALSE,FALSE,FALSE,FALSE,2026-03-11,portal,84783
LS-04409,Yaounde,Omnisport,apartment,1,2,68.0,13,4,TRUE,FALSE,TRUE,FALSE,FALSE,2026-03-24,informal,
LS-03914,Douala,New Bell,villa,3,2,122.0 m2,32,1,FALSE,FALSE,FALSE,FALSE,FALSE,2026-02-19,agency,299529
LS-04374,Yaounde,Mendong,villa,1,1,40.6,22,3,FALSE,TRUE,FALSE,FALSE,FALSE,2026-08-23,informal,58170
LS-01749,Yaounde,Mvog-Betsi,apartment,1,2,58.7,18,0,FALSE,TRUE,TRUE,FALSE,FALSE,28/05/2026,agency,77746
LS-05411,Douala,Bonanjo,apartment,2,1,83.8,0,2,TRUE,TRUE,FALSE,TRUE,TRUE,2026-03-21,portal,580263
LS-03335,Douala,Akwa,apartment,4,3,137.9,21,1,TRUE,FALSE,TRUE,FALSE,FALSE,14/10/2025,portal,713044
LS-04215,Yaounde,Etoudi,chambre moderne,2,1,81.7,5,0,FALSE,TRUE,TRUE,FALSE,FALSE,22/01/2026,informal,125204
LS-06123,Douala,Ndokoti,apartment,2,3,64.9,16,4,FALSE,FALSE,FALSE,FALSE,FALSE,2025-08-05,informal,85221
LS-04952,Douala,Ndokoti,chambre moderne,3,2,116.6,0,2,FALSE,TRUE,FALSE,FALSE,FALSE,2026-04-11,portal,234128
LS-00589,Douala,Makepe,apartment,0,1,22.1,9,4,FALSE,FALSE,FALSE,TRUE,FALSE,2026-01-04,agency,62857
LS-06101,Yaounde,Nsam,duplex,4,3,113.6 m2,26,0,FALSE,TRUE,FALSE,FALSE,FALSE,18/10/2025,agency,178500
LS-06127,Douala,Makepe,duplex,3,3,83.9,11,1,TRUE,FALSE,TRUE,TRUE,FALSE,2026-03-28,agency,232160
LS-02871,Douala,Bonamoussadi,chambre moderne,2,3,81.4,16,4,TRUE,FALSE,FALSE,FALSE,FALSE,14/02/2026,agency,202633
LS-02365,Douala,Logpom,apartment,3,2,114.8,11,0,TRUE,FALSE,FALSE,FALSE,TRUE,2025-10-23,agency,179314
LS-01620,Yaounde,Mvog-Betsi,apartment,5,4,151.6,12,3,FALSE,FALSE,FALSE,FALSE,FALSE,21/04/2026,agency,603947
LS-00285,Yaounde,Mvog-Betsi,apartment,2,2,73.0,6,0,FALSE,FALSE,TRUE,TRUE,FALSE,2026-05-17,portal,173911
LS-00810,Douala,New Bell,apartment,3,3,127.6,9,3,FALSE,FALSE,FALSE,FALSE,TRUE,2025-12-06,portal,520228
LS-06035,Yaounde,Nsam,apartment,2,1,89.7,18,2,TRUE,FALSE,TRUE,TRUE,FALSE,2026-03-20,agency,142204
LS-04642,Yaounde,Nkolbisson,duplex,0,1,15.6,12,0,FALSE,TRUE,FALSE,FALSE,FALSE,2026-01-10,informal,
LS-03654,Douala,New Bell,apartment,3,3,92.1 m2,11,1,FALSE,TRUE,TRUE,FALSE,FALSE,2026-04-07,informal,
LS-01295,Douala,Logpom,chambre moderne,2,3,69.7,19,1,TRUE,TRUE,TRUE,TRUE,FALSE,2026-01-03,portal,153141
LS-03547,Yaounde,Omnisport,apartment,1,2,53.8,0,3,TRUE,FALSE,FALSE,FALSE,FALSE,2026-01-26,agency,218283
LS-02276,Douala,Makepe,apartment,1,2,44.7,6,3,TRUE,TRUE,FALSE,TRUE,FALSE,2026-04-30,agency,99675
LS-05205,Yaounde,Nsam,chambre moderne,0,1,24.1,36,0,FALSE,FALSE,FALSE,FALSE,FALSE,2025-11-07,portal,58974
LS-03563,Yaounde,Mvan,apartment,3,2,92.2,4,0,FALSE,FALSE,FALSE,FALSE,FALSE,2026-08-07,portal,322035
LS-05697,Douala,New Bell,apartment,3,2,96.6,8,1,FALSE,TRUE,TRUE,TRUE,FALSE,2026-06-14,agency,162626
LS-03553,Yaounde,Mimboman,apartment,2,2,85.5,15,0,FALSE,FALSE,TRUE,FALSE,FALSE,2025-12-25,agency,133524
LS-00998,Douala,Ndokoti,apartment,1,1,15.5,29,1,FALSE,TRUE,TRUE,FALSE,FALSE,2025-07-15,agency,50912
LS-04518,Yaounde,Etoudi,apartment,1,1,50.0,16,1,FALSE,TRUE,TRUE,FALSE,FALSE,2026-07-14,informal,124811
LS-00306,Douala,Bonanjo,apartment,1,1,42.0,19,0,FALSE,FALSE,TRUE,TRUE,TRUE,01/07/2025,agency,121210
LS-04391,Douala,PK14,villa,2,3,80.1,0,4,FALSE,FALSE,FALSE,FALSE,TRUE,2026-05-31,informal,179560
LS-00960,Yaounde,Emana,duplex,3,3,85.7,27,3,FALSE,TRUE,FALSE,FALSE,FALSE,2026-01-13,portal,108395
LS-01273,Yaounde,Mvan,studio,3,4,115.1,0,3,FALSE,FALSE,FALSE,FALSE,FALSE,2026-03-08,agency,340608
LS-02057,Yaounde,Golf,apartment,5,4,151.1,12,3,FALSE,FALSE,TRUE,FALSE,FALSE,2026-06-15,agency,961180
LS-04924,Yaounde,Mvan,apartment,1,1,25.7,17,2,FALSE,TRUE,TRUE,FALSE,TRUE,2026-01-19,portal,49507
LS-02067,Douala,New Bell,apartment,2,1,67.6,9,0,FALSE,FALSE,FALSE,FALSE,FALSE,2026-06-21,agency,116803
LS-00907,Yaounde,Etoudi,duplex,1,2,31.7,1,1,FALSE,TRUE,FALSE,TRUE,FALSE,2026-08-03,informal,
LS-04680,Douala,Bonanjo,chambre moderne,4,3,132.0,3,0,TRUE,TRUE,TRUE,TRUE,FALSE,2025-07-31,informal,959365
LS-03376,Yaounde,Golf,studio,2,2,70.1,0,4,TRUE,FALSE,TRUE,TRUE,FALSE,2025-07-09,portal,292657
LS-03641,Douala,Makepe,duplex,4,3,130.0,17,3,FALSE,TRUE,FALSE,TRUE,FALSE,2025-08-16,informal,
LS-05328,Douala,Bonapriso,apartment,1,2,41.5,33,1,FALSE,FALSE,FALSE,TRUE,TRUE,2025-12-28,agency,163168
LS-00039,Yaounde,Mvog-Betsi,apartment,2,2,81.2,19,1,FALSE,TRUE,FALSE,TRUE,FALSE,2025-10-20,agency,144157
LS-01788,Yaounde,Biyem-Assi,duplex,3,3,93.1,20,4,FALSE,TRUE,TRUE,FALSE,FALSE,2026-04-29,agency,243198
LS-01101,Yaounde,Mimboman,chambre moderne,1,2,52.9,10,1,FALSE,FALSE,FALSE,FALSE,FALSE,2025-09-10,agency,77384
LS-04999,Yaounde,Biyem-Assi,apartment,3,3,87.2,21,1,FALSE,FALSE,FALSE,FALSE,FALSE,2025-09-22,agency,257140
LS-00883,Douala,Deido,apartment,3,2,122.0,7,1,TRUE,FALSE,TRUE,FALSE,FALSE,2025-11-16,agency,289770
LS-02516,Yaounde,Nkolbisson,apartment,1,1,42.0,17,3,FALSE,FALSE,FALSE,FALSE,FALSE,2025-09-07,agency,34875
LS-04736,Yaounde,Mvan,apartment,5,3,155.3,19,0,no,FALSE,FALSE,FALSE,FALSE,2025-11-20,portal,588245
LS-02324,Douala,Bonaberi,studio,1,2,62.8,0,2,FALSE,FALSE,TRUE,FALSE,FALSE,2026-04-27,portal,159197
LS-04896,Yaounde,Mendong,apartment,1,1,46.3,23,0,TRUE,FALSE,TRUE,TRUE,FALSE,2026-05-01,agency,105335
LS-03932,Douala,Deido,duplex,1,1,50.1,0,3,TRUE,TRUE,FALSE,FALSE,FALSE,2025-10-26,informal,
LS-05330,Douala,Makepe,apartment,1,1,54.0,9,3,FALSE,FALSE,FALSE,FALSE,TRUE,2026-04-03,portal,125980
LS-04719,Douala,Logpom,villa,4,3,129.6,5,2,FALSE,TRUE,FALSE,TRUE,FALSE,2026-06-10,portal,335087
LS-05394,Douala,Bonaberi,duplex,1,2,30.7,32,2,FALSE,TRUE,FALSE,FALSE,FALSE,2026-04-07,portal,72712
LS-04304,Yaounde,Omnisport,studio,2,2,74.1,15,2,TRUE,FALSE,TRUE,FALSE,FALSE,2025-11-22,portal,143266
LS-02918,Yaounde,Emana,studio,3,3,124.8 m2,8,1,TRUE,FALSE,FALSE,FALSE,FALSE,2025-12-09,portal,228694
LS-02607,Douala,PK14,apartment,0,1,33.3,15,1,FALSE,FALSE,FALSE,FALSE,FALSE,2025-10-07,portal,34971
LS-06195,Douala,Bonamoussadi,apartment,1,1,60.1,8,0,FALSE,FALSE,TRUE,FALSE,FALSE,31/10/2025,agency,158444
LS-03698,Yaounde,Nsam,studio,3,3,122.3,6,3,FALSE,TRUE,FALSE,FALSE,FALSE,25/03/2026,informal,375632
LS-02185,Yaounde,Nsam,duplex,0,1,27.3,6,0,FALSE,TRUE,FALSE,TRUE,FALSE,2026-01-24,agency,54843
LS-02799,Douala,New Bell,studio,3,4,109.5,22,1,FALSE,FALSE,TRUE,FALSE,FALSE,2026-06-28,portal,138931
LS-02548,Yaounde,Mendong,duplex,5,3,140.1,7,4,FALSE,FALSE,FALSE,FALSE,FALSE,2026-03-16,portal,508969
LS-04141,Yaounde,Emana,apartment,2,2,85.3,23,0,FALSE,FALSE,FALSE,FALSE,FALSE,2025-10-20,informal,
LS-05442,Yaounde,Nkolbisson,chambre moderne,0,1,17.2,23,1,FALSE,FALSE,FALSE,FALSE,FALSE,2026-01-22,agency,32225
LS-04191,Douala,Ndokoti,duplex,3,3,82.2,31,0,FALSE,FALSE,TRUE,FALSE,FALSE,2026-06-02,informal,202586
LS-04592,Douala,Deido,apartment,5,3,176.8,1,2,FALSE,TRUE,FALSE,FALSE,FALSE,2026-01-13,agency,671312
LS-01936,Douala,Bonaberi,duplex,4,3,116.9,13,0,TRUE,FALSE,TRUE,FALSE,FALSE,2025-12-14,agency,270774
LS-02215,Yaounde,Mendong,chambre moderne,0,1,26.0,0,3,FALSE,FALSE,FALSE,FALSE,FALSE,21/06/2026,agency,63862
LS-05881,Yaounde,Omnisport,studio,2,2,75.1,9,0,TRUE,FALSE,TRUE,FALSE,FALSE,2025-12-29,agency,164614
LS-00725,Douala,Makepe,apartment,3,2,108.3,1,3,FALSE,TRUE,TRUE,TRUE,TRUE,2025-08-06,agency,439356
LS-04354,Yaounde,Mimboman,apartment,1,1,47.2,20,1,no,FALSE,FALSE,FALSE,FALSE,2025-08-07,agency,51767
LS-01192,Yaounde,Omnisport,duplex,1,1,58.6,16,1,FALSE,FALSE,FALSE,TRUE,FALSE,2026-08-03,agency,207868
LS-02703,Yaounde,Mvog-Betsi,duplex,1,2,47.5,12,3,FALSE,FALSE,FALSE,FALSE,FALSE,14/09/2025,agency,97312
LS-02016,Douala,Deido,chambre moderne,2,2,74.7,10,3,no,FALSE,TRUE,TRUE,FALSE,2025-11-29,agency,165468
LS-04803,Yaounde,Bastos,studio,2,3,68.5,7,0,FALSE,TRUE,TRUE,FALSE,FALSE,2025-11-18,portal,366317
LS-02878,Douala,Bonapriso,apartment,3,3,104.0,0,4,TRUE,FALSE,FALSE,FALSE,FALSE,2025-09-09,portal,420621
LS-01255,Douala,Bonamoussadi,chambre moderne,4,3,134.2,11,0,FALSE,FALSE,TRUE,FALSE,FALSE,2025-09-17,agency,536135
LS-04772,Douala,Makepe,duplex,3,3,117.0 m2,6,4,FALSE,TRUE,FALSE,FALSE,TRUE,2025-09-30,agency,717384
LS-05512,Yaounde,Emana,duplex,3,4,113.5,4,2,FALSE,FALSE,FALSE,FALSE,FALSE,2025-12-25,agency,375898
LS-02778,Yaounde,Golf,apartment,2,3,79.1,44,2,TRUE,FALSE,TRUE,TRUE,FALSE,2025-07-10,agency,250441
LS-04105,Douala,PK14,studio,1,1,48.5,2,4,FALSE,FALSE,FALSE,FALSE,FALSE,2026-03-22,informal,81811
LS-03532,Douala,Bepanda,apartment,4,3,129.9,26,2,FALSE,FALSE,TRUE,FALSE,FALSE,2025-07-30,agency,"405,706"
LS-03292,Douala,Bonanjo,apartment,3,3,89.8,29,1,TRUE,TRUE,TRUE,FALSE,FALSE,2025-12-10,portal,357406
LS-04732,Douala,Bonapriso,apartment,0,1,33.3,12,2,TRUE,TRUE,FALSE,TRUE,TRUE,2026-08-15,informal,164963
LS-06159,Yaounde,Nsam,chambre moderne,0,1,22.7,42,0,FALSE,FALSE,FALSE,TRUE,FALSE,2026-03-09,informal,31455
LS-00287,Yaounde,Etoudi,apartment,3,2,97.5,16,0,FALSE,FALSE,FALSE,FALSE,TRUE,2025-10-18,portal,247767
LS-00320,Yaounde,Emana,studio,0,1,24.3,21,1,FALSE,FALSE,TRUE,FALSE,FALSE,2025-09-03,agency,33511
LS-05893,Yaounde,Mendong,studio,3,3,94.6,18,4,FALSE,FALSE,FALSE,FALSE,FALSE,2026-04-27,informal,
LS-03561,Douala,Bonanjo,apartment,4,4,137.7,0,0,FALSE,FALSE,TRUE,FALSE,TRUE,2025-11-13,agency,791076
LS-00449,Douala,Ndokoti,apartment,1,1,33.7,14,0,FALSE,FALSE,TRUE,FALSE,FALSE,2025-12-23,informal,
LS-05613,Douala,Logpom,studio,4,3,120.0,25,3,TRUE,FALSE,TRUE,TRUE,FALSE,2026-01-16,informal,316547
LS-03592,Douala,Ndokoti,duplex,1,1,37.7,29,4,FALSE,TRUE,FALSE,FALSE,FALSE,2025-07-23,informal,"47,550"
LS-03362,Yaounde,Emana,chambre moderne,4,3,142.1,8,2,TRUE,TRUE,TRUE,FALSE,FALSE,2026-03-03,agency,301386
LS-00065,Douala,Ndokoti,apartment,3,4,250.9,23,0,FALSE,FALSE,TRUE,FALSE,FALSE,2025-08-22,agency,1232354
LS-05514,Douala,Bonaberi,villa,1,1,48.0 m2,0,1,FALSE,TRUE,FALSE,FALSE,FALSE,2025-08-06,informal,
LS-02743,Douala,Bonanjo,duplex,3,3,82.7,27,1,TRUE,FALSE,TRUE,TRUE,TRUE,2026-08-06,agency,285254
LS-05831,Yaounde,Emana,apartment,2,3,78.2,11,0,no,TRUE,FALSE,FALSE,FALSE,02/07/2025,agency,230063
LS-05048,Yaounde,Nkolbisson,apartment,2,3,88.7,27,0,FALSE,FALSE,FALSE,FALSE,FALSE,17/04/2026,portal,123075
LS-06145,Yaounde,Mimboman,villa,3,2,102.7,0,0,TRUE,FALSE,FALSE,TRUE,FALSE,25/01/2026,agency,231617
LS-01862,Douala,Bonapriso,studio,0,1,14.0,0,3,FALSE,TRUE,TRUE,TRUE,TRUE,02/03/2026,agency,129728
LS-04591,Yaounde,Mvan,apartment,1,2,35.5,0,0,yes,TRUE,FALSE,FALSE,FALSE,2026-04-15,portal,142401
LS-05535,Yaounde,Biyem-Assi,studio,1,1,38.9,7,0,FALSE,FALSE,TRUE,FALSE,TRUE,27/05/2026,portal,102530
LS-00931,Douala,Bonapriso,chambre moderne,1,2,45.7,23,3,FALSE,TRUE,TRUE,FALSE,FALSE,2026-04-17,agency,124666
LS-02673,Yaounde,Emana,villa,3,2,90.7,8,3,no,FALSE,FALSE,FALSE,FALSE,2026-04-30,informal,168644
LS-02760,Yaounde,Bastos,chambre moderne,1,2,45.5,2,3,TRUE,TRUE,TRUE,TRUE,TRUE,2026-03-28,agency,246839
LS-03960,Yaounde,Bastos,villa,1,2,63.7,0,1,TRUE,TRUE,TRUE,TRUE,TRUE,2025-10-25,agency,327006
LS-04213,Douala,Bonapriso,chambre moderne,1,1,50.8,39,1,TRUE,TRUE,TRUE,FALSE,FALSE,2026-01-09,informal,154995
LS-01807,Yaounde,Nkolbisson,apartment,1,1,59.8,14,3,FALSE,FALSE,FALSE,FALSE,FALSE,2026-06-17,agency,96493
LS-06147,Douala,Bonaberi,studio,3,3,82.0,9,3,FALSE,FALSE,FALSE,FALSE,FALSE,2026-01-06,agency,171842
LS-03421,Douala,PK14,apartment,2,2,87.4,13,1,FALSE,FALSE,FALSE,FALSE,FALSE,2026-02-10,agency,218108
LS-03987,Douala,Bonapriso,apartment,3,3,90.3,11,1,TRUE,TRUE,TRUE,FALSE,FALSE,2026-02-02,agency,218561
LS-03855,Douala,Bonamoussadi,apartment,2,2,73.1,24,0,FALSE,TRUE,TRUE,FALSE,FALSE,23/09/2025,agency,191987
LS-03728,Yaounde,Mvog-Betsi,duplex,1,1,42.9,0,1,FALSE,FALSE,TRUE,FALSE,FALSE,2025-08-31,informal,
LS-05552,Yaounde,Bastos,apartment,5,3,156.1,7,0,FALSE,FALSE,TRUE,TRUE,TRUE,2025-10-12,agency,2077480
LS-03429,Yaounde,Nkolbisson,studio,1,2,33.6,33,4,FALSE,FALSE,FALSE,FALSE,FALSE,2025-09-06,agency,68657
LS-00617,Yaounde,Emana,villa,2,2,80.7,15,2,FALSE,TRUE,FALSE,FALSE,FALSE,2026-06-12,informal,146716
LS-05596,Douala,Makepe,villa,3,3,99.6,10,0,FALSE,FALSE,FALSE,TRUE,TRUE,22/05/2026,agency,262306
LS-05522,Yaounde,Mvog-Betsi,chambre moderne,4,2,119.3,31,4,FALSE,FALSE,TRUE,FALSE,FALSE,2025-07-08,portal,256428
LS-04455,Yaounde,Mvog-Betsi,chambre moderne,2,2,60.7,21,1,TRUE,TRUE,FALSE,TRUE,FALSE,2026-06-06,agency,159161
LS-02817,Yaounde,Nkolbisson,apartment,0,1,14.0,19,0,FALSE,FALSE,TRUE,FALSE,FALSE,2025-08-20,agency,50861
LS-03021,Yaounde,Mendong,apartment,2,2,83.6,13,3,TRUE,TRUE,FALSE,FALSE,FALSE,2026-02-21,portal,102686
LS-04644,Yaounde,Nsam,villa,2,1,94.4,14,0,FALSE,FALSE,FALSE,FALSE,FALSE,2025-11-18,agency,137971
LS-03122,Douala,PK14,apartment,0,1,14.0,0,1,TRUE,TRUE,TRUE,FALSE,FALSE,2026-04-08,agency,74242
LS-04713,Douala,Bonanjo,apartment,4,3,133.9,4,1,TRUE,FALSE,TRUE,FALSE,TRUE,2026-02-06,informal,1358431
LS-05121,Yaounde,Golf,chambre moderne,3,1,98.2,21,4,TRUE,FALSE,FALSE,FALSE,FALSE,04/06/2026,portal,199415
LS-05403,Douala,Makepe,studio,4,3,135.7,17,0,FALSE,TRUE,TRUE,FALSE,FALSE,2026-02-16,portal,460215
LS-00609,Yaounde,Mimboman,chambre moderne,4,3,133.9,28,4,FALSE,FALSE,TRUE,FALSE,FALSE,2026-04-30,portal,328437
LS-04557,Yaounde,Mendong,chambre moderne,4,3,111.9,17,0,FALSE,FALSE,FALSE,FALSE,FALSE,2025-09-14,agency,326190
LS-05446,Yaounde,Mvan,villa,3,2,123.2,5,3,FALSE,FALSE,FALSE,FALSE,FALSE,2026-04-06,informal,282617
LS-02857,Yaounde,Mvan,studio,3,3,99.1,20,0,FALSE,FALSE,FALSE,FALSE,FALSE,2025-09-11,agency,227002
LS-03069,Yaounde,Mvog-Betsi,villa,3,4,110.0,0,1,FALSE,FALSE,TRUE,FALSE,FALSE,19/11/2025,agency,275261
LS-02097,Yaounde,Mimboman,apartment,2,2,58.2,16,2,TRUE,FALSE,FALSE,FALSE,FALSE,2026-02-12,informal,73074
LS-04616,Douala,Bonaberi,apartment,3,2,93.3,0,0,FALSE,FALSE,FALSE,FALSE,FALSE,03/09/2025,agency,170990
LS-01785,Douala,Bonapriso,apartment,3,2,97.2,19,0,TRUE,FALSE,TRUE,TRUE,TRUE,2026-03-12,agency,349684
LS-05756,Douala,Ndokoti,duplex,4,2,151.3,9,0,FALSE,FALSE,TRUE,FALSE,FALSE,22/06/2026,informal,269781
LS-00141,Yaounde,Mvog-Betsi,apartment,2,2,54.6,14,1,FALSE,FALSE,TRUE,FALSE,FALSE,2026-01-27,portal,"90,032"
LS-03543,Douala,New Bell,apartment,0,1,19.1,8,4,FALSE,TRUE,FALSE,FALSE,FALSE,26/03/2026,agency,39295
LS-03840,Yaounde,Etoudi,studio,1,2,63.2,18,2,no,TRUE,TRUE,FALSE,FALSE,2026-02-28,informal,90184
LS-03786,Douala,Bonamoussadi,villa,2,2,59.6,23,0,FALSE,FALSE,FALSE,FALSE,FALSE,2026-05-06,informal,201167
LS-01815,Douala,Makepe,apartment,0,1,23.1,34,2,FALSE,FALSE,TRUE,FALSE,TRUE,07/09/2025,agency,57968
LS-03539,Douala,PK14,studio,3,2,81.1,5,3,FALSE,FALSE,FALSE,FALSE,FALSE,2025-08-01,portal,159520
LS-04645,Douala,New Bell,apartment,3,4,93.0,10,1,FALSE,FALSE,FALSE,FALSE,FALSE,2026-07-18,portal,217537
LS-03432,Douala,Bonanjo,studio,2,2,92.5,14,1,FALSE,FALSE,FALSE,TRUE,FALSE,2026-07-03,informal,202835
LS-00954,Douala,Bonapriso,studio,1,2,49.5 m2,0,3,FALSE,TRUE,TRUE,TRUE,FALSE,2025-08-06,agency,173480
LS-00939,Yaounde,Biyem-Assi,chambre moderne,2,1,98.3,18,1,FALSE,FALSE,FALSE,FALSE,FALSE,2026-08-15,agency,"166,803"
LS-05011,Douala,Bepanda,duplex,1,1,60.7,5,0,TRUE,FALSE,FALSE,FALSE,FALSE,2026-05-23,agency,107670
LS-00716,Yaounde,Mimboman,studio,2,3,70.0,4,3,FALSE,FALSE,TRUE,FALSE,FALSE,2026-04-20,informal,100674
LS-02199,Yaounde,Golf,villa,1,2,43.6,18,3,TRUE,TRUE,FALSE,FALSE,FALSE,2025-11-30,agency,116094
LS-04233,Douala,Makepe,duplex,1,1,56.5,17,1,FALSE,FALSE,FALSE,TRUE,FALSE,19/04/2026,agency,156772
LS-00671,Douala,Deido,apartment,1,1,50.6,0,1,FALSE,TRUE,TRUE,FALSE,FALSE,2025-08-11,informal,
LS-00812,Douala,Deido,chambre moderne,3,3,113.8,6,1,FALSE,TRUE,FALSE,TRUE,FALSE,2025-12-22,agency,264151
LS-00654,Douala,Makepe,apartment,2,2,49.9,15,4,FALSE,TRUE,FALSE,FALSE,FALSE,2026-01-16,portal,125547
LS-01086,Douala,Bepanda,apartment,3,1,101.4,18,3,FALSE,TRUE,TRUE,FALSE,FALSE,2025-07-07,agency,259256
LS-04733,Douala,New Bell,apartment,2,1,63.0,26,1,FALSE,TRUE,TRUE,FALSE,FALSE,21/10/2025,portal,101124
LS-00008,Yaounde,Biyem-Assi,apartment,1,2,51.3,10,0,FALSE,FALSE,FALSE,FALSE,FALSE,06/06/2026,agency,176829
LS-04055,Douala,Akwa,apartment,1,1,49.5,0,0,FALSE,FALSE,TRUE,FALSE,FALSE,27/02/2026,portal,249436
LS-03255,Yaounde,Nsam,studio,1,2,46.7,20,0,FALSE,FALSE,FALSE,FALSE,FALSE,2026-01-08,informal,75067
LS-01335,Douala,Akwa,apartment,2,2,72.8,0,4,TRUE,TRUE,TRUE,TRUE,FALSE,2026-01-21,agency,237910
LS-03003,Douala,Bonapriso,apartment,3,3,79.2,26,1,FALSE,TRUE,TRUE,TRUE,FALSE,2025-08-08,portal,187601
LS-03036,Yaounde,Emana,duplex,2,2,88.1,20,1,FALSE,FALSE,TRUE,FALSE,TRUE,2026-02-24,agency,167500
LS-03744,Douala,Bonamoussadi,chambre moderne,2,2,57.3,28,0,TRUE,FALSE,FALSE,TRUE,FALSE,2025-10-18,agency,107350
LS-04064,Yaounde,Mendong,apartment,2,1,74.0,8,1,TRUE,TRUE,FALSE,FALSE,FALSE,2026-06-07,agency,142977
LS-05616,Douala,Deido,studio,5,3,170.1,29,1,TRUE,FALSE,FALSE,FALSE,FALSE,2026-03-18,agency,847883
LS-03858,Yaounde,Golf,duplex,1,2,51.7,27,1,TRUE,FALSE,TRUE,TRUE,FALSE,2025-08-16,agency,118528
LS-00408,Yaounde,Mvog-Betsi,duplex,2,2,59.1,11,0,FALSE,FALSE,FALSE,FALSE,FALSE,25/12/2025,informal,
LS-01707,Yaounde,Mvan,villa,3,3,84.1,6,3,FALSE,TRUE,TRUE,FALSE,FALSE,2025-10-02,informal,222675
LS-03116,Douala,Bonamoussadi,villa,2,2,84.9,17,0,FALSE,FALSE,FALSE,FALSE,TRUE,21/10/2025,portal,214956
LS-04156,Douala,PK14,apartment,2,2,83.8,16,4,FALSE,FALSE,FALSE,FALSE,FALSE,2025-11-28,informal,115068
LS-02699,Yaounde,Mvan,apartment,2,2,76.8,5,1,FALSE,FALSE,TRUE,TRUE,FALSE,2026-04-16,portal,137831
LS-03995,Douala,PK14,duplex,3,1,110.2,17,3,FALSE,FALSE,FALSE,FALSE,FALSE,2026-04-26,portal,180447
LS-03973,Yaounde,Mvan,apartment,2,2,76.7,0,1,FALSE,FALSE,FALSE,FALSE,FALSE,08/08/2026,agency,198184
LS-04209,Yaounde,Mvog-Betsi,chambre moderne,1,1,48.9,18,0,FALSE,FALSE,TRUE,FALSE,FALSE,2026-02-02,portal,"83,304"
LS-00839,Yaounde,Etoudi,duplex,2,1,70.4,21,2,FALSE,FALSE,FALSE,FALSE,FALSE,2025-07-23,agency,184087
LS-04112,Douala,PK14,studio,0,1,24.8,8,0,FALSE,TRUE,TRUE,FALSE,TRUE,2026-01-06,agency,54671
LS-02712,Yaounde,Mendong,apartment,2,2,63.5,3,4,FALSE,FALSE,FALSE,FALSE,FALSE,2026-04-11,informal,94872
LS-05113,Douala,Bepanda,duplex,1,2,51.7,12,0,TRUE,FALSE,FALSE,FALSE,FALSE,2025-07-02,portal,163570
LS-01782,Douala,Bonaberi,villa,4,3,137.1,10,4,FALSE,FALSE,FALSE,FALSE,FALSE,2026-02-27,agency,244388
LS-04364,Yaounde,Nkolbisson,duplex,1,2,37.4,11,3,FALSE,TRUE,FALSE,FALSE,FALSE,2026-03-30,agency,95332
LS-02870,Douala,Bepanda,apartment,2,2,92.8,8,4,FALSE,TRUE,TRUE,FALSE,FALSE,2026-07-17,portal,198193
LS-02282,Yaounde,Golf,studio,0,1,19.4,23,1,FALSE,TRUE,TRUE,FALSE,FALSE,2025-09-24,agency,57795
LS-03690,Yaounde,Mvog-Betsi,apartment,3,2,90.2,21,0,FALSE,TRUE,FALSE,FALSE,FALSE,2026-03-20,portal,244365
LS-05726,Yaounde,Mimboman,apartment,2,2,84.1,4,0,FALSE,FALSE,TRUE,FALSE,FALSE,2025-12-08,informal,
LS-02590,Yaounde,Omnisport,duplex,1,1,45.4,4,3,TRUE,TRUE,TRUE,FALSE,FALSE,2026-05-20,portal,135193
LS-02231,Yaounde,Nsam,chambre moderne,1,2,46.8,8,1,FALSE,FALSE,FALSE,FALSE,FALSE,2026-03-09,portal,78743
LS-04633,Douala,Bonamoussadi,apartment,3,2,79.3,13,3,FALSE,TRUE,TRUE,FALSE,FALSE,2025-07-31,agency,331337
LS-00897,Yaounde,Bastos,apartment,3,2,103.2,12,1,FALSE,TRUE,FALSE,TRUE,TRUE,2026-07-08,agency,465518
LS-03501,Yaounde,Nsam,apartment,3,4,74.2,19,1,FALSE,FALSE,TRUE,FALSE,FALSE,2026-07-23,informal,165616
LS-02554,Douala,Ndokoti,apartment,3,2,107.4,13,3,FALSE,FALSE,TRUE,FALSE,TRUE,2025-09-21,agency,356874
LS-04135,Douala,Makepe,chambre moderne,2,1,77.3,15,3,FALSE,TRUE,FALSE,FALSE,TRUE,2026-05-20,informal,"177,580"
LS-05934,Yaounde,Etoudi,chambre moderne,2,1,60.5,23,0,TRUE,FALSE,FALSE,FALSE,FALSE,2025-08-15,portal,115086
LS-05891,Yaounde,Bastos,villa,0,1,20.5,20,3,TRUE,TRUE,TRUE,FALSE,FALSE,2026-07-17,portal,109804
LS-05358,Douala,Bepanda,studio,1,2,54.7,3,1,FALSE,FALSE,TRUE,FALSE,FALSE,2026-08-17,portal,86159
LS-02491,Yaounde,Mvog-Betsi,apartment,3,3,107.3,25,1,FALSE,TRUE,TRUE,FALSE,FALSE,2026-07-16,agency,464938
LS-02136,Yaounde,Golf,apartment,3,4,99.2,0,3,FALSE,TRUE,TRUE,TRUE,FALSE,11/05/2026,agency,470559
LS-01161,Yaounde,Omnisport,villa,2,3,76.4,15,0,no,FALSE,TRUE,FALSE,FALSE,2025-07-28,agency,139651
LS-06188,Yaounde,Mvan,villa,3,3,99.1,8,2,FALSE,FALSE,TRUE,TRUE,FALSE,2025-09-24,portal,237179
LS-01356,Yaounde,Nsam,chambre moderne,1,2,43.4,28,0,FALSE,FALSE,TRUE,FALSE,FALSE,01/09/2025,informal,82271
LS-00092,Douala,Ndokoti,villa,2,2,66.3,18,3,FALSE,FALSE,TRUE,FALSE,FALSE,2026-04-03,agency,142780
LS-05584,Douala,Bonanjo,apartment,3,3,88.5,9,0,FALSE,TRUE,TRUE,FALSE,FALSE,2026-07-04,agency,396310
LS-02302,Yaounde,Mvog-Betsi,villa,1,2,47.1,1,4,FALSE,FALSE,FALSE,FALSE,FALSE,2025-12-27,agency,125263
LS-00198,Douala,Bonamoussadi,duplex,2,3,75.2,7,3,yes,TRUE,FALSE,FALSE,FALSE,2026-02-18,agency,249327
LS-04741,Yaounde,Biyem-Assi,apartment,1,2,37.6,0,1,FALSE,FALSE,FALSE,FALSE,TRUE,2026-03-14,agency,114791
LS-04047,Yaounde,Omnisport,apartment,2,2,67.3,18,2,FALSE,FALSE,TRUE,TRUE,FALSE,20/11/2025,informal,161389
LS-01940,Yaounde,Golf,villa,2,2,88.8,1,0,TRUE,FALSE,TRUE,FALSE,FALSE,2026-03-01,portal,368372
LS-05623,Douala,New Bell,studio,3,4,99.2,16,3,FALSE,TRUE,TRUE,FALSE,FALSE,2025-09-03,agency,179415
LS-01312,Yaounde,Biyem-Assi,apartment,0,1,34.6,4,4,FALSE,FALSE,FALSE,TRUE,FALSE,09/10/2025,agency,74826
LS-03752,Douala,Bepanda,villa,3,1,105.0,6,3,FALSE,FALSE,FALSE,FALSE,FALSE,2026-01-14,agency,241856
LS-03689,Yaounde,Nkolbisson,chambre moderne,4,3,126.3,12,3,FALSE,FALSE,FALSE,FALSE,FALSE,2025-09-25,portal,315272
LS-01305,Douala,Makepe,villa,1,1,37.3,15,4,TRUE,FALSE,TRUE,FALSE,TRUE,2025-11-07,informal,101534
LS-02070,Yaounde,Mendong,studio,3,3,80.9,18,4,TRUE,FALSE,FALSE,FALSE,FALSE,2025-10-14,portal,145361
LS-04517,Yaounde,Mvan,apartment,2,1,70.1,7,0,FALSE,FALSE,TRUE,FALSE,FALSE,2026-05-06,agency,139999
LS-05453,Douala,Bonamoussadi,apartment,1,1,52.8,0,0,TRUE,FALSE,FALSE,FALSE,TRUE,2026-02-19,agency,133460
LS-00862,Yaounde,Golf,apartment,1,1,27.8,4,2,FALSE,TRUE,TRUE,TRUE,FALSE,2025-12-08,agency,136761
LS-06039,Yaounde,Omnisport,apartment,4,3,125.4,0,2,FALSE,FALSE,FALSE,FALSE,FALSE,2025-07-24,agency,343304
LS-02711,Yaounde,Mvan,duplex,1,2,47.7,33,1,FALSE,TRUE,TRUE,FALSE,FALSE,2025-07-14,agency,82219
LS-03962,Yaounde,Mendong,apartment,3,2,103.6,3,1,FALSE,FALSE,FALSE,FALSE,FALSE,2025-08-10,portal,276669
LS-03659,Douala,Bonanjo,apartment,2,3,82.6,9,3,TRUE,TRUE,TRUE,FALSE,TRUE,2026-06-19,agency,247030
LS-01163,Yaounde,Nkolbisson,apartment,2,2,72.7,29,0,TRUE,TRUE,FALSE,FALSE,FALSE,2025-10-17,informal,67668
LS-01572,Yaounde,Bastos,apartment,5,4,160.5,5,3,TRUE,FALSE,FALSE,TRUE,FALSE,2026-07-16,agency,1375219
LS-00874,Yaounde,Mimboman,chambre moderne,2,2,63.9,12,0,FALSE,TRUE,FALSE,FALSE,FALSE,2025-10-13,portal,107491
LS-01444,Douala,New Bell,apartment,1,2,46.2,10,4,TRUE,TRUE,FALSE,FALSE,FALSE,2025-12-13,agency,"110,398"
LS-03423,Yaounde,Biyem-Assi,apartment,3,2,100.3,20,4,FALSE,FALSE,FALSE,FALSE,FALSE,2026-06-06,agency,149418
LS-05406,Douala,Bonaberi,duplex,1,1,40.4,20,4,FALSE,FALSE,FALSE,TRUE,FALSE,2025-12-07,informal,
LS-05767,Douala,Deido,apartment,1,1,61.1,2,3,FALSE,FALSE,FALSE,FALSE,FALSE,2026-04-09,agency,126181
LS-05213,Douala,Makepe,villa,2,1,67.5,19,0,FALSE,TRUE,TRUE,FALSE,FALSE,2025-07-26,agency,254290
LS-02085,Yaounde,Nsam,studio,0,1,14.0,7,0,FALSE,FALSE,FALSE,FALSE,FALSE,2026-03-24,portal,58424
LS-01153,Douala,Bepanda,studio,1,2,53.8,15,4,FALSE,FALSE,FALSE,FALSE,TRUE,2026-08-03,agency,122881
LS-01550,Douala,Bonaberi,villa,3,2,94.7,7,2,FALSE,TRUE,TRUE,FALSE,FALSE,2026-06-05,agency,266998
LS-01634,Yaounde,Biyem-Assi,apartment,2,2,57.6,36,0,FALSE,TRUE,FALSE,FALSE,FALSE,2025-11-06,portal,165577
LS-06075,Douala,Akwa,villa,3,2,84.3 m2,21,3,TRUE,TRUE,TRUE,TRUE,FALSE,2026-07-18,agency,266821
LS-06042,Douala,Akwa,apartment,1,2,53.1,19,0,FALSE,FALSE,FALSE,FALSE,FALSE,2026-08-02,agency,89330
LS-05821,Yaounde,Golf,studio,1,2,62.1,24,0,FALSE,FALSE,FALSE,FALSE,TRUE,2025-09-25,informal,184376
LS-00006,Yaounde,Nsam,studio,1,2,37.8,1,0,FALSE,FALSE,TRUE,FALSE,FALSE,07/11/2025,portal,63019
LS-01583,Douala,PK14,apartment,0,1,21.6,2,0,FALSE,FALSE,FALSE,FALSE,FALSE,2026-06-20,portal,31271
LS-02623,Douala,New Bell,apartment,1,1,51.5,22,3,yes,FALSE,FALSE,FALSE,FALSE,2025-09-22,informal,"59,372"
LS-04726,Douala,Ndokoti,chambre moderne,2,2,72.7,19,1,FALSE,FALSE,FALSE,FALSE,FALSE,2025-07-03,agency,101843
LS-05297,Douala,Bonaberi,chambre moderne,2,2,87.5,6,3,FALSE,TRUE,TRUE,FALSE,FALSE,2025-12-29,agency,221653
LS-01266,Douala,Makepe,studio,3,3,114.7,0,1,FALSE,FALSE,TRUE,TRUE,FALSE,2025-10-18,agency,"439,523"
LS-05127,Yaounde,Golf,chambre moderne,2,2,87.5,27,3,TRUE,TRUE,TRUE,FALSE,TRUE,2026-07-15,agency,261877
LS-05538,Yaounde,Mvan,apartment,3,2,95.8,4,1,no,TRUE,FALSE,FALSE,FALSE,2026-02-17,agency,227407
LS-02821,Yaounde,Mvan,apartment,3,3,94.2,25,3,FALSE,FALSE,TRUE,TRUE,TRUE,2026-05-03,portal,261821
LS-00148,Douala,Bonapriso,villa,2,2,52.0,11,4,TRUE,TRUE,TRUE,TRUE,FALSE,2026-05-08,portal,179349
LS-01984,Douala,Akwa,studio,3,2,109.4,17,1,TRUE,TRUE,TRUE,FALSE,TRUE,2026-05-22,agency,352729
LS-02137,Yaounde,Golf,villa,3,3,92.0,7,3,FALSE,FALSE,TRUE,FALSE,FALSE,10/04/2026,agency,"273,680"
LS-05615,Yaounde,Mendong,apartment,2,2,76.7,10,1,FALSE,FALSE,TRUE,FALSE,FALSE,2026-05-13,agency,144997
LS-05497,Douala,New Bell,apartment,4,4,126.7,0,4,FALSE,FALSE,TRUE,FALSE,FALSE,2026-01-07,informal,372997
LS-05791,Yaounde,Etoudi,apartment,0,1,15.1,30,2,FALSE,FALSE,TRUE,FALSE,FALSE,2025-07-20,agency,56179
LS-01882,Douala,PK14,villa,0,1,20.2,14,4,FALSE,FALSE,FALSE,FALSE,TRUE,2026-01-14,agency,63806
LS-00764,Yaounde,Etoudi,apartment,3,3,115.4,12,0,FALSE,TRUE,TRUE,FALSE,TRUE,2025-12-19,agency,351067
LS-05852,Yaounde,Bastos,studio,2,2,63.7,26,4,TRUE,FALSE,TRUE,TRUE,TRUE,2026-02-14,agency,203982
LS-00799,Yaounde,Biyem-Assi,villa,3,4,89.5,3,1,FALSE,TRUE,FALSE,FALSE,FALSE,2025-11-08,informal,243058
LS-03106,Yaounde,Golf,duplex,1,2,72.6,0,1,FALSE,FALSE,TRUE,TRUE,TRUE,2025-09-08,agency,292801
LS-05928,Yaounde,Golf,studio,2,2,87.3,14,3,FALSE,FALSE,TRUE,TRUE,FALSE,2026-04-11,portal,177021
LS-03300,Douala,New Bell,apartment,2,2,83.9,21,1,FALSE,FALSE,FALSE,FALSE,FALSE,06/05/2026,informal,
LS-00731,Yaounde,Mvog-Betsi,apartment,3,2,104.9,0,2,TRUE,TRUE,TRUE,FALSE,FALSE,2025-09-12,portal,429882
LS-03179,Douala,Bonaberi,apartment,3,3,111.4,9,0,FALSE,FALSE,TRUE,FALSE,FALSE,2026-01-04,informal,224874
LS-03086,Douala,Ndokoti,duplex,2,2,65.1,10,0,FALSE,FALSE,TRUE,FALSE,FALSE,2026-06-11,informal,93975
LS-04857,Yaounde,Etoudi,studio,2,3,102.3,12,3,FALSE,TRUE,FALSE,TRUE,TRUE,2025-12-28,agency,280233
LS-00876,Yaounde,Mvog-Betsi,apartment,2,1,72.7,9,1,FALSE,FALSE,TRUE,FALSE,FALSE,22/09/2025,informal,134332
LS-06135,Douala,Ndokoti,studio,4,4,125.2,24,0,FALSE,FALSE,FALSE,FALSE,FALSE,2025-08-30,agency,343129
LS-03764,Douala,Deido,chambre moderne,3,2,102.2,16,0,FALSE,TRUE,TRUE,TRUE,FALSE,11/09/2025,portal,247142
LS-01891,Yaounde,Mendong,villa,5,3,142.1,22,4,FALSE,FALSE,FALSE,FALSE,FALSE,2026-08-11,agency,539381
LS-01414,Yaounde,Nkolbisson,apartment,1,2,46.8,7,2,FALSE,TRUE,TRUE,FALSE,FALSE,2025-10-29,agency,89465
LS-02580,Douala,Makepe,apartment,0,1,16.8,23,4,TRUE,TRUE,TRUE,FALSE,FALSE,2025-08-06,informal,106134
LS-02668,Yaounde,Bastos,apartment,2,2,90.9,4,1,FALSE,TRUE,TRUE,TRUE,TRUE,2026-04-24,informal,606860
LS-01990,Yaounde,Mvan,apartment,2,1,51.7,11,4,FALSE,FALSE,TRUE,FALSE,FALSE,2026-04-26,agency,85887
LS-02680,Douala,Bonanjo,apartment,5,3,133.4,30,3,FALSE,FALSE,TRUE,FALSE,FALSE,2026-04-07,informal,"587,161"
LS-03684,Yaounde,Mvog-Betsi,chambre moderne,0,1,14.0,10,2,FALSE,FALSE,TRUE,FALSE,FALSE,2026-08-17,agency,"52,774"
LS-00331,Douala,Bonaberi,duplex,1,2,45.5,10,1,FALSE,FALSE,FALSE,FALSE,TRUE,2026-05-04,portal,152627
LS-03360,Douala,Ndokoti,chambre moderne,1,1,38.4,27,2,FALSE,TRUE,TRUE,FALSE,FALSE,2026-05-23,agency,81351
LS-05476,Yaounde,Bastos,duplex,4,2,116.9,29,0,TRUE,TRUE,TRUE,TRUE,FALSE,2026-03-19,informal,
LS-05449,Douala,Bonaberi,apartment,2,1,62.8,5,0,no,TRUE,TRUE,FALSE,FALSE,14/07/2025,agency,93917
LS-00699,Yaounde,Mvog-Betsi,apartment,2,2,80.5,0,1,TRUE,FALSE,TRUE,FALSE,FALSE,2025-10-13,agency,270499
LS-02368,Yaounde,Bastos,apartment,1,1,24.3,29,1,FALSE,TRUE,TRUE,TRUE,TRUE,2026-04-16,informal,267565
LS-05014,Yaounde,Biyem-Assi,apartment,0,1,24.3,14,0,TRUE,FALSE,TRUE,FALSE,FALSE,2026-07-08,informal,
LS-04350,Douala,Logpom,apartment,2,3,81.3,0,0,FALSE,TRUE,FALSE,FALSE,FALSE,2025-08-24,informal,293717
LS-00105,Yaounde,Mendong,apartment,1,1,39.7,4,2,FALSE,FALSE,FALSE,TRUE,FALSE,2026-08-16,portal,93998
LS-00933,Douala,Bonaberi,apartment,3,3,95.1,3,0,TRUE,TRUE,FALSE,FALSE,FALSE,2025-09-30,agency,232624
LS-05226,Yaounde,Nsam,studio,3,2,78.1,0,2,TRUE,FALSE,FALSE,FALSE,FALSE,2025-10-28,informal,
LS-02021,Douala,Bonanjo,studio,4,2,112.6,0,3,FALSE,TRUE,TRUE,TRUE,FALSE,2026-01-24,portal,610858
LS-00519,Douala,Bonapriso,apartment,2,2,74.2,18,4,FALSE,TRUE,FALSE,TRUE,TRUE,2025-12-31,informal,339197
LS-01393,Douala,Akwa,villa,2,2,60.6,28,0,FALSE,FALSE,TRUE,FALSE,FALSE,2025-11-16,agency,111187
LS-05593,Yaounde,Biyem-Assi,apartment,5,4,153.2,21,0,TRUE,FALSE,TRUE,FALSE,TRUE,2026-05-04,agency,739801
LS-01200,Douala,Makepe,chambre moderne,0,1,32.1 m2,7,3,TRUE,FALSE,FALSE,TRUE,FALSE,2025-11-20,portal,92249
LS-01879,Douala,Akwa,villa,1,2,17.3,0,0,FALSE,FALSE,TRUE,TRUE,FALSE,2026-01-05,portal,142043
LS-04848,Yaounde,Golf,villa,3,2,109.8,18,0,FALSE,TRUE,TRUE,FALSE,TRUE,2025-10-16,portal,500891
LS-03696,Douala,Bonamoussadi,apartment,5,3,149.9,18,1,TRUE,FALSE,TRUE,FALSE,FALSE,2026-08-18,agency,1092326
LS-00381,Yaounde,Mvog-Betsi,apartment,4,3,135.6,21,4,FALSE,FALSE,FALSE,FALSE,FALSE,2026-07-11,portal,400982
LS-00060,Yaounde,Mimboman,studio,3,3,89.7 m2,24,3,FALSE,FALSE,FALSE,FALSE,FALSE,2026-08-12,portal,104732
LS-03063,Yaounde,Bastos,apartment,2,2,93.8,8,1,TRUE,FALSE,TRUE,FALSE,TRUE,2026-06-23,informal,499130
LS-02685,Yaounde,Nkolbisson,apartment,0,1,16.0,5,1,no,FALSE,FALSE,FALSE,FALSE,2026-05-13,agency,56175
LS-01050,Yaounde,Mvog-Betsi,chambre moderne,2,1,84.6,20,1,FALSE,FALSE,FALSE,FALSE,FALSE,2026-04-18,informal,131702
LS-04384,Yaounde,Golf,chambre moderne,2,2,56.3,27,1,no,FALSE,FALSE,FALSE,FALSE,2026-07-23,portal,197848
LS-02169,Douala,Logpom,apartment,2,2,83.2,12,1,TRUE,TRUE,FALSE,FALSE,TRUE,2026-03-30,informal,
LS-02508,Douala,New Bell,apartment,4,4,109.6,2,1,FALSE,FALSE,TRUE,FALSE,FALSE,2026-01-28,informal,238181
LS-00113,Douala,Logpom,apartment,2,2,64.2,20,2,FALSE,TRUE,TRUE,TRUE,FALSE,2025-08-04,informal,
LS-00076,Yaounde,Emana,villa,1,1,63.1,16,0,FALSE,FALSE,TRUE,FALSE,FALSE,2025-08-07,portal,87301
LS-05071,Douala,Ndokoti,duplex,0,1,14.0,8,4,FALSE,TRUE,TRUE,FALSE,FALSE,2025-08-11,agency,34590
LS-00425,Yaounde,Etoudi,chambre moderne,2,2,79.6,32,0,TRUE,FALSE,FALSE,FALSE,FALSE,2026-07-21,agency,140417
LS-05336,Douala,Bepanda,duplex,2,3,71.0,10,4,FALSE,FALSE,FALSE,FALSE,FALSE,2025-07-18,agency,141734
LS-05022,Douala,Ndokoti,apartment,1,2,42.8,20,0,FALSE,FALSE,FALSE,FALSE,FALSE,2026-03-21,portal,50034
LS-02980,Yaounde,Mvan,chambre moderne,1,1,63.9,6,1,FALSE,TRUE,FALSE,FALSE,FALSE,2026-08-07,informal,147594
LS-05776,Yaounde,Omnisport,villa,0,1,19.2,4,0,TRUE,TRUE,FALSE,FALSE,FALSE,2026-04-26,agency,96675
LS-00358,Douala,New Bell,apartment,4,3,122.2,37,0,FALSE,FALSE,FALSE,FALSE,FALSE,2026-01-07,agency,284673
LS-01834,Douala,Deido,duplex,2,3,69.7,18,2,FALSE,FALSE,TRUE,FALSE,FALSE,2025-09-12,agency,197095
LS-02476,Yaounde,Mvan,studio,5,2,124.6,7,2,FALSE,TRUE,TRUE,FALSE,FALSE,2025-12-08,portal,393760
LS-01657,Douala,Akwa,chambre moderne,4,4,127.7,19,2,TRUE,TRUE,TRUE,FALSE,FALSE,2026-05-31,informal,
LS-06146,Yaounde,Omnisport,chambre moderne,3,3,127.3,21,1,FALSE,FALSE,FALSE,TRUE,TRUE,2026-08-25,agency,473298
LS-02726,Douala,Bonapriso,studio,1,1,50.9,13,3,TRUE,FALSE,TRUE,FALSE,TRUE,2026-02-08,agency,172766
LS-01264,Yaounde,Mimboman,studio,3,2,114.9,25,1,FALSE,FALSE,FALSE,FALSE,FALSE,20/09/2025,informal,134491
LS-03628,Douala,New Bell,duplex,3,2,102.0,12,0,FALSE,TRUE,FALSE,FALSE,FALSE,2026-01-13,informal,160689
LS-02228,Douala,Logpom,villa,2,3,72.2,0,1,FALSE,FALSE,FALSE,FALSE,FALSE,2025-09-30,portal,199695
LS-05313,Douala,Bonamoussadi,apartment,3,2,114.4,1,4,TRUE,FALSE,FALSE,FALSE,FALSE,05/10/2025,agency,282878
LS-05036,Yaounde,Mendong,duplex,3,2,91.9,17,1,FALSE,FALSE,TRUE,FALSE,FALSE,2025-11-25,portal,154049
LS-02019,Douala,Akwa,duplex,1,1,45.5,21,0,yes,FALSE,TRUE,FALSE,FALSE,2026-05-02,agency,82341
LS-02113,Yaounde,Nsam,apartment,2,2,91.3,24,2,FALSE,FALSE,FALSE,FALSE,FALSE,2025-11-11,portal,207404
LS-05969,Yaounde,Etoudi,duplex,3,1,96.3,0,1,yes,FALSE,TRUE,FALSE,FALSE,2026-07-14,agency,276064
LS-04315,Douala,Bonamoussadi,duplex,0,1,14.0,20,1,TRUE,TRUE,TRUE,FALSE,FALSE,2026-05-30,agency,92882
LS-05923,Yaounde,Mvan,duplex,2,1,74.4,11,4,FALSE,TRUE,TRUE,TRUE,FALSE,2026-05-12,agency,118284
LS-02210,Douala,Bonaberi,chambre moderne,2,2,79.1,11,0,TRUE,TRUE,FALSE,FALSE,TRUE,2026-01-19,informal,164198
LS-00176,Yaounde,Biyem-Assi,apartment,1,2,49.8,22,0,FALSE,FALSE,FALSE,TRUE,FALSE,2026-05-09,agency,146103
LS-00077,Yaounde,Bastos,studio,2,3,74.5,1,0,yes,TRUE,TRUE,TRUE,FALSE,2026-05-10,portal,357360
LS-00379,Yaounde,Nsam,villa,2,2,71.8,27,4,TRUE,FALSE,FALSE,FALSE,FALSE,2026-05-21,informal,118305
LS-04457,Yaounde,Bastos,apartment,0,1,14.0,19,3,TRUE,TRUE,TRUE,TRUE,FALSE,2026-05-04,agency,133616
LS-00182,Douala,Bepanda,chambre moderne,3,3,103.0,21,2,FALSE,FALSE,FALSE,FALSE,FALSE,2025-10-04,agency,179975
LS-05445,Douala,Akwa,villa,0,1,35.0,22,1,FALSE,FALSE,FALSE,TRUE,FALSE,2025-08-08,agency,80191
LS-02465,Yaounde,Biyem-Assi,apartment,4,2,118.2,21,2,FALSE,FALSE,FALSE,FALSE,FALSE,2025-08-22,informal,197825
LS-05325,Yaounde,Mvog-Betsi,studio,0,1,14.0,39,4,TRUE,FALSE,TRUE,FALSE,FALSE,16/10/2025,agency,"35,800"
LS-05162,Yaounde,Mvog-Betsi,apartment,2,2,215.3,11,0,FALSE,FALSE,FALSE,FALSE,FALSE,2026-06-11,agency,929147
LS-02882,Yaounde,Nsam,apartment,4,3,119.5,11,1,FALSE,FALSE,TRUE,FALSE,FALSE,2026-08-13,agency,249785
LS-05141,Douala,Ndokoti,studio,3,3,100.6,1,3,FALSE,FALSE,FALSE,FALSE,FALSE,10/03/2026,agency,173512
LS-05106,Yaounde,Etoudi,villa,3,2,99.3,2,0,FALSE,FALSE,TRUE,FALSE,FALSE,31/07/2026,agency,251702
LS-05941,Douala,Makepe,villa,2,2,98.8,2,4,TRUE,TRUE,TRUE,FALSE,FALSE,27/01/2026,agency,288326
LS-05547,Yaounde,Nsam,apartment,2,2,86.3,0,0,FALSE,FALSE,FALSE,FALSE,FALSE,20/08/2026,portal,257179
LS-03680,Douala,Bonanjo,apartment,0,1,18.5,8,1,FALSE,TRUE,FALSE,FALSE,FALSE,2026-03-25,agency,96825
LS-05657,Douala,Bepanda,apartment,0,1,44.3,26,0,FALSE,TRUE,TRUE,TRUE,FALSE,2025-11-18,portal,66359
LS-00151,Yaounde,Bastos,villa,3,2,117.0,0,3,TRUE,TRUE,TRUE,TRUE,FALSE,2026-03-06,portal,662048
LS-02880,Yaounde,Mimboman,apartment,2,2,85.2,14,0,FALSE,FALSE,FALSE,FALSE,FALSE,2025-07-07,agency,122681
LS-02974,Douala,Logpom,chambre moderne,1,1,61.3,35,2,FALSE,FALSE,TRUE,FALSE,TRUE,2025-12-03,informal,142586
LS-00020,Douala,Deido,apartment,1,1,46.6,19,3,FALSE,TRUE,FALSE,FALSE,FALSE,25/03/2026,portal,84966
LS-00199,Yaounde,Etoudi,studio,0,1,30.6,10,1,FALSE,FALSE,TRUE,FALSE,FALSE,22/07/2026,agency,91754
LS-02738,Yaounde,Mimboman,apartment,2,2,67.4,17,2,FALSE,FALSE,FALSE,FALSE,FALSE,2026-03-07,portal,95894
LS-03340,Douala,Bonapriso,apartment,1,2,36.5,16,1,FALSE,TRUE,FALSE,TRUE,TRUE,2025-08-17,portal,133444
LS-04744,Yaounde,Mimboman,apartment,3,3,93.9,12,1,FALSE,FALSE,FALSE,FALSE,FALSE,2025-08-16,portal,147160
LS-03099,Yaounde,Emana,apartment,3,3,100.3,0,0,FALSE,FALSE,FALSE,FALSE,FALSE,2026-01-18,agency,185526
LS-03718,Douala,Makepe,chambre moderne,2,2,72.1,27,1,TRUE,FALSE,TRUE,TRUE,FALSE,2026-01-17,portal,190409
LS-02121,Yaounde,Nsam,duplex,2,2,67.6 m2,10,0,FALSE,FALSE,FALSE,TRUE,FALSE,04/07/2025,agency,157734
LS-05347,Yaounde,Mvog-Betsi,apartment,3,4,118.4,12,1,FALSE,FALSE,FALSE,FALSE,FALSE,2025-12-12,agency,322138
LS-03356,Douala,Bonapriso,apartment,5,4,152.6,12,3,TRUE,TRUE,TRUE,FALSE,TRUE,2026-01-29,informal,
LS-04212,Douala,Ndokoti,apartment,3,3,76.9,8,2,FALSE,TRUE,FALSE,FALSE,FALSE,2026-05-17,agency,141733
LS-04093,Yaounde,Biyem-Assi,villa,5,4,156.9,14,1,TRUE,TRUE,FALSE,FALSE,FALSE,2026-03-22,agency,1014806
LS-00046,Yaounde,Mimboman,chambre moderne,3,2,99.5,10,0,FALSE,FALSE,FALSE,FALSE,FALSE,2025-08-11,portal,161579
LS-03275,Yaounde,Mvan,villa,5,4,158.3,5,0,FALSE,FALSE,TRUE,FALSE,FALSE,2025-10-27,agency,655705
LS-02181,Douala,PK14,duplex,1,2,36.7,4,0,FALSE,TRUE,FALSE,FALSE,FALSE,04/07/2025,portal,70735
LS-04127,Douala,PK14,duplex,2,1,55.4,25,4,FALSE,FALSE,TRUE,TRUE,FALSE,08/02/2026,agency,40673
LS-01426,Douala,Bepanda,apartment,5,4,144.8,10,3,FALSE,TRUE,TRUE,FALSE,FALSE,2025-11-14,agency,885953
LS-04046,Douala,PK14,duplex,1,1,59.0,18,4,FALSE,TRUE,TRUE,FALSE,FALSE,2026-02-18,agency,82755
LS-00093,Douala,Makepe,duplex,2,2,85.6,4,1,TRUE,TRUE,TRUE,FALSE,TRUE,2025-11-27,informal,
LS-02915,Douala,Bonaberi,duplex,1,2,30.9,13,2,TRUE,FALSE,FALSE,FALSE,FALSE,2026-03-31,agency,51012
LS-03209,Yaounde,Nsam,duplex,2,1,67.3,10,2,TRUE,FALSE,FALSE,FALSE,FALSE,2026-07-13,portal,"134,831"
LS-03048,Yaounde,Golf,chambre moderne,1,1,58.3,28,1,no,TRUE,FALSE,FALSE,TRUE,2026-01-14,agency,230099
LS-00404,Douala,New Bell,apartment,1,2,49.0,2,2,FALSE,TRUE,TRUE,FALSE,FALSE,2025-10-19,agency,79384
LS-04332,Yaounde,Emana,apartment,3,3,84.6,14,4,FALSE,FALSE,FALSE,FALSE,FALSE,2026-01-08,portal,171397
LS-01011,Douala,Bonaberi,duplex,2,3,71.1,0,0,TRUE,FALSE,FALSE,FALSE,FALSE,2026-03-30,agency,162811
LS-02191,Yaounde,Bastos,chambre moderne,3,2,117.0,23,1,TRUE,FALSE,TRUE,TRUE,FALSE,20/01/2026,agency,576055
LS-01357,Yaounde,Mvan,apartment,0,1,15.5,9,3,FALSE,TRUE,FALSE,FALSE,FALSE,2026-07-06,agency,69833
LS-03337,Yaounde,Etoudi,studio,0,1,23.4,18,1,yes,FALSE,TRUE,FALSE,FALSE,2025-08-29,agency,55060
LS-01088,Yaounde,Mvog-Betsi,apartment,2,2,88.0 m2,21,3,FALSE,FALSE,FALSE,TRUE,FALSE,2026-06-28,agency,114179
LS-03148,Douala,PK14,studio,3,1,96.1 m2,12,2,FALSE,FALSE,FALSE,FALSE,FALSE,2025-07-17,portal,188392
LS-03720,Yaounde,Golf,apartment,1,1,30.6,16,4,TRUE,FALSE,TRUE,FALSE,FALSE,2026-03-31,agency,142740
LS-05119,Yaounde,Emana,apartment,1,1,42.6,29,4,TRUE,FALSE,TRUE,FALSE,FALSE,09/08/2026,agency,60099
LS-04454,Yaounde,Biyem-Assi,chambre moderne,0,1,16.1,19,1,TRUE,TRUE,TRUE,FALSE,FALSE,2026-05-01,informal,49684
LS-01506,Douala,Bonanjo,villa,3,2,103.1,2,4,TRUE,FALSE,FALSE,TRUE,TRUE,05/04/2026,portal,497851
LS-03809,Yaounde,Mvog-Betsi,apartment,1,1,72.8 m2,0,4,yes,FALSE,FALSE,FALSE,FALSE,2026-03-11,informal,107453
LS-04263,Douala,Deido,apartment,2,3,77.6,9,4,FALSE,FALSE,FALSE,FALSE,FALSE,2025-10-29,agency,"256,176"
LS-04865,Yaounde,Nkolbisson,villa,0,1,39.9,21,3,FALSE,FALSE,FALSE,FALSE,FALSE,2026-03-30,informal,36341
LS-06019,Yaounde,Biyem-Assi,chambre moderne,4,3,119.4,0,0,FALSE,FALSE,TRUE,TRUE,FALSE,2026-06-20,agency,396851
LS-05210,Yaounde,Golf,villa,1,1,54.6,23,0,yes,TRUE,TRUE,FALSE,FALSE,2026-06-15,informal,180365
LS-05489,Douala,Bepanda,apartment,1,2,40.6,17,0,FALSE,TRUE,TRUE,FALSE,FALSE,2026-07-27,agency,80851
LS-05943,Douala,Bonamoussadi,studio,3,2,108.6 m2,0,0,FALSE,FALSE,FALSE,FALSE,TRUE,2026-02-07,informal,333985
LS-04661,Yaounde,Bastos,apartment,1,2,43.0 m2,12,4,TRUE,FALSE,TRUE,TRUE,FALSE,2026-01-17,informal,134211
LS-05733,Douala,Bonamoussadi,duplex,4,4,126.2,16,4,TRUE,FALSE,TRUE,FALSE,FALSE,2026-05-14,agency,485735
LS-05060,Yaounde,Omnisport,duplex,1,1,32.1,15,3,FALSE,TRUE,TRUE,TRUE,FALSE,2026-07-18,portal,98715
LS-01084,Douala,Akwa,apartment,1,1,41.5 m2,10,3,TRUE,TRUE,FALSE,TRUE,FALSE,2026-03-14,agency,111535
LS-01112,Yaounde,Emana,villa,0,1,37.5,37,4,TRUE,FALSE,FALSE,FALSE,FALSE,2026-02-11,agency,44516
LS-04417,Douala,Akwa,villa,3,1,123.9,0,0,TRUE,TRUE,FALSE,FALSE,FALSE,14/08/2025,agency,519388
LS-04020,Douala,Makepe,apartment,2,2,55.3,3,1,TRUE,FALSE,TRUE,FALSE,FALSE,2026-04-22,informal,
LS-04155,Douala,Logpom,villa,1,1,27.9,21,4,FALSE,FALSE,FALSE,TRUE,FALSE,2025-12-21,portal,68128
LS-03304,Yaounde,Mvan,studio,1,1,42.7,3,1,FALSE,FALSE,TRUE,FALSE,FALSE,2025-07-24,agency,104368
LS-00116,Yaounde,Mimboman,apartment,2,1,77.3,23,0,FALSE,TRUE,FALSE,FALSE,FALSE,2025-07-17,agency,78726
LS-04656,Yaounde,Nkolbisson,chambre moderne,2,2,92.2,0,4,FALSE,FALSE,TRUE,FALSE,FALSE,2026-03-09,portal,148444
LS-01337,Douala,Bonanjo,apartment,3,2,111.1,13,3,TRUE,FALSE,FALSE,FALSE,TRUE,01/10/2025,portal,562295
LS-05067,Yaounde,Bastos,apartment,2,2,44.3,7,2,FALSE,FALSE,TRUE,TRUE,FALSE,2026-04-02,agency,175689
LS-03678,Yaounde,Mvog-Betsi,duplex,4,2,126.7,24,1,TRUE,FALSE,TRUE,FALSE,FALSE,2026-08-22,agency,154282
LS-02459,Douala,PK14,apartment,2,2,77.1,27,0,FALSE,FALSE,TRUE,FALSE,FALSE,2025-08-08,agency,94780
LS-00501,Douala,Bepanda,apartment,4,2,134.7,27,1,FALSE,FALSE,FALSE,FALSE,TRUE,2026-02-26,agency,280239
LS-03366,Yaounde,Mimboman,villa,1,1,68.5,17,1,FALSE,TRUE,FALSE,FALSE,FALSE,2025-09-04,agency,88236
LS-02979,Yaounde,Etoudi,villa,1,2,42.8,13,0,FALSE,FALSE,FALSE,FALSE,FALSE,2026-07-01,agency,77405
LS-01986,Yaounde,Mvog-Betsi,chambre moderne,1,1,35.7,10,1,FALSE,FALSE,FALSE,FALSE,FALSE,17/12/2025,agency,74923
LS-00043,Douala,PK14,apartment,2,2,76.2,18,3,no,FALSE,TRUE,FALSE,FALSE,2025-12-24,portal,93214
LS-02203,Douala,Bonanjo,apartment,1,2,51.5,10,4,TRUE,FALSE,FALSE,FALSE,FALSE,2026-01-14,agency,172377
LS-02090,Douala,Bepanda,apartment,3,3,114.9,15,3,FALSE,FALSE,FALSE,FALSE,FALSE,2025-07-15,informal,
LS-00146,Douala,Bonanjo,chambre moderne,2,1,65.8,15,4,TRUE,TRUE,FALSE,FALSE,TRUE,02/08/2025,portal,167723
LS-02473,Douala,Bonapriso,apartment,2,3,83.3,20,1,TRUE,FALSE,TRUE,FALSE,TRUE,2025-09-30,agency,479995
LS-03109,Douala,Logpom,apartment,2,2,82.3,15,1,TRUE,FALSE,FALSE,TRUE,FALSE,2025-08-12,agency,130654
LS-00059,Douala,Bepanda,apartment,1,2,48.0,10,3,FALSE,FALSE,FALSE,FALSE,TRUE,2026-03-13,agency,76139
LS-00411,Yaounde,Golf,studio,3,3,105.1,5,1,FALSE,FALSE,TRUE,TRUE,FALSE,2025-10-09,portal,443567
LS-05239,Douala,PK14,studio,3,2,105.6,22,1,FALSE,FALSE,FALSE,FALSE,TRUE,15/07/2025,agency,163862
LS-04439,Douala,New Bell,apartment,3,3,96.9,39,2,TRUE,FALSE,TRUE,FALSE,TRUE,2026-04-25,agency,177387
LS-05995,Yaounde,Nsam,apartment,3,3,91.7,0,4,FALSE,FALSE,TRUE,FALSE,FALSE,2025-10-19,agency,195290
LS-03821,Douala,PK14,chambre moderne,5,4,152.2,4,0,FALSE,FALSE,FALSE,FALSE,FALSE,23/05/2026,portal,388558
LS-01816,Douala,Logpom,chambre moderne,3,2,107.2,6,0,FALSE,TRUE,FALSE,FALSE,FALSE,2025-07-30,informal,227049
LS-03034,Douala,Logpom,apartment,4,4,124.0,5,2,FALSE,FALSE,TRUE,TRUE,TRUE,2025-10-11,informal,
LS-00804,Douala,Ndokoti,apartment,2,2,62.9,12,4,FALSE,FALSE,TRUE,FALSE,FALSE,2025-10-21,agency,101647
LS-05617,Yaounde,Mvan,studio,0,1,34.8,0,0,TRUE,FALSE,FALSE,FALSE,FALSE,2026-07-11,informal,69735
LS-05884,Douala,Makepe,apartment,1,1,71.1,25,1,TRUE,FALSE,TRUE,FALSE,FALSE,2026-08-23,agency,121988
LS-04471,Yaounde,Omnisport,chambre moderne,1,2,67.0,29,2,FALSE,FALSE,FALSE,TRUE,FALSE,2026-02-06,agency,113973
LS-05902,Douala,Akwa,studio,3,3,93.5,13,3,FALSE,FALSE,FALSE,TRUE,TRUE,13/03/2026,agency,402953
LS-05142,Douala,Logpom,studio,0,1,41.0,4,1,FALSE,TRUE,FALSE,FALSE,FALSE,2026-02-25,portal,73124
LS-04631,Douala,Bonapriso,duplex,1,1,46.6,10,3,TRUE,FALSE,TRUE,FALSE,TRUE,25/10/2025,agency,200271
LS-02836,Yaounde,Golf,duplex,3,1,80.3,25,1,TRUE,FALSE,TRUE,TRUE,TRUE,2025-08-14,informal,244397
LS-02494,Yaounde,Mimboman,apartment,1,1,37.8,0,0,FALSE,FALSE,TRUE,FALSE,FALSE,2025-09-15,agency,78462
LS-02575,Yaounde,Omnisport,studio,1,2,55.2,23,0,TRUE,TRUE,FALSE,FALSE,FALSE,2026-02-05,informal,113408
LS-04395,Douala,Bonamoussadi,apartment,3,2,118.0,1,0,FALSE,FALSE,FALSE,FALSE,FALSE,2026-02-14,portal,431651
LS-06158,Yaounde,Mvog-Betsi,studio,3,2,101.9,4,1,FALSE,FALSE,TRUE,FALSE,FALSE,2026-04-29,agency,356854
LS-03864,Yaounde,Nsam,apartment,0,1,14.0,29,0,FALSE,TRUE,FALSE,FALSE,FALSE,2025-11-20,agency,54201
LS-01798,Douala,PK14,apartment,1,2,44.7,8,3,FALSE,FALSE,FALSE,FALSE,TRUE,2025-07-24,portal,110553
LS-01993,Yaounde,Mvog-Betsi,studio,4,2,116.3,0,1,FALSE,FALSE,FALSE,FALSE,TRUE,2025-10-21,informal,
LS-05308,Yaounde,Golf,duplex,0,1,19.6,12,2,TRUE,TRUE,TRUE,FALSE,FALSE,2025-08-08,agency,186166
LS-04317,Douala,Bonapriso,studio,1,2,39.3,25,1,TRUE,FALSE,TRUE,FALSE,FALSE,2026-04-10,portal,151835
LS-04335,Yaounde,Bastos,apartment,0,1,23.3,10,1,TRUE,TRUE,TRUE,TRUE,FALSE,2026-03-15,agency,140376
LS-00394,Douala,Akwa,chambre moderne,5,4,137.2,12,3,TRUE,TRUE,TRUE,TRUE,FALSE,03/08/2025,agency,"728,610"
LS-00752,Yaounde,Mendong,chambre moderne,1,1,47.3,9,0,TRUE,FALSE,FALSE,FALSE,FALSE,2025-08-11,portal,85046
LS-03824,Yaounde,Biyem-Assi,apartment,1,1,41.1,26,0,no,FALSE,FALSE,FALSE,FALSE,2026-01-11,informal,49315
LS-02173,Douala,Akwa,apartment,3,2,101.1,19,4,FALSE,TRUE,FALSE,TRUE,FALSE,2025-08-03,informal,
LS-00971,Yaounde,Emana,chambre moderne,2,2,88.4,17,0,FALSE,TRUE,FALSE,FALSE,FALSE,2026-08-14,agency,131943
LS-01559,Douala,New Bell,apartment,3,2,100.8,4,1,TRUE,FALSE,TRUE,FALSE,FALSE,2026-08-10,agency,263138
LS-00801,Yaounde,Biyem-Assi,apartment,1,2,142.3,15,1,FALSE,TRUE,FALSE,TRUE,FALSE,2025-08-12,informal,
LS-05368,Yaounde,Mvan,apartment,2,2,62.3,24,2,FALSE,FALSE,TRUE,FALSE,FALSE,2026-02-10,informal,
LS-01811,Douala,Akwa,apartment,1,2,52.3,4,3,FALSE,TRUE,FALSE,TRUE,TRUE,2025-09-24,portal,233189
LS-02563,Douala,Bonapriso,chambre moderne,3,3,98.6,2,4,FALSE,FALSE,TRUE,FALSE,FALSE,2025-12-27,portal,601005
LS-00428,Yaounde,Biyem-Assi,villa,5,4,151.2,6,4,FALSE,TRUE,TRUE,TRUE,FALSE,2025-08-26,informal,703175
LS-01490,Douala,Makepe,chambre moderne,3,2,96.4,10,4,FALSE,FALSE,TRUE,FALSE,TRUE,2026-08-08,agency,"594,388"
LS-00690,Douala,Bepanda,apartment,3,3,94.8,0,4,TRUE,FALSE,FALSE,FALSE,FALSE,2026-05-17,agency,193829
LS-02364,Douala,Bonaberi,duplex,1,2,36.7 m2,8,0,FALSE,TRUE,TRUE,FALSE,FALSE,2026-01-30,agency,69338
LS-05686,Douala,Akwa,apartment,2,2,73.5,15,4,TRUE,FALSE,TRUE,TRUE,FALSE,2026-07-30,agency,173757
LS-05678,Yaounde,Mendong,chambre moderne,2,2,62.0,18,0,FALSE,FALSE,FALSE,FALSE,FALSE,27/07/2026,portal,90529
LS-05139,Yaounde,Biyem-Assi,duplex,2,2,86.1,16,1,TRUE,FALSE,FALSE,FALSE,FALSE,2025-12-27,portal,105152
LS-00343,Yaounde,Golf,studio,2,2,77.9,10,1,TRUE,FALSE,TRUE,TRUE,TRUE,2025-07-06,agency,535643
LS-02656,Douala,Bepanda,duplex,1,1,51.8,17,3,TRUE,FALSE,FALSE,FALSE,FALSE,2026-05-11,agency,73595
LS-02769,Yaounde,Biyem-Assi,villa,2,2,56.3,0,2,TRUE,TRUE,TRUE,TRUE,FALSE,2026-02-14,agency,198504
LS-05271,Yaounde,Biyem-Assi,villa,1,1,53.5,10,0,FALSE,FALSE,FALSE,FALSE,FALSE,2026-07-03,informal,89525
LS-00142,Douala,New Bell,villa,1,2,52.9,19,4,FALSE,FALSE,TRUE,FALSE,FALSE,2026-08-05,portal,111786
LS-06116,Yaounde,Golf,apartment,2,3,78.7,21,0,no,FALSE,TRUE,FALSE,FALSE,2026-07-17,agency,247944
LS-02781,Douala,Bonanjo,apartment,2,1,66.4,15,3,FALSE,FALSE,TRUE,FALSE,TRUE,16/07/2026,portal,272717
LS-05656,Douala,New Bell,chambre moderne,1,2,44.8,17,3,FALSE,FALSE,FALSE,FALSE,FALSE,2025-12-08,agency,120179
LS-03658,Douala,PK14,duplex,2,2,77.9,14,3,FALSE,TRUE,TRUE,FALSE,FALSE,2026-01-16,informal,108561
LS-01503,Douala,PK14,apartment,2,2,78.7,20,3,FALSE,FALSE,FALSE,FALSE,TRUE,2026-07-12,informal,
LS-00456,Yaounde,Bastos,duplex,0,1,15.9,19,0,TRUE,TRUE,FALSE,TRUE,FALSE,2025-07-20,agency,77601
LS-04768,Yaounde,Bastos,duplex,1,1,62.2,34,0,FALSE,TRUE,TRUE,TRUE,FALSE,2025-10-26,agency,167777
LS-05604,Douala,Akwa,apartment,0,1,14.0,15,1,TRUE,TRUE,FALSE,FALSE,FALSE,2025-09-01,agency,90591
LS-02266,Yaounde,Mimboman,apartment,1,2,49.7,20,1,FALSE,TRUE,FALSE,FALSE,FALSE,2025-10-07,agency,68354
LS-03797,Yaounde,Emana,apartment,3,1,108.1,6,2,no,FALSE,FALSE,FALSE,FALSE,2026-03-21,agency,275120
LS-03535,Yaounde,Biyem-Assi,apartment,1,1,62.5,17,1,FALSE,FALSE,FALSE,FALSE,FALSE,2025-12-09,agency,97209
LS-03392,Douala,Deido,duplex,3,3,98.6,34,1,FALSE,FALSE,FALSE,FALSE,FALSE,2026-06-16,agency,280393
LS-00350,Douala,Makepe,apartment,0,1,19.9,11,0,yes,TRUE,TRUE,TRUE,FALSE,2026-01-14,informal,70971
LS-04734,Douala,Bonaberi,apartment,2,3,78.5,0,0,TRUE,FALSE,FALSE,FALSE,FALSE,2025-12-17,agency,128598
LS-04030,Douala,Logpom,apartment,1,1,60.6,18,0,FALSE,FALSE,FALSE,TRUE,FALSE,09/04/2026,agency,147179
LS-05713,Douala,New Bell,villa,2,3,68.6 m2,1,3,FALSE,FALSE,FALSE,FALSE,FALSE,2025-07-15,agency,113839
LS-05224,Douala,PK14,apartment,2,1,86.9,0,1,FALSE,FALSE,FALSE,FALSE,FALSE,25/05/2026,informal,
LS-03682,Douala,Makepe,duplex,1,1,54.6,16,3,TRUE,FALSE,FALSE,FALSE,FALSE,2025-11-07,agency,211884
LS-01939,Douala,New Bell,villa,2,2,63.8,30,4,FALSE,FALSE,FALSE,FALSE,FALSE,2026-04-16,agency,110260
LS-02816,Yaounde,Golf,apartment,3,3,97.4,9,0,TRUE,TRUE,TRUE,TRUE,FALSE,2025-07-21,agency,395136
LS-05555,Yaounde,Mvan,studio,2,2,69.4,10,2,no,FALSE,FALSE,FALSE,FALSE,25/01/2026,agency,154074
LS-04050,Yaounde,Nkolbisson,apartment,2,2,70.2,11,2,FALSE,FALSE,FALSE,FALSE,FALSE,2025-07-24,informal,"98,980"
LS-00825,Yaounde,Bastos,duplex,2,1,81.0,5,1,TRUE,TRUE,TRUE,TRUE,TRUE,2025-08-01,agency,330759
LS-06016,Yaounde,Etoudi,apartment,1,2,50.5,13,0,TRUE,TRUE,TRUE,FALSE,FALSE,2026-02-12,informal,110060
LS-00038,Yaounde,Mimboman,apartment,2,3,57.2 m2,14,3,TRUE,FALSE,FALSE,FALSE,FALSE,2026-06-02,agency,96028
LS-03401,Yaounde,Biyem-Assi,chambre moderne,1,1,61.5,0,0,TRUE,TRUE,TRUE,TRUE,FALSE,2026-02-17,agency,182308
LS-04003,Yaounde,Omnisport,studio,1,1,54.8,6,4,TRUE,TRUE,TRUE,FALSE,TRUE,2026-08-08,agency,193395
LS-03049,Douala,Deido,apartment,2,1,66.4,9,2,FALSE,TRUE,FALSE,FALSE,FALSE,16/11/2025,agency,148174
LS-05481,Douala,Bonapriso,duplex,2,1,76.1,32,4,TRUE,FALSE,TRUE,TRUE,FALSE,20/06/2026,portal,160252
LS-04083,Douala,Makepe,villa,1,1,31.8,18,0,FALSE,FALSE,FALSE,TRUE,TRUE,2025-08-09,agency,133286
LS-02670,Douala,Bonanjo,apartment,2,3,75.1,15,0,TRUE,FALSE,TRUE,FALSE,FALSE,2026-04-07,agency,326850
LS-00406,Yaounde,Mimboman,apartment,3,2,104.4,21,0,no,FALSE,FALSE,FALSE,TRUE,2026-04-17,informal,"180,042"
LS-04459,Yaounde,Mimboman,chambre moderne,2,3,64.7,0,0,FALSE,FALSE,FALSE,FALSE,FALSE,2025-07-30,informal,
LS-01261,Yaounde,Nsam,duplex,3,1,93.7,27,1,FALSE,TRUE,FALSE,TRUE,FALSE,2026-08-18,agency,216678
LS-01265,Douala,New Bell,chambre moderne,3,3,110.1,33,3,FALSE,FALSE,TRUE,FALSE,FALSE,2026-01-07,informal,158053
LS-05821,Yaounde,Golf,studio,1,2,62.1,24,0,FALSE,FALSE,FALSE,FALSE,TRUE,2025-09-25,informal,184376
LS-04897,Douala,Bonapriso,apartment,1,2,45.7,21,0,TRUE,FALSE,FALSE,TRUE,FALSE,10/11/2025,agency,86669
LS-03055,Douala,Logpom,studio,3,2,104.1,3,4,FALSE,TRUE,FALSE,FALSE,FALSE,2026-01-29,portal,289318
LS-04541,Yaounde,Bastos,chambre moderne,4,2,155.3,24,0,TRUE,TRUE,TRUE,TRUE,TRUE,2026-05-13,portal,"566,534"
LS-04683,Douala,Akwa,duplex,1,1,55.0,24,2,TRUE,FALSE,FALSE,TRUE,FALSE,2026-08-14,informal,150827
LS-03766,Yaounde,Bastos,studio,2,3,92.8,16,3,TRUE,FALSE,FALSE,FALSE,TRUE,2025-10-22,agency,281080
LS-06102,Douala,Bepanda,apartment,2,2,74.9,10,1,TRUE,TRUE,TRUE,FALSE,FALSE,2025-12-07,portal,210692
LS-04756,Yaounde,Golf,apartment,4,4,132.4,20,1,TRUE,FALSE,TRUE,TRUE,FALSE,2025-08-31,portal,899703
LS-04771,Douala,New Bell,chambre moderne,1,2,71.8,8,0,FALSE,FALSE,FALSE,FALSE,FALSE,2026-02-11,agency,113653
LS-03274,Yaounde,Mendong,apartment,4,2,121.2,0,1,FALSE,FALSE,FALSE,FALSE,FALSE,2026-04-12,informal,347789
LS-02992,Yaounde,Mvan,chambre moderne,2,2,71.8,7,1,no,FALSE,FALSE,FALSE,FALSE,2025-07-08,portal,141798
LS-00267,Yaounde,Nkolbisson,villa,3,2,84.0,11,0,FALSE,FALSE,FALSE,FALSE,FALSE,29/12/2025,informal,
LS-01038,Yaounde,Etoudi,apartment,2,1,68.2,17,1,FALSE,FALSE,TRUE,FALSE,FALSE,2026-06-05,agency,158234
LS-04603,Yaounde,Golf,duplex,1,1,56.0,12,2,FALSE,FALSE,FALSE,FALSE,FALSE,2025-09-30,informal,181967
LS-02212,Yaounde,Golf,villa,3,2,102.2,28,1,FALSE,FALSE,TRUE,TRUE,FALSE,2025-11-21,agency,254911
LS-05920,Yaounde,Nsam,apartment,2,1,76.4,6,3,FALSE,FALSE,FALSE,TRUE,FALSE,2025-10-17,agency,168978
LS-05007,Yaounde,Mendong,apartment,4,3,134.4,31,3,FALSE,TRUE,FALSE,FALSE,FALSE,2025-07-23,agency,305374
LS-05599,Yaounde,Etoudi,chambre moderne,2,2,87.7,22,1,FALSE,TRUE,TRUE,TRUE,FALSE,2026-07-18,portal,238098
LS-05393,Douala,Bepanda,duplex,2,2,72.3,13,3,TRUE,FALSE,TRUE,FALSE,FALSE,2026-05-04,informal,
LS-03495,Yaounde,Etoudi,apartment,0,1,29.2,0,3,FALSE,FALSE,TRUE,FALSE,FALSE,2026-08-09,portal,83075
LS-04006,Douala,Bonapriso,duplex,0,1,14.0,8,1,TRUE,TRUE,TRUE,TRUE,TRUE,29/11/2025,informal,102624
LS-05385,Douala,Bepanda,chambre moderne,1,2,34.3,13,0,FALSE,TRUE,TRUE,FALSE,FALSE,2025-12-11,portal,69954
LS-00188,Douala,Ndokoti,apartment,3,2,107.2,30,3,FALSE,FALSE,TRUE,FALSE,FALSE,2026-06-08,agency,196138
LS-03041,Yaounde,Golf,apartment,2,1,65.0,15,0,FALSE,TRUE,TRUE,FALSE,FALSE,2025-12-11,agency,247991
LS-05759,Douala,Akwa,villa,1,1,37.5,6,2,FALSE,TRUE,TRUE,TRUE,FALSE,2026-01-22,agency,143886
LS-01713,Yaounde,Mimboman,villa,2,2,81.3 m2,12,1,FALSE,FALSE,FALSE,FALSE,FALSE,2026-04-27,informal,145665
LS-00248,Douala,Bepanda,apartment,3,3,109.5,30,0,FALSE,FALSE,TRUE,FALSE,TRUE,2026-08-13,informal,212967
LS-05046,Yaounde,Mendong,apartment,0,1,39.2 m2,0,2,FALSE,FALSE,FALSE,FALSE,FALSE,2025-12-21,portal,80658
LS-00260,Douala,PK14,apartment,1,2,43.1,4,1,FALSE,TRUE,FALSE,FALSE,FALSE,2026-03-26,informal,77223
LS-02941,Yaounde,Mvog-Betsi,villa,0,1,14.0,20,0,FALSE,FALSE,TRUE,FALSE,FALSE,2026-04-19,agency,56879
LS-01041,Yaounde,Biyem-Assi,apartment,3,2,94.4,15,4,FALSE,FALSE,TRUE,FALSE,FALSE,2025-12-08,agency,221941
LS-04874,Yaounde,Bastos,villa,1,2,67.9,25,4,TRUE,TRUE,TRUE,TRUE,FALSE,2026-02-25,portal,301510
LS-00490,Douala,Ndokoti,chambre moderne,3,3,108.8,19,0,FALSE,TRUE,FALSE,FALSE,FALSE,2025-09-19,informal,
LS-02707,Douala,Bepanda,apartment,2,2,83.9,11,0,FALSE,TRUE,TRUE,FALSE,FALSE,2026-05-05,informal,"125,648"
LS-02209,Douala,Bonaberi,apartment,4,3,113.0,26,2,FALSE,FALSE,FALSE,FALSE,FALSE,2026-06-30,informal,232331
LS-05649,Yaounde,Biyem-Assi,villa,2,3,82.3,12,3,TRUE,TRUE,FALSE,FALSE,FALSE,2025-10-30,agency,279491
LS-04181,Douala,Bonamoussadi,chambre moderne,4,3,107.5,30,4,FALSE,TRUE,FALSE,TRUE,FALSE,2026-02-26,informal,366065
LS-03400,Douala,PK14,chambre moderne,0,1,26.2,17,1,FALSE,FALSE,FALSE,FALSE,FALSE,2026-05-02,agency,25490
LS-04946,Yaounde,Omnisport,duplex,2,2,70.5,5,3,FALSE,TRUE,FALSE,TRUE,FALSE,2025-12-11,portal,222031
LS-00434,Douala,Ndokoti,duplex,2,3,72.9,10,3,FALSE,FALSE,FALSE,FALSE,FALSE,2025-12-14,agency,140593
LS-03316,Douala,Bonamoussadi,duplex,2,2,65.9,21,0,FALSE,TRUE,TRUE,FALSE,FALSE,03/04/2026,portal,197054
LS-03035,Douala,Bonanjo,apartment,2,1,74.0,11,4,yes,FALSE,TRUE,TRUE,FALSE,2026-01-07,agency,274807
LS-04980,Yaounde,Emana,chambre moderne,4,2,127.5,2,2,FALSE,FALSE,FALSE,FALSE,FALSE,2026-01-24,agency,342830
LS-04712,Douala,Deido,chambre moderne,1,1,59.1,18,1,TRUE,TRUE,FALSE,FALSE,FALSE,2025-09-28,agency,112310
LS-00079,Yaounde,Mvog-Betsi,studio,2,1,80.5,23,0,FALSE,FALSE,FALSE,FALSE,FALSE,2026-07-21,agency,115436
LS-00991,Yaounde,Nsam,studio,3,3,93.6,22,1,FALSE,TRUE,TRUE,FALSE,FALSE,2025-08-10,agency,189345
LS-01316,Yaounde,Mvog-Betsi,studio,2,1,65.4,28,4,FALSE,FALSE,FALSE,FALSE,TRUE,2026-04-11,agency,55813
LS-04989,Yaounde,Mvog-Betsi,apartment,1,2,33.8,16,2,FALSE,FALSE,FALSE,FALSE,FALSE,2026-01-10,agency,81222
LS-00353,Yaounde,Nsam,studio,4,3,128.5,4,0,FALSE,FALSE,FALSE,FALSE,FALSE,2026-02-20,agency,303739
LS-04368,Yaounde,Biyem-Assi,studio,1,1,26.3,6,1,FALSE,FALSE,FALSE,FALSE,FALSE,2025-12-23,portal,108011
LS-04598,Yaounde,Mvan,chambre moderne,1,2,45.1,3,4,FALSE,FALSE,TRUE,TRUE,FALSE,28/03/2026,portal,112796
LS-02848,Yaounde,Omnisport,duplex,5,4,141.7,22,1,TRUE,FALSE,TRUE,TRUE,TRUE,2026-06-03,agency,746475
LS-01117,Yaounde,Mvog-Betsi,apartment,1,1,44.4,10,3,FALSE,FALSE,FALSE,FALSE,FALSE,2026-06-14,informal,
LS-01585,Yaounde,Etoudi,apartment,3,3,114.5,0,4,FALSE,FALSE,TRUE,FALSE,FALSE,2025-09-04,portal,385597
LS-01552,Yaounde,Nsam,chambre moderne,4,3,105.6,25,0,TRUE,FALSE,FALSE,FALSE,FALSE,2026-04-06,agency,342347
LS-04219,Yaounde,Mvog-Betsi,chambre moderne,2,1,83.9,1,0,FALSE,FALSE,FALSE,FALSE,FALSE,2025-11-09,portal,194012
LS-01035,Yaounde,Mimboman,apartment,1,1,49.8,11,2,no,TRUE,FALSE,FALSE,FALSE,2026-02-10,informal,122810
LS-01863,Yaounde,Golf,apartment,2,2,83.7,20,1,TRUE,TRUE,FALSE,FALSE,FALSE,2026-07-18,portal,187246
LS-00393,Yaounde,Mimboman,apartment,3,2,94.6,21,2,TRUE,FALSE,TRUE,FALSE,FALSE,2026-03-21,portal,183836
LS-01677,Yaounde,Etoudi,apartment,1,2,27.5,29,1,no,FALSE,FALSE,FALSE,FALSE,2025-09-08,agency,68504
LS-05658,Yaounde,Nsam,studio,4,3,136.3,12,2,FALSE,FALSE,FALSE,FALSE,FALSE,2026-06-12,agency,384286
LS-04285,Yaounde,Omnisport,apartment,2,1,78.7 m2,14,0,FALSE,TRUE,TRUE,FALSE,FALSE,2026-01-29,informal,187776
LS-04514,Yaounde,Mimboman,chambre moderne,4,3,125.1,3,0,TRUE,FALSE,FALSE,FALSE,FALSE,2025-08-19,portal,295967
LS-02237,Douala,Deido,studio,1,2,40.3,15,2,FALSE,TRUE,FALSE,FALSE,FALSE,2026-01-28,agency,90666
LS-00858,Douala,Makepe,apartment,3,2,84.2,12,2,FALSE,TRUE,FALSE,FALSE,FALSE,2025-12-11,agency,309136
LS-05768,Yaounde,Mvog-Betsi,duplex,2,2,63.5,13,4,FALSE,FALSE,FALSE,FALSE,FALSE,2025-11-30,informal,100258
LS-05421,Douala,Ndokoti,apartment,3,2,100.5,12,0,TRUE,FALSE,FALSE,FALSE,FALSE,2025-10-05,agency,"172,648"
LS-00886,Douala,New Bell,villa,2,3,65.4,19,0,FALSE,FALSE,FALSE,FALSE,FALSE,2026-02-26,agency,121686
LS-00235,Yaounde,Nkolbisson,apartment,1,2,59.5,7,2,FALSE,FALSE,TRUE,FALSE,FALSE,2026-01-06,portal,89730
LS-00143,Douala,Bonaberi,duplex,2,3,54.9,9,3,FALSE,TRUE,FALSE,FALSE,FALSE,2025-08-04,informal,
LS-05135,Douala,Deido,apartment,4,3,106.3,2,4,FALSE,TRUE,FALSE,FALSE,FALSE,2026-01-18,agency,300447
LS-02489,Yaounde,Emana,villa,4,2,128.2,9,1,TRUE,FALSE,FALSE,FALSE,FALSE,2025-11-04,portal,327328
LS-02832,Douala,Deido,chambre moderne,3,3,101.0,1,0,FALSE,FALSE,TRUE,FALSE,FALSE,20/09/2025,informal,394342
LS-01177,Douala,Makepe,apartment,2,2,78.1,8,3,FALSE,TRUE,FALSE,FALSE,TRUE,2025-09-11,informal,
LS-04691,Yaounde,Mendong,chambre moderne,1,1,36.0,5,0,FALSE,FALSE,FALSE,TRUE,FALSE,2025-12-01,portal,99070
LS-04964,Yaounde,Biyem-Assi,apartment,3,2,117.2,25,0,FALSE,FALSE,FALSE,FALSE,TRUE,2025-10-12,agency,295033
LS-03375,Douala,Logpom,apartment,3,2,106.2,11,1,FALSE,FALSE,TRUE,FALSE,FALSE,2026-04-09,portal,297400
LS-03364,Douala,PK14,duplex,4,3,127.9,2,3,FALSE,FALSE,FALSE,FALSE,FALSE,2025-11-17,portal,257712
LS-05753,Douala,Bonanjo,apartment,2,2,82.9,0,3,FALSE,FALSE,TRUE,TRUE,FALSE,2026-08-25,agency,377076
LS-00153,Douala,New Bell,chambre moderne,3,3,109.1,11,1,FALSE,FALSE,FALSE,FALSE,FALSE,2026-07-22,informal,
LS-00674,Douala,Bonanjo,apartment,0,1,14.0,9,2,FALSE,FALSE,TRUE,TRUE,TRUE,2025-10-12,agency,119069
LS-05778,Yaounde,Mvan,villa,0,1,31.8,18,1,TRUE,FALSE,TRUE,FALSE,FALSE,2026-01-27,agency,71481
LS-01241,Yaounde,Golf,apartment,3,1,97.0,19,0,TRUE,TRUE,TRUE,TRUE,FALSE,2025-07-19,agency,253192
LS-01904,Douala,Deido,villa,2,2,61.1,8,0,FALSE,TRUE,TRUE,FALSE,FALSE,2025-10-04,portal,117010
LS-01978,Douala,Makepe,villa,1,2,50.3,11,4,FALSE,TRUE,FALSE,TRUE,TRUE,2025-07-12,portal,130919
LS-04675,Douala,New Bell,apartment,3,2,104.7,15,0,FALSE,FALSE,FALSE,FALSE,FALSE,2026-05-23,agency,181899
LS-01541,Yaounde,Bastos,apartment,2,2,69.0,20,4,FALSE,TRUE,TRUE,FALSE,TRUE,2026-01-18,agency,211682
LS-04491,Douala,Bonaberi,apartment,4,3,114.6,17,1,FALSE,FALSE,FALSE,FALSE,FALSE,2026-07-19,portal,276166
LS-00920,Douala,Deido,apartment,1,2,67.8,26,1,FALSE,TRUE,FALSE,FALSE,FALSE,2025-08-07,agency,82860
LS-05116,Douala,Bonamoussadi,apartment,2,1,81.4,20,2,FALSE,TRUE,TRUE,TRUE,FALSE,2026-06-05,agency,169434
LS-03377,Yaounde,Bastos,apartment,4,2,120.5,2,0,FALSE,FALSE,FALSE,TRUE,FALSE,2025-11-15,agency,807674
LS-04365,Douala,Bonapriso,apartment,1,1,42.5,18,1,FALSE,TRUE,FALSE,TRUE,FALSE,2026-04-20,portal,108730
LS-02003,Yaounde,Emana,studio,1,2,35.6,10,1,FALSE,FALSE,FALSE,FALSE,FALSE,2026-07-03,portal,79702
LS-01640,Douala,Deido,studio,1,1,46.4,0,4,FALSE,FALSE,FALSE,TRUE,FALSE,2026-05-11,portal,120407
LS-01236,Yaounde,Etoudi,apartment,1,1,42.6,22,1,TRUE,FALSE,FALSE,FALSE,FALSE,2026-01-19,informal,
LS-04802,Yaounde,Mvog-Betsi,duplex,2,2,70.4,8,0,FALSE,FALSE,FALSE,FALSE,FALSE,2026-07-05,informal,
LS-02603,Douala,Logpom,apartment,2,3,63.7 m2,3,1,FALSE,TRUE,FALSE,TRUE,FALSE,2026-03-03,portal,138909
LS-01651,Douala,Bonamoussadi,apartment,2,2,76.0,27,0,FALSE,TRUE,TRUE,TRUE,TRUE,2025-09-08,portal,211688
LS-05580,Yaounde,Mendong,duplex,1,2,48.1,11,2,TRUE,TRUE,FALSE,FALSE,FALSE,2026-05-12,informal,125226
LS-05218,Yaounde,Emana,studio,3,3,89.8,10,0,FALSE,TRUE,FALSE,FALSE,FALSE,2026-02-10,agency,142873
LS-05262,Yaounde,Emana,duplex,2,2,73.7,21,1,FALSE,TRUE,FALSE,FALSE,FALSE,2025-08-21,agency,124809
LS-05362,Douala,Bepanda,duplex,1,1,40.2,6,4,FALSE,TRUE,TRUE,FALSE,FALSE,2026-07-02,agency,88866
LS-01744,Douala,Makepe,apartment,1,2,62.3,10,0,TRUE,TRUE,TRUE,FALSE,FALSE,2026-08-17,portal,189832
LS-04923,Douala,Bonaberi,apartment,4,2,142.6,0,0,FALSE,FALSE,FALSE,FALSE,FALSE,03/04/2026,agency,"250,851"
LS-04183,Yaounde,Omnisport,apartment,2,2,84.7,19,0,no,FALSE,TRUE,FALSE,FALSE,2026-07-21,informal,296517
LS-00983,Douala,Logpom,chambre moderne,2,2,72.7,20,0,FALSE,FALSE,FALSE,FALSE,TRUE,2025-08-16,portal,145590
LS-03438,Douala,Bonamoussadi,villa,1,1,41.3,23,0,FALSE,FALSE,FALSE,FALSE,TRUE,22/09/2025,agency,140950
LS-04822,Yaounde,Nkolbisson,duplex,1,1,27.3,19,1,FALSE,FALSE,FALSE,FALSE,FALSE,2026-04-24,portal,50289
LS-00139,Douala,Logpom,duplex,2,2,74.1,8,1,FALSE,TRUE,TRUE,FALSE,FALSE,2026-02-14,agency,144548
LS-03499,Douala,New Bell,apartment,1,2,46.0,19,2,FALSE,FALSE,FALSE,FALSE,FALSE,2026-04-06,informal,
LS-02622,Yaounde,Biyem-Assi,apartment,3,3,79.9,22,0,TRUE,FALSE,FALSE,FALSE,FALSE,24/04/2026,informal,
LS-05251,Douala,Bonamoussadi,apartment,2,3,89.7,20,3,FALSE,FALSE,TRUE,FALSE,TRUE,2025-09-20,agency,402227
LS-00658,Yaounde,Emana,villa,1,1,33.6,14,4,TRUE,TRUE,FALSE,FALSE,FALSE,2025-07-15,agency,53515
LS-00387,Yaounde,Golf,villa,4,3,118.9,3,2,no,FALSE,TRUE,FALSE,FALSE,2026-01-17,agency,386273
LS-02960,Douala,Bepanda,apartment,5,4,147.7,22,1,TRUE,FALSE,FALSE,FALSE,FALSE,2025-10-13,informal,768593
LS-01571,Douala,Bonamoussadi,duplex,1,1,43.8,25,0,TRUE,FALSE,TRUE,FALSE,TRUE,22/06/2026,agency,192315
LS-05886,Douala,Bonamoussadi,duplex,2,2,70.9,20,1,no,TRUE,FALSE,FALSE,TRUE,2025-12-03,portal,265584
LS-01801,Douala,Bepanda,duplex,4,4,110.6,13,1,FALSE,FALSE,FALSE,FALSE,FALSE,2025-11-27,agency,278833
LS-02466,Yaounde,Mendong,apartment,3,2,96.6,13,4,FALSE,FALSE,FALSE,FALSE,FALSE,2026-01-02,portal,142841
LS-01708,Yaounde,Omnisport,villa,3,3,120.9,7,0,FALSE,TRUE,FALSE,FALSE,FALSE,2025-09-17,portal,659238
LS-04538,Douala,Makepe,apartment,3,3,107.5,21,3,FALSE,FALSE,TRUE,FALSE,FALSE,2025-07-11,agency,279072
LS-03159,Douala,PK14,studio,3,2,99.6,8,2,FALSE,FALSE,FALSE,FALSE,FALSE,2026-04-17,portal,146021
LS-00748,Yaounde,Nkolbisson,studio,2,2,60.1,0,3,FALSE,FALSE,TRUE,FALSE,FALSE,05/09/2025,agency,173703
LS-02027,Douala,Bonanjo,studio,1,1,41.5,28,4,no,TRUE,TRUE,TRUE,FALSE,2026-04-23,portal,157077
LS-02890,Douala,Bonapriso,apartment,2,2,66.9,30,1,no,TRUE,TRUE,TRUE,FALSE,2025-07-04,agency,214390
LS-02254,Douala,PK14,chambre moderne,2,2,64.8,17,0,FALSE,FALSE,FALSE,TRUE,FALSE,2025-12-13,portal,99468
LS-05798,Yaounde,Emana,chambre moderne,3,2,100.6,24,0,FALSE,FALSE,FALSE,FALSE,FALSE,2025-12-04,agency,197343
LS-04494,Yaounde,Biyem-Assi,apartment,4,2,147.1 m2,17,0,no,FALSE,TRUE,FALSE,FALSE,2025-09-25,informal,
LS-02586,Douala,Bonapriso,villa,1,1,45.3,0,0,TRUE,TRUE,TRUE,TRUE,TRUE,2025-11-30,informal,266779
LS-01670,Yaounde,Mvan,apartment,4,3,111.5,10,1,FALSE,FALSE,TRUE,FALSE,FALSE,2026-07-18,agency,403859
LS-00714,Douala,PK14,apartment,3,3,92.9,10,2,TRUE,FALSE,TRUE,FALSE,FALSE,22/01/2026,portal,225404
LS-06067,Yaounde,Emana,chambre moderne,1,1,38.6,1,0,FALSE,FALSE,FALSE,FALSE,TRUE,2025-10-15,agency,"77,875"
LS-04450,Yaounde,Nkolbisson,chambre moderne,4,3,116.3,4,1,TRUE,FALSE,FALSE,TRUE,FALSE,2026-03-22,portal,337741
LS-00310,Douala,PK14,duplex,3,2,111.4,24,4,TRUE,FALSE,TRUE,FALSE,FALSE,2025-11-07,agency,191883
LS-04833,Yaounde,Biyem-Assi,apartment,2,1,69.0,0,2,FALSE,FALSE,TRUE,FALSE,TRUE,2025-11-20,informal,190807
LS-02573,Yaounde,Omnisport,apartment,3,3,94.9,22,4,FALSE,TRUE,TRUE,FALSE,FALSE,2026-08-23,agency,364340
LS-02962,Douala,Logpom,villa,3,3,96.2,0,4,FALSE,FALSE,FALSE,FALSE,FALSE,2025-11-16,portal,503196
LS-00959,Douala,Ndokoti,villa,2,2,76.1,0,0,FALSE,FALSE,TRUE,FALSE,FALSE,2026-03-24,informal,93244
LS-04352,Yaounde,Etoudi,apartment,3,2,105.9,33,0,FALSE,TRUE,TRUE,FALSE,FALSE,2025-07-28,agency,179090
LS-03891,Douala,Deido,duplex,2,2,76.7,7,0,FALSE,FALSE,FALSE,FALSE,TRUE,23/12/2025,portal,267038
LS-00104,Douala,Bonamoussadi,villa,1,1,39.4,13,0,FALSE,TRUE,FALSE,TRUE,FALSE,2025-07-11,informal,111585
LS-03793,Douala,New Bell,apartment,2,2,78.1,9,0,FALSE,TRUE,FALSE,FALSE,FALSE,2026-05-20,informal,182096
LS-02984,Yaounde,Etoudi,duplex,1,1,51.7,30,0,FALSE,FALSE,FALSE,FALSE,FALSE,2026-02-18,informal,
LS-04218,Douala,Deido,apartment,0,1,19.3,18,0,FALSE,FALSE,FALSE,FALSE,FALSE,2026-05-20,agency,"46,904"
LS-03330,Yaounde,Nsam,studio,0,1,28.5,20,1,FALSE,TRUE,FALSE,FALSE,FALSE,2026-08-03,informal,58765
LS-03463,Douala,Ndokoti,chambre moderne,2,1,78.7,12,2,no,FALSE,FALSE,FALSE,FALSE,2026-01-29,agency,91622
LS-04404,Yaounde,Mvog-Betsi,apartment,2,2,84.2,14,4,TRUE,FALSE,TRUE,FALSE,FALSE,2026-06-14,portal,173486
LS-04513,Douala,Bonamoussadi,villa,1,2,59.1,8,1,TRUE,TRUE,TRUE,FALSE,FALSE,2026-05-29,informal,236332
LS-01202,Yaounde,Omnisport,apartment,3,2,100.0,20,0,FALSE,TRUE,TRUE,TRUE,FALSE,2026-08-23,informal,297178
LS-05053,Douala,Makepe,duplex,1,1,53.8,1,0,TRUE,TRUE,FALSE,TRUE,FALSE,2026-04-20,agency,187354
LS-00391,Yaounde,Emana,villa,1,1,44.9,12,4,FALSE,TRUE,FALSE,FALSE,FALSE,2026-03-08,portal,101825
LS-02780,Yaounde,Emana,duplex,3,2,90.1,25,4,FALSE,FALSE,FALSE,FALSE,FALSE,04/05/2026,portal,183687
LS-02029,Yaounde,Golf,duplex,2,2,49.7,15,1,FALSE,FALSE,FALSE,TRUE,FALSE,2025-09-19,agency,247390
LS-00835,Yaounde,Mendong,apartment,4,3,134.3,6,1,FALSE,FALSE,TRUE,FALSE,FALSE,2025-10-24,agency,352393
LS-04252,Douala,Logpom,apartment,2,3,87.1,2,0,FALSE,FALSE,TRUE,FALSE,FALSE,2025-10-21,informal,261673
LS-05052,Yaounde,Mimboman,apartment,2,2,56.1,0,0,FALSE,TRUE,TRUE,FALSE,FALSE,2025-08-26,portal,136339
LS-06057,Douala,Bonaberi,apartment,1,1,30.0,19,4,no,TRUE,FALSE,FALSE,FALSE,2026-03-18,agency,79197
LS-04749,Douala,Bonanjo,apartment,3,2,109.6,11,0,TRUE,TRUE,TRUE,TRUE,FALSE,2026-02-13,agency,356209
LS-03889,Douala,Bonamoussadi,apartment,1,1,51.2,27,0,FALSE,FALSE,FALSE,FALSE,FALSE,2026-07-09,agency,97536
LS-02730,Yaounde,Bastos,apartment,2,3,63.1,13,1,TRUE,TRUE,TRUE,FALSE,FALSE,26/02/2026,informal,
LS-04639,Douala,Ndokoti,apartment,3,1,94.5,11,1,FALSE,FALSE,FALSE,FALSE,FALSE,2025-10-21,agency,152315
LS-00913,Yaounde,Mimboman,apartment,2,3,86.7,21,0,FALSE,FALSE,TRUE,FALSE,FALSE,2026-04-21,informal,
LS-05722,Yaounde,Golf,apartment,2,2,74.2,16,1,TRUE,TRUE,TRUE,TRUE,TRUE,2025-10-13,informal,
LS-00510,Yaounde,Mvan,studio,3,2,118.2,30,0,FALSE,FALSE,TRUE,FALSE,FALSE,2025-10-01,informal,
LS-03554,Douala,PK14,duplex,1,2,42.1,5,3,FALSE,FALSE,FALSE,FALSE,FALSE,19/01/2026,agency,82544
LS-01209,Douala,New Bell,duplex,0,1,28.5,10,0,TRUE,FALSE,FALSE,FALSE,FALSE,2026-02-04,informal,42909
LS-05002,Yaounde,Biyem-Assi,villa,2,2,57.2,5,0,no,TRUE,TRUE,FALSE,FALSE,2026-03-16,agency,"74,569"
LS-04197,Douala,Akwa,duplex,5,3,135.3,28,1,FALSE,TRUE,TRUE,FALSE,FALSE,2026-07-19,portal,715886
LS-03901,Douala,Bonanjo,studio,1,1,64.3,13,3,TRUE,FALSE,TRUE,FALSE,TRUE,2025-10-16,agency,313566
LS-06036,Douala,Bonaberi,duplex,3,3,99.7,0,1,FALSE,TRUE,FALSE,FALSE,FALSE,2025-08-17,portal,237998
LS-03085,Douala,Deido,chambre moderne,2,3,63.8 m2,14,1,FALSE,FALSE,FALSE,FALSE,FALSE,2025-09-14,agency,80545
LS-02496,Douala,Logpom,villa,1,2,39.9,7,1,FALSE,FALSE,FALSE,FALSE,FALSE,09/08/2025,informal,
LS-01547,Yaounde,Mvan,apartment,2,2,78.6,22,3,TRUE,TRUE,FALSE,TRUE,FALSE,2026-02-21,portal,162173
LS-05856,Douala,Ndokoti,chambre moderne,1,1,42.1,48,1,FALSE,FALSE,FALSE,TRUE,TRUE,01/05/2026,agency,50513
LS-01957,Yaounde,Nsam,apartment,0,1,19.6,6,4,FALSE,FALSE,FALSE,FALSE,FALSE,2025-09-05,agency,50594
LS-02304,Yaounde,Bastos,duplex,2,1,69.2,17,0,TRUE,FALSE,TRUE,FALSE,TRUE,2026-04-09,agency,288589
LS-01784,Douala,Makepe,apartment,4,3,109.5,25,3,FALSE,FALSE,FALSE,FALSE,FALSE,2025-11-09,informal,
LS-06079,Yaounde,Biyem-Assi,villa,0,1,23.8,4,4,FALSE,FALSE,TRUE,FALSE,FALSE,2026-04-20,agency,60630
LS-03006,Yaounde,Omnisport,apartment,2,2,62.8,3,1,FALSE,TRUE,TRUE,FALSE,FALSE,2025-12-09,agency,156339
LS-02303,Yaounde,Golf,chambre moderne,4,3,116.0,13,0,TRUE,TRUE,FALSE,FALSE,FALSE,2025-10-14,agency,396870
LS-04717,Douala,Bonanjo,studio,0,1,16.9,13,0,FALSE,TRUE,TRUE,FALSE,TRUE,2026-06-22,agency,96341
LS-05745,Yaounde,Nsam,apartment,2,1,81.8 m2,35,0,FALSE,FALSE,FALSE,FALSE,FALSE,2026-03-23,portal,159555
LS-00642,Douala,Bonapriso,apartment,3,3,95.8,17,1,FALSE,TRUE,TRUE,FALSE,FALSE,2026-03-06,agency,273745
LS-05810,Douala,Akwa,studio,2,2,72.1,13,3,FALSE,FALSE,FALSE,FALSE,FALSE,2026-05-02,portal,185520
LS-02105,Douala,PK14,apartment,2,2,70.4,20,1,no,FALSE,FALSE,FALSE,TRUE,10/09/2025,agency,158702
LS-02678,Yaounde,Bastos,chambre moderne,2,2,80.8,5,2,FALSE,FALSE,FALSE,TRUE,TRUE,2026-01-01,agency,301572
LS-01545,Yaounde,Bastos,apartment,3,2,94.2,16,1,FALSE,FALSE,TRUE,FALSE,TRUE,2026-07-21,informal,
LS-00579,Yaounde,Nsam,villa,2,3,69.8,27,0,FALSE,TRUE,TRUE,FALSE,FALSE,2026-01-23,agency,121480
LS-05391,Douala,Ndokoti,apartment,2,1,70.7,10,0,FALSE,TRUE,FALSE,FALSE,FALSE,2025-10-12,agency,105000
LS-04009,Douala,Ndokoti,duplex,1,2,47.4,13,3,FALSE,TRUE,FALSE,FALSE,FALSE,2026-03-12,informal,60752
LS-01511,Douala,New Bell,duplex,4,2,124.5,14,1,FALSE,FALSE,FALSE,FALSE,FALSE,2026-06-24,agency,246268
LS-02043,Douala,New Bell,chambre moderne,1,2,60.8,21,1,FALSE,TRUE,FALSE,FALSE,FALSE,2025-12-21,agency,73399
LS-02646,Yaounde,Omnisport,chambre moderne,1,1,38.7,2,1,FALSE,FALSE,TRUE,FALSE,FALSE,2026-08-13,agency,116924
LS-03237,Yaounde,Mvan,chambre moderne,3,3,107.0,23,3,FALSE,FALSE,FALSE,FALSE,TRUE,2026-02-21,agency,306869
LS-01250,Yaounde,Nkolbisson,apartment,1,1,60.4,13,0,TRUE,TRUE,FALSE,TRUE,FALSE,2026-02-01,informal,77675
LS-06192,Douala,PK14,studio,2,1,91.1,29,1,FALSE,FALSE,FALSE,FALSE,FALSE,2026-06-18,agency,149026
LS-05041,Douala,Ndokoti,duplex,4,3,136.2,26,3,FALSE,TRUE,TRUE,FALSE,FALSE,2026-04-04,agency,371153
LS-03704,Douala,New Bell,duplex,2,2,60.4,23,0,FALSE,TRUE,TRUE,FALSE,FALSE,2025-11-06,informal,
LS-04113,Yaounde,Etoudi,villa,1,1,41.1,8,1,FALSE,FALSE,FALSE,FALSE,TRUE,2025-11-15,informal,73752
LS-01211,Douala,Deido,villa,1,2,41.5,15,1,FALSE,FALSE,TRUE,FALSE,FALSE,2025-12-29,informal,"80,878"
LS-00899,Douala,Bonapriso,apartment,3,1,97.0,12,4,FALSE,TRUE,FALSE,TRUE,FALSE,2026-08-15,portal,430241
LS-05110,Yaounde,Mimboman,chambre moderne,5,4,152.7,12,0,FALSE,TRUE,FALSE,FALSE,FALSE,2025-10-22,agency,601082
LS-01604,Douala,Deido,studio,2,3,54.9,15,4,FALSE,TRUE,FALSE,FALSE,FALSE,2025-11-18,informal,125717
LS-03353,Douala,Deido,chambre moderne,0,1,30.6,21,4,FALSE,FALSE,FALSE,FALSE,FALSE,2026-08-06,portal,58608
LS-01046,Douala,Logpom,chambre moderne,1,1,55.2,7,0,no,TRUE,FALSE,FALSE,FALSE,2026-08-06,portal,163813
LS-01145,Yaounde,Mendong,chambre moderne,5,4,151.0,22,0,FALSE,TRUE,FALSE,FALSE,FALSE,2025-09-20,agency,479189
LS-00694,Yaounde,Nkolbisson,duplex,2,2,77.1,25,1,FALSE,FALSE,TRUE,FALSE,FALSE,2025-10-22,agency,115337
LS-01865,Douala,New Bell,studio,2,2,70.8,17,3,FALSE,FALSE,FALSE,FALSE,FALSE,2026-06-17,agency,148928
LS-03947,Douala,Makepe,apartment,1,1,40.0,20,4,TRUE,TRUE,TRUE,FALSE,FALSE,04/06/2026,agency,77719
LS-02379,Douala,New Bell,apartment,4,3,142.3,2,1,FALSE,FALSE,FALSE,FALSE,FALSE,2025-07-06,agency,292963
LS-01685,Yaounde,Biyem-Assi,villa,2,2,69.6,12,0,FALSE,FALSE,TRUE,FALSE,FALSE,2026-01-18,informal,103947
LS-05091,Douala,New Bell,apartment,3,3,89.6,3,0,TRUE,FALSE,FALSE,FALSE,FALSE,2026-01-29,portal,177165
LS-05963,Yaounde,Mimboman,duplex,2,2,78.4,0,4,FALSE,TRUE,FALSE,FALSE,FALSE,2026-05-11,agency,192243
LS-04984,Yaounde,Omnisport,studio,0,1,19.1,12,1,FALSE,FALSE,FALSE,TRUE,FALSE,2026-06-18,agency,"94,928"
LS-05851,Yaounde,Golf,studio,1,1,45.8,16,0,TRUE,FALSE,TRUE,TRUE,FALSE,2026-01-27,agency,108123
LS-04655,Douala,Bonanjo,villa,2,2,60.6,12,1,TRUE,TRUE,TRUE,TRUE,FALSE,2026-08-16,informal,269692
LS-03132,Yaounde,Etoudi,villa,2,3,81.2,10,3,TRUE,FALSE,FALSE,FALSE,FALSE,2026-07-05,agency,"244,441"
LS-00641,Douala,Bepanda,apartment,2,2,59.4,2,2,FALSE,TRUE,FALSE,TRUE,FALSE,2025-12-10,informal,
LS-03760,Yaounde,Mendong,studio,2,2,91.4,7,1,TRUE,FALSE,FALSE,FALSE,TRUE,2026-07-08,informal,274480
LS-03138,Yaounde,Nkolbisson,duplex,1,2,47.3,22,3,FALSE,FALSE,FALSE,FALSE,FALSE,2025-12-09,agency,"112,015"
LS-03259,Yaounde,Nkolbisson,duplex,3,3,96.5,8,4,FALSE,FALSE,FALSE,FALSE,FALSE,2026-06-24,agency,252928
LS-03854,Douala,Bonapriso,duplex,2,2,68.9,12,0,no,TRUE,TRUE,FALSE,FALSE,2026-01-27,agency,406900
LS-05595,Douala,Makepe,apartment,1,1,30.3,22,0,no,FALSE,FALSE,TRUE,FALSE,2025-10-04,agency,138050
LS-02825,Yaounde,Mvan,villa,2,2,84.2,12,1,FALSE,FALSE,FALSE,FALSE,FALSE,2026-02-15,agency,142839
LS-04426,Yaounde,Nkolbisson,villa,4,2,117.5,10,3,FALSE,FALSE,TRUE,FALSE,FALSE,2025-12-20,portal,390789
LS-04184,Yaounde,Omnisport,studio,2,1,80.1,14,4,FALSE,TRUE,FALSE,TRUE,FALSE,2026-08-22,informal,"285,397"
LS-05440,Douala,Akwa,apartment,4,2,124.3,31,0,TRUE,FALSE,FALSE,TRUE,FALSE,2026-06-16,informal,403672
LS-03574,Douala,Akwa,villa,2,2,80.9,14,2,FALSE,FALSE,TRUE,FALSE,TRUE,2025-11-10,agency,"210,203"
LS-04972,Yaounde,Mvan,chambre moderne,1,2,42.0,0,2,FALSE,FALSE,TRUE,FALSE,TRUE,08/06/2026,agency,126639
LS-02632,Douala,Akwa,apartment,2,2,75.7,28,2,TRUE,FALSE,TRUE,FALSE,FALSE,16/07/2025,informal,
LS-04988,Yaounde,Emana,apartment,3,4,89.9,23,1,FALSE,FALSE,FALSE,FALSE,FALSE,2025-11-07,agency,192646
LS-05800,Yaounde,Bastos,chambre moderne,2,2,90.4 m2,10,1,TRUE,TRUE,TRUE,FALSE,FALSE,2026-07-21,informal,
LS-03552,Yaounde,Bastos,chambre moderne,0,1,19.8,21,1,TRUE,FALSE,TRUE,TRUE,FALSE,2026-02-02,informal,"80,708"
LS-02517,Douala,Logpom,studio,1,1,45.9,39,0,FALSE,FALSE,TRUE,FALSE,FALSE,2026-03-06,portal,79931
LS-02111,Yaounde,Nkolbisson,villa,4,3,133.7,10,1,FALSE,TRUE,FALSE,FALSE,FALSE,2026-04-07,agency,632884
LS-05093,Yaounde,Etoudi,apartment,1,2,46.6,5,3,FALSE,TRUE,FALSE,FALSE,FALSE,2026-01-08,portal,85619
LS-03982,Yaounde,Golf,apartment,2,3,78.2,12,0,FALSE,FALSE,TRUE,TRUE,FALSE,2025-09-17,informal,372973
LS-00156,Yaounde,Golf,chambre moderne,1,1,52.1,0,2,TRUE,TRUE,TRUE,TRUE,TRUE,2025-08-20,agency,215646
LS-05582,Douala,Bonamoussadi,apartment,2,2,66.2,0,0,FALSE,TRUE,FALSE,FALSE,FALSE,2025-07-07,portal,195124
LS-00905,Yaounde,Mendong,apartment,1,2,37.4,14,4,FALSE,FALSE,FALSE,FALSE,FALSE,2026-05-17,agency,118584
LS-01156,Yaounde,Omnisport,duplex,4,4,127.0,17,0,TRUE,FALSE,TRUE,TRUE,FALSE,22/08/2026,agency,722646
LS-05914,Douala,Bonamoussadi,chambre moderne,3,4,88.8,2,0,FALSE,FALSE,TRUE,FALSE,FALSE,2025-07-24,agency,382556
LS-01622,Yaounde,Mvan,apartment,3,3,105.4,12,1,TRUE,FALSE,FALSE,FALSE,FALSE,2025-08-02,portal,113424
LS-04901,Yaounde,Bastos,apartment,5,4,158.4,16,2,FALSE,TRUE,TRUE,FALSE,FALSE,2025-10-25,agency,1119380
LS-05924,Yaounde,Bastos,studio,3,2,92.5,0,0,TRUE,FALSE,TRUE,FALSE,TRUE,2025-09-29,agency,395775
LS-01077,Douala,Akwa,apartment,2,2,56.3,23,1,TRUE,FALSE,TRUE,FALSE,FALSE,2026-04-19,portal,97105
LS-01668,Douala,New Bell,villa,1,1,50.0,27,0,FALSE,FALSE,FALSE,FALSE,TRUE,2026-01-09,portal,76592
LS-01926,Yaounde,Bastos,villa,1,2,42.7,11,0,TRUE,TRUE,TRUE,TRUE,FALSE,2025-12-26,agency,197454
LS-02551,Yaounde,Mvog-Betsi,apartment,1,2,47.8,19,2,FALSE,FALSE,TRUE,FALSE,FALSE,16/03/2026,portal,"92,616"
LS-01276,Yaounde,Bastos,apartment,3,2,104.7,26,0,no,TRUE,TRUE,FALSE,TRUE,2026-08-21,informal,
LS-03262,Douala,Bonaberi,apartment,2,1,65.9,10,0,FALSE,FALSE,FALSE,FALSE,FALSE,2026-03-29,agency,188745
LS-04534,Douala,Bonaberi,apartment,0,1,48.7,23,3,FALSE,FALSE,FALSE,FALSE,FALSE,2026-04-23,portal,257536
LS-03714,Yaounde,Mendong,villa,5,5,164.0,18,0,FALSE,FALSE,FALSE,FALSE,FALSE,2025-12-27,agency,455383
LS-05389,Yaounde,Mimboman,duplex,2,2,58.2,9,0,FALSE,FALSE,FALSE,FALSE,FALSE,2026-03-16,agency,102797
LS-02893,Yaounde,Nkolbisson,apartment,5,4,152.8,7,2,FALSE,FALSE,TRUE,FALSE,FALSE,2026-02-28,agency,507097
LS-04764,Douala,Bonanjo,duplex,1,2,40.7,8,3,TRUE,FALSE,FALSE,FALSE,FALSE,2026-05-05,informal,
LS-03693,Douala,Bepanda,apartment,3,2,115.7,24,0,FALSE,FALSE,FALSE,FALSE,TRUE,2026-02-16,informal,320093
LS-03329,Yaounde,Emana,duplex,1,1,44.3,5,0,FALSE,FALSE,FALSE,FALSE,TRUE,2026-08-19,portal,92280
LS-02279,Yaounde,Mvan,villa,2,3,90.4,2,0,no,FALSE,TRUE,FALSE,FALSE,01/04/2026,agency,202766
LS-05189,Douala,Deido,studio,4,2,116.3,12,2,FALSE,FALSE,FALSE,FALSE,FALSE,2026-06-20,portal,326736
LS-04173,Yaounde,Omnisport,chambre moderne,0,1,15.1,19,2,TRUE,TRUE,FALSE,FALSE,FALSE,2025-08-29,agency,"110,511"
LS-01095,Yaounde,Emana,apartment,0,1,18.8,10,4,FALSE,FALSE,FALSE,TRUE,FALSE,2025-10-26,agency,37302
LS-00952,Yaounde,Omnisport,villa,4,3,130.3,15,4,FALSE,FALSE,TRUE,FALSE,FALSE,2026-06-30,portal,495665
LS-04500,Yaounde,Omnisport,apartment,1,2,78.1,21,4,FALSE,FALSE,TRUE,TRUE,TRUE,2025-11-28,portal,"174,272"
LS-03485,Yaounde,Biyem-Assi,apartment,2,2,68.4,10,1,FALSE,FALSE,TRUE,FALSE,FALSE,2026-08-20,portal,285969
LS-02211,Yaounde,Mendong,apartment,4,4,114.8,12,1,FALSE,FALSE,FALSE,FALSE,FALSE,2025-09-19,informal,188864
LS-02355,Yaounde,Biyem-Assi,apartment,2,2,86.0,31,1,FALSE,FALSE,FALSE,FALSE,FALSE,2026-08-10,informal,
LS-02585,Douala,Bonanjo,villa,2,2,77.0,7,1,FALSE,TRUE,TRUE,TRUE,FALSE,2026-02-13,agency,264433
LS-03920,Douala,Bonapriso,chambre moderne,4,2,138.3,12,1,TRUE,TRUE,TRUE,FALSE,FALSE,2025-12-01,agency,607189
LS-02427,Yaounde,Mimboman,apartment,1,2,64.1,1,2,FALSE,FALSE,TRUE,FALSE,FALSE,2025-12-21,informal,84728
LS-05255,Yaounde,Mvog-Betsi,apartment,4,3,118.6,13,0,TRUE,FALSE,TRUE,FALSE,FALSE,2026-02-18,portal,249011
LS-00675,Douala,Bepanda,duplex,1,1,54.0,21,1,FALSE,FALSE,FALSE,FALSE,FALSE,2026-08-03,agency,45529
LS-03518,Yaounde,Nkolbisson,chambre moderne,2,2,90.2,6,2,FALSE,FALSE,FALSE,FALSE,FALSE,2025-10-16,agency,190298
LS-02479,Douala,PK14,studio,3,2,95.7,0,0,FALSE,FALSE,FALSE,FALSE,FALSE,2026-03-31,agency,154530
LS-03845,Douala,Logpom,villa,0,1,22.0,11,2,TRUE,FALSE,TRUE,FALSE,FALSE,2025-07-04,agency,72394
LS-01823,Yaounde,Etoudi,chambre moderne,1,1,31.5,32,3,FALSE,FALSE,FALSE,FALSE,FALSE,2026-01-22,agency,54157
LS-05096,Yaounde,Bastos,chambre moderne,3,1,98.6,19,4,TRUE,TRUE,TRUE,TRUE,TRUE,2025-10-24,agency,313511
LS-05357,Yaounde,Mvog-Betsi,villa,3,4,88.3,45,1,FALSE,FALSE,FALSE,TRUE,FALSE,03/07/2025,agency,169739
LS-03929,Yaounde,Mimboman,apartment,3,2,125.0,6,0,FALSE,FALSE,FALSE,FALSE,FALSE,2025-07-18,agency,270416
LS-01377,Yaounde,Nkolbisson,chambre moderne,3,3,105.5,17,1,FALSE,FALSE,TRUE,TRUE,FALSE,2026-05-14,portal,157983
LS-02015,Douala,Bonaberi,apartment,1,2,50.5,24,1,FALSE,FALSE,TRUE,FALSE,FALSE,2025-12-07,agency,60251
LS-04770,Yaounde,Mimboman,apartment,3,3,111.7,15,4,TRUE,FALSE,FALSE,FALSE,FALSE,2025-11-10,portal,329309
LS-05386,Douala,New Bell,chambre moderne,5,3,159.2,25,4,FALSE,FALSE,FALSE,FALSE,FALSE,2026-03-22,agency,508166
LS-04582,Douala,Makepe,studio,0,1,40.0,17,0,FALSE,TRUE,TRUE,FALSE,TRUE,2026-01-25,agency,95127
LS-04634,Douala,Ndokoti,apartment,0,1,14.0,33,4,FALSE,FALSE,FALSE,FALSE,FALSE,2025-09-26,agency,40255
LS-01974,Douala,Bepanda,studio,0,1,39.9,12,1,FALSE,FALSE,TRUE,FALSE,FALSE,2026-05-30,portal,67612
LS-03528,Douala,New Bell,chambre moderne,3,4,95.3,5,3,FALSE,FALSE,TRUE,FALSE,FALSE,08/04/2026,portal,"175,610"
LS-01547,Yaounde,Mvan,apartment,2,2,78.6,22,3,TRUE,TRUE,FALSE,TRUE,FALSE,2026-02-21,portal,162173
LS-00555,Douala,Makepe,apartment,3,3,86.3,13,2,FALSE,FALSE,TRUE,FALSE,FALSE,2026-06-09,informal,236115
LS-05335,Douala,Bepanda,chambre moderne,3,3,104.6,10,1,FALSE,FALSE,FALSE,FALSE,TRUE,2026-03-05,agency,236882
LS-04549,Douala,Bepanda,chambre moderne,2,2,83.3,25,0,no,FALSE,FALSE,TRUE,FALSE,2026-05-01,informal,141145
LS-01596,Douala,Makepe,duplex,2,2,64.9,14,4,FALSE,FALSE,FALSE,FALSE,FALSE,2026-07-24,portal,128759
LS-01763,Yaounde,Nkolbisson,villa,1,2,51.2,6,0,FALSE,TRUE,FALSE,FALSE,FALSE,23/06/2026,portal,84262
LS-04912,Douala,New Bell,villa,5,3,148.7,15,1,FALSE,FALSE,FALSE,FALSE,FALSE,2026-04-03,portal,645932
LS-05870,Yaounde,Mvan,villa,0,1,32.8,8,4,FALSE,FALSE,FALSE,TRUE,FALSE,2025-12-03,agency,57929
LS-06172,Yaounde,Bastos,villa,3,3,124.1,17,2,TRUE,FALSE,FALSE,TRUE,FALSE,02/08/2026,informal,"918,466"
LS-00981,Yaounde,Golf,apartment,3,2,107.2,18,4,TRUE,FALSE,TRUE,FALSE,FALSE,2026-06-05,agency,330778
LS-02879,Yaounde,Nkolbisson,studio,3,2,110.7,24,4,FALSE,TRUE,FALSE,FALSE,FALSE,2026-06-13,agency,169095
LS-04705,Douala,Bonamoussadi,studio,4,3,127.9,22,1,FALSE,FALSE,FALSE,FALSE,TRUE,2025-12-15,agency,662128
LS-03510,Yaounde,Mendong,studio,3,2,98.8,17,0,FALSE,FALSE,FALSE,FALSE,FALSE,08/03/2026,informal,288558
LS-02733,Douala,PK14,villa,1,1,58.8,19,0,FALSE,FALSE,TRUE,FALSE,FALSE,2026-01-08,agency,54640
LS-03685,Yaounde,Etoudi,chambre moderne,4,4,136.7,0,1,TRUE,TRUE,FALSE,FALSE,FALSE,2026-06-17,portal,496348
LS-04869,Yaounde,Etoudi,apartment,2,3,53.1,20,2,FALSE,FALSE,FALSE,FALSE,FALSE,2026-08-15,agency,139691
LS-02701,Yaounde,Omnisport,villa,1,2,40.1,12,2,FALSE,TRUE,FALSE,FALSE,FALSE,09/02/2026,agency,107556
LS-04099,Yaounde,Mimboman,villa,2,1,60.0,0,0,FALSE,TRUE,FALSE,FALSE,FALSE,2026-08-25,agency,89204
LS-01797,Yaounde,Mvan,duplex,4,4,95.2,31,1,FALSE,FALSE,TRUE,FALSE,FALSE,2026-08-11,agency,210766
LS-05853,Douala,Ndokoti,chambre moderne,2,1,56.9,15,2,FALSE,FALSE,FALSE,TRUE,FALSE,2026-06-05,agency,73723
LS-00314,Yaounde,Mvan,apartment,3,2,88.7,10,0,TRUE,TRUE,TRUE,FALSE,FALSE,03/02/2026,portal,250243
LS-05976,Douala,Bonapriso,apartment,1,2,45.1,7,1,FALSE,TRUE,FALSE,TRUE,TRUE,2025-10-27,portal,168437
LS-05058,Douala,Ndokoti,duplex,1,1,53.5,9,3,FALSE,TRUE,FALSE,FALSE,FALSE,2025-12-30,informal,77441
LS-01513,Yaounde,Mvan,studio,4,4,123.5,20,1,FALSE,FALSE,TRUE,FALSE,FALSE,2026-07-08,agency,385859
LS-05068,Yaounde,Mendong,villa,4,2,124.3,13,1,FALSE,FALSE,FALSE,FALSE,FALSE,2026-05-01,agency,286533
LS-05242,Yaounde,Mvan,studio,3,3,96.3,0,4,FALSE,FALSE,TRUE,TRUE,TRUE,2026-06-30,portal,299305
LS-04985,Douala,PK14,apartment,2,1,86.6,19,3,FALSE,FALSE,FALSE,FALSE,FALSE,2026-03-08,portal,86536
LS-04496,Douala,New Bell,studio,0,1,19.8,8,1,FALSE,TRUE,FALSE,FALSE,FALSE,2026-06-29,agency,49355
LS-00389,Yaounde,Omnisport,apartment,4,3,102.0,32,4,FALSE,TRUE,TRUE,FALSE,FALSE,2025-07-14,portal,406902
LS-00417,Douala,Logpom,apartment,1,2,47.8,25,1,FALSE,TRUE,TRUE,FALSE,FALSE,2025-09-15,agency,124004
LS-05163,Douala,Logpom,apartment,2,2,68.1,13,0,FALSE,TRUE,FALSE,FALSE,FALSE,2026-06-21,portal,140132
LS-01608,Douala,Makepe,apartment,3,2,100.5,11,3,TRUE,FALSE,TRUE,FALSE,TRUE,2026-02-02,agency,311990
LS-00593,Yaounde,Mimboman,studio,2,2,59.6,19,0,FALSE,TRUE,FALSE,FALSE,FALSE,18/10/2025,agency,82014
LS-00028,Yaounde,Nsam,apartment,2,2,78.6 m2,8,2,no,FALSE,FALSE,FALSE,TRUE,2026-06-18,agency,159362
LS-00848,Yaounde,Golf,apartment,3,3,107.9,42,0,TRUE,TRUE,TRUE,TRUE,FALSE,2026-07-22,informal,488370
LS-03699,Yaounde,Mendong,duplex,1,2,34.6,0,0,FALSE,FALSE,FALSE,FALSE,FALSE,2025-07-05,portal,99037
LS-01942,Yaounde,Mendong,apartment,2,2,71.1,9,0,FALSE,TRUE,FALSE,FALSE,FALSE,2026-07-15,portal,99816
LS-04928,Douala,Bonaberi,apartment,1,1,56.5,19,3,FALSE,TRUE,FALSE,FALSE,FALSE,2025-10-05,agency,75193
LS-03994,Yaounde,Omnisport,villa,4,3,121.2,22,0,FALSE,FALSE,TRUE,FALSE,FALSE,30/06/2026,agency,369336
LS-05723,Yaounde,Mvog-Betsi,apartment,4,3,138.0,40,4,TRUE,FALSE,FALSE,FALSE,FALSE,2026-05-19,portal,259681
LS-00344,Douala,Bonamoussadi,duplex,1,2,44.5,8,0,FALSE,FALSE,TRUE,FALSE,FALSE,2025-11-28,portal,159962
LS-04826,Yaounde,Bastos,apartment,2,2,102.7,14,3,TRUE,TRUE,TRUE,TRUE,FALSE,2026-03-14,agency,385844
LS-05570,Yaounde,Nkolbisson,chambre moderne,4,4,119.6,28,1,FALSE,FALSE,FALSE,FALSE,FALSE,2025-12-03,agency,263285
LS-05309,Douala,Bonanjo,apartment,0,1,44.4,18,0,TRUE,FALSE,FALSE,FALSE,FALSE,28/03/2026,informal,"96,085"
LS-00884,Yaounde,Etoudi,duplex,1,2,48.1,2,4,FALSE,TRUE,TRUE,TRUE,FALSE,2025-12-28,portal,187607
LS-02052,Douala,Bonanjo,apartment,4,2,143.0,0,4,TRUE,FALSE,TRUE,FALSE,FALSE,2025-11-21,portal,480252
LS-01793,Douala,Logpom,chambre moderne,1,1,46.6,8,0,FALSE,FALSE,TRUE,FALSE,TRUE,2026-05-24,agency,78237
LS-03014,Yaounde,Omnisport,villa,2,2,88.4,0,1,FALSE,TRUE,FALSE,FALSE,FALSE,2025-10-15,portal,209203
LS-05624,Yaounde,Biyem-Assi,apartment,2,2,76.3,19,3,FALSE,FALSE,TRUE,FALSE,FALSE,2025-12-23,agency,117251
LS-05216,Yaounde,Emana,chambre moderne,2,1,83.5,8,3,FALSE,FALSE,FALSE,FALSE,FALSE,2026-02-20,portal,158224
LS-02263,Yaounde,Nkolbisson,apartment,2,3,78.7,12,1,FALSE,TRUE,FALSE,FALSE,FALSE,2025-09-30,agency,229529
LS-02244,Yaounde,Mvan,studio,1,2,53.8,17,0,FALSE,FALSE,FALSE,FALSE,FALSE,2025-11-14,portal,93800
LS-04075,Douala,Bonamoussadi,duplex,4,3,138.2,29,0,TRUE,FALSE,FALSE,TRUE,FALSE,2025-07-06,agency,739664
LS-04423,Yaounde,Omnisport,apartment,3,2,107.4,10,2,FALSE,FALSE,FALSE,TRUE,TRUE,02/12/2025,portal,707304
LS-05344,Yaounde,Omnisport,chambre moderne,1,1,57.7,19,2,FALSE,FALSE,TRUE,TRUE,FALSE,2026-07-30,agency,206941
LS-03530,Yaounde,Emana,apartment,1,2,29.5,16,0,TRUE,FALSE,FALSE,FALSE,FALSE,2026-04-19,informal,
LS-00598,Yaounde,Nkolbisson,studio,0,1,14.7,19,1,FALSE,FALSE,FALSE,FALSE,FALSE,2026-06-04,portal,42253
LS-04682,Yaounde,Etoudi,apartment,2,2,90.5,12,0,FALSE,TRUE,FALSE,FALSE,FALSE,2025-12-31,agency,150231
LS-05660,Yaounde,Bastos,apartment,3,3,108.8,7,4,TRUE,FALSE,FALSE,FALSE,FALSE,2026-06-24,informal,312477
LS-05629,Yaounde,Bastos,studio,3,2,103.1,12,0,yes,FALSE,TRUE,TRUE,FALSE,03/06/2026,portal,490716
LS-03946,Douala,Ndokoti,apartment,2,2,66.3,0,0,FALSE,FALSE,FALSE,FALSE,FALSE,2026-02-03,agency,109683
LS-00751,Douala,Bonanjo,villa,2,3,74.1,27,3,FALSE,TRUE,TRUE,FALSE,TRUE,2025-10-10,agency,162152
LS-06098,Yaounde,Mimboman,apartment,3,3,114.4,28,1,FALSE,FALSE,FALSE,FALSE,FALSE,2026-05-21,informal,211393
LS-02451,Yaounde,Bastos,apartment,5,3,149.0,30,1,FALSE,FALSE,TRUE,FALSE,FALSE,2026-06-14,informal,
LS-04797,Yaounde,Bastos,studio,4,3,128.7,21,0,TRUE,TRUE,TRUE,FALSE,FALSE,29/05/2026,agency,878484
LS-01451,Yaounde,Bastos,apartment,5,4,165.7,22,2,TRUE,TRUE,TRUE,TRUE,FALSE,07/06/2026,agency,2190968
LS-01274,Douala,Bonapriso,apartment,2,3,98.0,12,0,FALSE,FALSE,FALSE,TRUE,TRUE,2026-05-29,informal,
LS-05015,Douala,Bonaberi,studio,4,3,120.5,20,0,FALSE,FALSE,FALSE,TRUE,FALSE,2026-02-20,informal,304751
LS-01201,Douala,Deido,studio,2,2,91.1,22,1,TRUE,FALSE,TRUE,FALSE,FALSE,2026-06-29,informal,275884
LS-00679,Yaounde,Mvan,apartment,0,1,32.4,12,1,FALSE,FALSE,FALSE,FALSE,FALSE,2025-12-22,informal,77612
LS-03644,Douala,Makepe,studio,2,2,77.0,15,0,FALSE,FALSE,TRUE,FALSE,TRUE,21/08/2025,agency,176257
LS-01735,Douala,Makepe,chambre moderne,2,1,69.4,17,1,TRUE,FALSE,FALSE,TRUE,FALSE,2026-03-18,portal,182626
LS-04605,Douala,Makepe,apartment,0,1,14.0,27,0,FALSE,FALSE,FALSE,FALSE,FALSE,2025-08-07,informal,53876
LS-05339,Yaounde,Mimboman,apartment,2,1,74.1,33,2,no,FALSE,FALSE,FALSE,FALSE,15/11/2025,agency,103231
LS-01838,Yaounde,Mvan,apartment,4,2,144.3,1,1,no,FALSE,TRUE,FALSE,FALSE,2026-07-09,agency,357535
LS-04438,Yaounde,Nsam,villa,0,1,33.0,13,1,FALSE,TRUE,TRUE,FALSE,FALSE,2025-09-27,portal,51177
LS-03418,Douala,Ndokoti,apartment,1,2,59.9,7,3,TRUE,FALSE,FALSE,FALSE,FALSE,2026-06-11,informal,58122
LS-00737,Yaounde,Mimboman,villa,3,3,97.9,10,4,TRUE,FALSE,FALSE,FALSE,FALSE,05/01/2026,agency,217674
LS-00806,Yaounde,Golf,villa,4,4,130.5,12,0,FALSE,FALSE,FALSE,FALSE,TRUE,2026-04-17,portal,546702
LS-03866,Douala,Bonanjo,apartment,4,3,130.4,17,3,TRUE,FALSE,TRUE,FALSE,TRUE,2025-08-20,portal,586318
LS-05370,Douala,Logpom,chambre moderne,5,3,156.5,13,1,FALSE,FALSE,TRUE,FALSE,FALSE,2025-09-20,portal,594793
LS-03608,Douala,Bonanjo,apartment,3,3,112.7,31,1,FALSE,TRUE,TRUE,TRUE,TRUE,2025-12-18,agency,"362,935"
LS-05187,Yaounde,Mvog-Betsi,apartment,2,2,67.9,0,4,FALSE,FALSE,TRUE,FALSE,TRUE,2025-11-19,agency,322147
LS-00780,Yaounde,Nkolbisson,duplex,1,1,43.4,19,4,TRUE,FALSE,TRUE,TRUE,FALSE,2026-01-06,informal,
LS-00009,Douala,Bepanda,duplex,1,1,45.8,27,4,FALSE,FALSE,FALSE,TRUE,FALSE,2026-04-16,portal,93607
LS-02727,Douala,Logpom,apartment,3,2,89.6,6,1,FALSE,FALSE,FALSE,FALSE,FALSE,2026-06-06,agency,"231,504"
LS-04940,Yaounde,Biyem-Assi,apartment,1,2,36.8,28,0,FALSE,FALSE,FALSE,TRUE,FALSE,2026-02-04,agency,83057
LS-03293,Douala,PK14,villa,0,1,38.7 m2,19,4,FALSE,FALSE,FALSE,FALSE,FALSE,2025-09-17,informal,48825
LS-04778,Yaounde,Omnisport,villa,3,2,113.8,4,1,FALSE,FALSE,FALSE,TRUE,FALSE,2026-04-04,informal,525143
LS-01071,Yaounde,Biyem-Assi,apartment,0,1,15.0,0,4,FALSE,FALSE,TRUE,FALSE,TRUE,2026-03-13,portal,90379
LS-02132,Yaounde,Biyem-Assi,apartment,2,2,46.8,19,1,TRUE,FALSE,FALSE,FALSE,FALSE,2025-12-19,agency,128706
LS-03127,Douala,New Bell,apartment,3,3,102.9,16,3,FALSE,FALSE,TRUE,FALSE,FALSE,2026-07-24,agency,279272
LS-01504,Douala,Bepanda,chambre moderne,0,1,27.1,15,2,FALSE,FALSE,TRUE,FALSE,TRUE,2026-02-06,agency,53369
LS-01869,Yaounde,Mvog-Betsi,apartment,2,2,60.8,14,0,FALSE,FALSE,FALSE,FALSE,FALSE,2026-02-16,portal,97341
LS-06157,Yaounde,Mvog-Betsi,duplex,1,1,54.2,18,0,no,FALSE,TRUE,FALSE,FALSE,2026-01-02,informal,77231
LS-02591,Douala,Bonaberi,villa,4,3,128.8,12,1,FALSE,FALSE,FALSE,FALSE,FALSE,2026-07-04,informal,365421
LS-05208,Yaounde,Mimboman,apartment,5,3,160.2,17,1,FALSE,FALSE,FALSE,FALSE,FALSE,2026-04-14,portal,379881
LS-02285,Yaounde,Mvog-Betsi,villa,3,2,104.5,25,0,FALSE,FALSE,FALSE,FALSE,FALSE,2025-07-13,agency,241405
LS-00312,Yaounde,Mendong,chambre moderne,2,1,86.7,14,1,FALSE,FALSE,FALSE,FALSE,FALSE,2025-10-20,portal,177693
LS-00377,Douala,Makepe,villa,3,3,89.8,15,2,FALSE,TRUE,FALSE,FALSE,FALSE,2025-12-08,agency,254723
LS-02447,Douala,Logpom,apartment,0,1,31.9,12,4,FALSE,TRUE,FALSE,FALSE,FALSE,2025-07-01,informal,68616
LS-05655,Yaounde,Nkolbisson,studio,2,1,81.1,9,3,TRUE,FALSE,FALSE,FALSE,FALSE,2026-01-14,agency,109788
LS-05930,Douala,Ndokoti,apartment,2,3,78.8,28,1,FALSE,FALSE,FALSE,FALSE,FALSE,2025-12-29,agency,149772
LS-00509,Yaounde,Mendong,apartment,1,1,59.6,25,4,FALSE,FALSE,FALSE,FALSE,FALSE,2026-07-05,informal,
LS-01835,Yaounde,Omnisport,apartment,2,3,79.8,23,3,FALSE,TRUE,TRUE,FALSE,FALSE,2026-01-26,agency,197461
LS-01049,Douala,Logpom,apartment,1,1,56.6,24,0,FALSE,FALSE,FALSE,FALSE,FALSE,2025-10-11,agency,82411
LS-01699,Douala,PK14,duplex,1,1,53.6,28,4,FALSE,FALSE,FALSE,FALSE,FALSE,11/03/2026,agency,88592
LS-04926,Yaounde,Mvog-Betsi,apartment,2,2,88.6,3,3,TRUE,FALSE,FALSE,FALSE,FALSE,2026-04-27,agency,158089
LS-05310,Douala,New Bell,apartment,2,3,77.9,17,1,FALSE,TRUE,FALSE,FALSE,FALSE,2025-07-14,portal,114697
LS-01425,Yaounde,Omnisport,chambre moderne,5,4,145.9,32,1,FALSE,FALSE,TRUE,FALSE,FALSE,2026-02-22,informal,
LS-05715,Douala,Makepe,duplex,3,3,75.0,28,0,TRUE,FALSE,TRUE,FALSE,FALSE,2025-07-30,informal,179512
LS-00163,Douala,Akwa,apartment,4,3,118.9,31,4,FALSE,FALSE,TRUE,FALSE,TRUE,2026-03-08,agency,514595
LS-03687,Douala,Akwa,apartment,2,2,57.4,17,1,TRUE,FALSE,TRUE,FALSE,TRUE,08/05/2026,agency,204029
LS-01850,Yaounde,Nkolbisson,apartment,3,2,98.9,5,1,no,FALSE,TRUE,FALSE,FALSE,2025-08-03,agency,195315
LS-00896,Douala,Bepanda,apartment,4,3,125.0 m2,18,1,FALSE,FALSE,FALSE,FALSE,FALSE,2025-11-13,informal,296973
LS-03892,Yaounde,Mimboman,apartment,2,2,79.7,34,0,FALSE,FALSE,FALSE,FALSE,TRUE,18/07/2026,agency,128121
LS-02688,Douala,Bonanjo,apartment,3,1,112.1,2,0,FALSE,FALSE,TRUE,TRUE,FALSE,2025-08-23,informal,443838
LS-02160,Yaounde,Mvan,studio,1,1,63.0,19,1,FALSE,FALSE,FALSE,FALSE,TRUE,2026-03-07,agency,"112,077"
LS-05701,Douala,Logpom,duplex,1,1,54.7,24,0,FALSE,FALSE,FALSE,FALSE,FALSE,2026-04-05,informal,67877
LS-05026,Douala,Bepanda,studio,0,1,35.6,7,4,FALSE,FALSE,TRUE,FALSE,FALSE,25/05/2026,informal,
LS-06003,Yaounde,Biyem-Assi,apartment,2,1,66.7,15,1,FALSE,FALSE,FALSE,FALSE,FALSE,2025-09-06,agency,150543
LS-05102,Douala,PK14,apartment,1,1,50.2,7,1,FALSE,TRUE,FALSE,FALSE,FALSE,2026-04-18,informal,
LS-02557,Douala,Bepanda,apartment,2,2,66.6,4,1,FALSE,FALSE,FALSE,TRUE,FALSE,2026-06-10,informal,149345
LS-04344,Douala,Ndokoti,apartment,4,2,115.2,17,4,FALSE,TRUE,FALSE,FALSE,FALSE,2025-10-20,portal,184788
LS-05519,Yaounde,Golf,villa,2,2,74.7,16,4,FALSE,TRUE,FALSE,FALSE,FALSE,2025-10-12,informal,231900
LS-02971,Douala,Bonapriso,studio,1,1,56.0,5,3,yes,FALSE,TRUE,FALSE,TRUE,2025-08-24,portal,162354
LS-02474,Yaounde,Bastos,studio,2,2,68.7,11,1,TRUE,FALSE,FALSE,TRUE,FALSE,19/05/2026,agency,245274
LS-04975,Yaounde,Mimboman,studio,0,1,46.2,18,1,FALSE,FALSE,FALSE,FALSE,FALSE,2026-04-26,agency,51031
LS-03285,Yaounde,Omnisport,apartment,2,2,67.9,14,1,FALSE,FALSE,TRUE,TRUE,FALSE,06/07/2026,agency,268513
LS-03802,Douala,Bonamoussadi,duplex,1,1,31.0,11,2,FALSE,FALSE,FALSE,FALSE,FALSE,2026-01-19,informal,
LS-01512,Yaounde,Mimboman,apartment,1,1,51.8,7,0,FALSE,FALSE,FALSE,FALSE,FALSE,2025-10-28,agency,94821
LS-01542,Yaounde,Mvan,apartment,4,3,134.6,0,3,FALSE,TRUE,FALSE,FALSE,FALSE,2025-10-21,informal,422505
LS-02176,Yaounde,Omnisport,apartment,0,1,33.7,20,0,FALSE,FALSE,TRUE,FALSE,FALSE,2025-08-23,portal,80027
LS-04706,Douala,Bepanda,chambre moderne,0,1,21.5,0,0,FALSE,FALSE,FALSE,TRUE,FALSE,2025-08-19,informal,
LS-01454,Douala,Bepanda,studio,1,2,38.7,12,4,FALSE,FALSE,FALSE,FALSE,FALSE,14/12/2025,agency,57596
LS-04618,Douala,Bepanda,duplex,2,3,69.2,0,1,FALSE,FALSE,FALSE,TRUE,FALSE,2025-07-31,portal,"83,837"
LS-02810,Douala,PK14,chambre moderne,2,2,112.6 m2,6,3,TRUE,FALSE,FALSE,FALSE,FALSE,2026-06-11,agency,140924
LS-04804,Yaounde,Mvan,apartment,4,3,127.7,18,4,FALSE,FALSE,FALSE,FALSE,FALSE,2025-11-05,agency,490380
LS-06011,Douala,Bonapriso,chambre moderne,4,3,140.2,12,0,TRUE,FALSE,TRUE,FALSE,FALSE,2026-06-01,portal,724331
LS-03044,Douala,Akwa,chambre moderne,2,1,46.8,4,1,FALSE,FALSE,FALSE,FALSE,FALSE,2026-08-19,informal,
LS-01528,Douala,Bonaberi,apartment,3,4,99.3,16,1,FALSE,FALSE,FALSE,FALSE,FALSE,2025-10-13,agency,220065
LS-01040,Yaounde,Golf,apartment,2,2,101.7,24,4,FALSE,FALSE,TRUE,FALSE,FALSE,2025-08-08,agency,268052
LS-01441,Douala,New Bell,apartment,4,2,139.5,0,0,FALSE,FALSE,FALSE,FALSE,FALSE,2025-11-16,informal,325624
LS-05195,Yaounde,Biyem-Assi,studio,1,2,49.7,23,0,TRUE,FALSE,FALSE,FALSE,FALSE,2026-06-19,agency,116739
LS-03562,Yaounde,Nsam,duplex,2,2,81.2,15,0,TRUE,FALSE,FALSE,FALSE,TRUE,2026-01-16,informal,143980
LS-02521,Douala,Logpom,duplex,2,3,69.0 m2,9,1,no,FALSE,FALSE,FALSE,FALSE,2026-05-10,informal,
LS-06074,Yaounde,Mvog-Betsi,chambre moderne,2,3,69.6,20,4,FALSE,TRUE,FALSE,FALSE,FALSE,08/02/2026,portal,"139,965"
LS-05603,Douala,New Bell,studio,1,1,37.6,24,1,FALSE,FALSE,FALSE,FALSE,FALSE,2026-01-20,agency,59725
LS-02046,Yaounde,Mimboman,villa,3,2,95.8,0,0,yes,FALSE,FALSE,FALSE,FALSE,27/12/2025,agency,163202
LS-01710,Yaounde,Mvan,apartment,0,1,40.4,16,1,TRUE,FALSE,FALSE,FALSE,FALSE,2025-09-15,portal,74408
LS-04640,Yaounde,Biyem-Assi,apartment,4,2,116.9,24,0,FALSE,FALSE,TRUE,FALSE,FALSE,04/04/2026,agency,318143
LS-00080,Douala,Bonaberi,villa,3,3,82.1,0,0,FALSE,FALSE,FALSE,FALSE,FALSE,2026-04-17,informal,
LS-06139,Douala,Bonapriso,studio,3,4,99.2,4,0,FALSE,FALSE,TRUE,FALSE,TRUE,2025-08-19,agency,409791
LS-00984,Yaounde,Mimboman,villa,4,3,137.5,7,3,FALSE,FALSE,FALSE,FALSE,FALSE,2026-03-15,agency,341762
LS-02272,Douala,PK14,chambre moderne,3,2,89.9,22,1,FALSE,TRUE,TRUE,FALSE,FALSE,2026-07-02,informal,
LS-02654,Yaounde,Bastos,apartment,3,2,107.8,17,0,FALSE,TRUE,FALSE,TRUE,TRUE,07/11/2025,portal,641135
LS-02823,Yaounde,Mvog-Betsi,villa,4,3,130.5,18,3,FALSE,FALSE,FALSE,TRUE,FALSE,2026-08-14,portal,348571
LS-05672,Yaounde,Nkolbisson,duplex,2,3,98.8,22,3,FALSE,TRUE,FALSE,FALSE,TRUE,2026-08-04,agency,201483
LS-03217,Douala,Bonapriso,apartment,1,2,45.8,16,1,FALSE,TRUE,TRUE,TRUE,TRUE,2025-09-03,agency,210551
LS-01039,Douala,Ndokoti,apartment,4,3,116.7,9,2,FALSE,FALSE,FALSE,FALSE,FALSE,2025-09-06,agency,251678
LS-03529,Yaounde,Biyem-Assi,studio,0,1,14.0,0,4,TRUE,FALSE,FALSE,FALSE,FALSE,2026-01-29,agency,52322
LS-02326,Yaounde,Emana,chambre moderne,1,2,43.9,8,0,TRUE,TRUE,FALSE,FALSE,FALSE,2026-04-03,informal,87386
LS-03396,Douala,Makepe,apartment,2,2,77.0,0,0,FALSE,FALSE,TRUE,FALSE,TRUE,2025-11-20,informal,242992
LS-03393,Douala,Logpom,chambre moderne,0,1,20.6,12,2,FALSE,TRUE,TRUE,FALSE,FALSE,2026-08-02,agency,67528
LS-02160,Yaounde,Mvan,studio,1,1,63.0,19,1,FALSE,FALSE,FALSE,FALSE,TRUE,2026-03-07,agency,"112,077"
LS-01374,Douala,Ndokoti,studio,1,1,32.0,18,3,FALSE,FALSE,FALSE,FALSE,FALSE,2025-07-16,agency,51825
LS-05206,Douala,Bonapriso,studio,3,1,98.7,12,4,TRUE,FALSE,FALSE,TRUE,FALSE,2026-01-17,agency,311130
LS-02142,Yaounde,Mvan,villa,3,2,111.1,0,0,FALSE,FALSE,TRUE,FALSE,FALSE,2025-12-13,portal,234700
LS-05114,Douala,Bepanda,apartment,0,1,28.0,9,0,FALSE,FALSE,TRUE,TRUE,FALSE,2025-08-15,agency,72132
LS-05338,Douala,Bonamoussadi,apartment,5,4,155.8,24,0,FALSE,FALSE,FALSE,TRUE,TRUE,2026-01-22,informal,
LS-05704,Yaounde,Mvan,apartment,1,2,47.8,14,2,FALSE,TRUE,TRUE,FALSE,FALSE,2026-04-09,informal,
LS-01218,Douala,Ndokoti,studio,4,3,132.6,1,0,FALSE,TRUE,TRUE,FALSE,FALSE,2025-09-06,portal,243658
LS-05327,Douala,Deido,chambre moderne,2,2,63.7,18,0,TRUE,FALSE,TRUE,FALSE,FALSE,2025-07-18,agency,105901
LS-05081,Yaounde,Etoudi,apartment,1,2,52.7,7,0,FALSE,TRUE,FALSE,FALSE,FALSE,2026-02-03,informal,
LS-05702,Douala,PK14,apartment,2,2,83.8,4,0,FALSE,FALSE,FALSE,FALSE,FALSE,2026-04-13,agency,116219
LS-05248,Douala,New Bell,apartment,2,2,63.5,28,0,FALSE,FALSE,FALSE,FALSE,FALSE,2025-09-11,agency,88397
LS-02921,Douala,Deido,studio,2,2,69.5,10,0,FALSE,FALSE,TRUE,FALSE,FALSE,2025-09-30,portal,107053
LS-04808,Yaounde,Emana,studio,1,2,50.4,16,3,FALSE,FALSE,TRUE,FALSE,FALSE,2026-03-02,portal,"73,379"
LS-02075,Yaounde,Mvog-Betsi,apartment,1,2,68.5,9,1,FALSE,TRUE,FALSE,FALSE,FALSE,2025-08-16,portal,126474
LS-04523,Yaounde,Etoudi,apartment,2,2,66.5,28,1,FALSE,TRUE,FALSE,TRUE,FALSE,2025-07-11,informal,
LS-05350,Douala,Deido,chambre moderne,4,3,128.3,0,1,FALSE,FALSE,TRUE,TRUE,FALSE,14/03/2026,informal,559452
LS-02927,Douala,Bepanda,duplex,2,1,83.1,7,4,FALSE,TRUE,TRUE,FALSE,TRUE,2026-04-27,informal,
LS-02475,Yaounde,Biyem-Assi,villa,2,2,60.9,27,2,FALSE,FALSE,FALSE,FALSE,TRUE,2026-01-12,portal,143054
LS-04635,Douala,Bonanjo,villa,1,2,46.2,21,0,TRUE,FALSE,TRUE,FALSE,TRUE,25/06/2026,informal,
LS-06124,Douala,PK14,apartment,3,3,85.7,6,4,TRUE,FALSE,TRUE,FALSE,FALSE,2025-09-18,agency,129503
LS-05001,Douala,Akwa,apartment,2,3,77.2,21,3,TRUE,TRUE,TRUE,TRUE,FALSE,2025-07-05,agency,258101
LS-05637,Yaounde,Bastos,apartment,3,1,116.8,21,1,TRUE,TRUE,FALSE,TRUE,FALSE,2026-01-11,agency,491032
LS-03969,Yaounde,Mvan,duplex,3,3,90.9,23,1,FALSE,FALSE,FALSE,FALSE,FALSE,2026-02-16,informal,222974
LS-05501,Douala,Bonapriso,apartment,2,2,55.7,29,1,FALSE,FALSE,TRUE,FALSE,FALSE,2026-06-22,agency,164119
LS-00253,Yaounde,Mendong,studio,2,2,69.1,15,4,TRUE,TRUE,FALSE,FALSE,FALSE,2026-05-28,informal,136662
LS-02385,Yaounde,Emana,villa,2,2,71.3,15,0,FALSE,FALSE,TRUE,FALSE,FALSE,2026-07-15,agency,166301
LS-04612,Yaounde,Mimboman,studio,1,1,52.8,18,3,FALSE,TRUE,TRUE,TRUE,FALSE,2026-07-15,agency,124391
LS-05664,Yaounde,Nkolbisson,apartment,3,2,88.6,6,0,FALSE,FALSE,TRUE,FALSE,FALSE,2025-11-03,agency,"165,428"
LS-05399,Yaounde,Omnisport,duplex,0,1,25.9,25,3,TRUE,FALSE,TRUE,FALSE,FALSE,2025-12-22,portal,57067
LS-02168,Douala,Bonanjo,apartment,0,1,40.9,8,4,FALSE,FALSE,TRUE,TRUE,TRUE,2026-04-16,portal,235688
LS-01462,Douala,Logpom,apartment,1,1,51.2,11,3,FALSE,TRUE,FALSE,FALSE,FALSE,07/11/2025,informal,
LS-01904,Douala,Deido,villa,2,2,61.1,8,0,FALSE,TRUE,TRUE,FALSE,FALSE,2025-10-04,portal,117010
LS-04666,Yaounde,Emana,apartment,1,1,51.2,18,4,TRUE,FALSE,FALSE,FALSE,FALSE,2025-12-16,portal,66804
LS-00219,Yaounde,Etoudi,apartment,3,2,85.4 m2,8,0,FALSE,FALSE,FALSE,TRUE,FALSE,20/10/2025,informal,240366
LS-01947,Yaounde,Golf,villa,1,2,47.4,0,0,FALSE,TRUE,TRUE,TRUE,FALSE,2026-05-19,portal,233063
LS-05850,Yaounde,Mvan,studio,0,1,30.5,10,1,FALSE,FALSE,TRUE,FALSE,FALSE,2025-10-02,informal,64504
LS-00875,Yaounde,Golf,studio,3,2,85.1,15,0,FALSE,FALSE,FALSE,FALSE,TRUE,2026-01-22,agency,372131
LS-02968,Yaounde,Mendong,chambre moderne,2,3,68.1,12,2,no,FALSE,TRUE,FALSE,FALSE,10/08/2025,agency,199380
LS-02807,Yaounde,Biyem-Assi,apartment,2,2,76.5,16,1,TRUE,FALSE,FALSE,FALSE,FALSE,2025-08-30,agency,143651
LS-03723,Yaounde,Etoudi,apartment,3,2,80.5,14,0,FALSE,FALSE,FALSE,FALSE,FALSE,24/05/2026,portal,150894
LS-05606,Yaounde,Omnisport,duplex,3,2,81.0,21,2,TRUE,FALSE,FALSE,FALSE,FALSE,2026-08-03,agency,180358
LS-02296,Douala,Akwa,villa,1,2,32.3,10,2,FALSE,TRUE,TRUE,FALSE,TRUE,2025-09-10,informal,129118
LS-01442,Yaounde,Biyem-Assi,duplex,1,2,54.2,5,1,FALSE,TRUE,FALSE,FALSE,FALSE,2025-10-21,portal,"69,476"
LS-00007,Yaounde,Biyem-Assi,apartment,1,1,43.4,14,3,FALSE,FALSE,TRUE,TRUE,FALSE,2025-12-15,agency,67331
LS-06093,Douala,Deido,chambre moderne,2,2,63.5,9,1,FALSE,FALSE,FALSE,FALSE,FALSE,2026-06-19,agency,133821
LS-03278,Douala,Bonaberi,apartment,2,2,64.4,17,0,FALSE,FALSE,FALSE,FALSE,FALSE,2025-10-04,informal,
LS-03613,Yaounde,Mimboman,villa,2,1,59.9,19,4,FALSE,TRUE,FALSE,TRUE,FALSE,2025-10-18,informal,56360
LS-05492,Douala,New Bell,apartment,2,2,82.2,0,3,TRUE,TRUE,FALSE,FALSE,FALSE,14/08/2026,agency,168031
LS-05217,Yaounde,Bastos,apartment,1,2,38.8,9,1,TRUE,TRUE,TRUE,FALSE,TRUE,2025-08-16,agency,200987
LS-00050,Douala,Ndokoti,studio,3,3,111.8,0,2,FALSE,TRUE,FALSE,FALSE,FALSE,01/07/2025,agency,160079
LS-00911,Yaounde,Omnisport,chambre moderne,4,4,119.0,4,3,FALSE,TRUE,TRUE,FALSE,FALSE,2025-10-28,agency,283651
LS-02986,Douala,Deido,studio,2,2,61.3,11,0,FALSE,TRUE,FALSE,TRUE,TRUE,2026-07-06,informal,
LS-00340,Yaounde,Etoudi,villa,0,1,14.0 m2,29,0,FALSE,FALSE,FALSE,FALSE,TRUE,30/07/2026,agency,41146
LS-02926,Yaounde,Mimboman,apartment,3,2,94.1,18,2,FALSE,FALSE,FALSE,FALSE,FALSE,2025-10-30,informal,
LS-02959,Yaounde,Bastos,apartment,2,2,54.6,11,1,FALSE,TRUE,TRUE,TRUE,FALSE,2025-09-29,agency,432481
LS-06060,Douala,Bonamoussadi,chambre moderne,2,1,83.5,6,2,FALSE,FALSE,TRUE,TRUE,FALSE,2026-08-17,agency,179493
LS-00042,Douala,Bonanjo,apartment,1,1,52.2,3,0,FALSE,FALSE,TRUE,FALSE,FALSE,2026-06-16,portal,103935
LS-03989,Douala,PK14,duplex,2,1,64.5,23,0,FALSE,FALSE,TRUE,FALSE,FALSE,2026-08-23,agency,125403
LS-04078,Douala,Akwa,apartment,2,2,47.4,21,3,TRUE,FALSE,TRUE,FALSE,FALSE,2026-08-12,agency,177249
LS-03668,Douala,New Bell,studio,2,2,51.8,5,1,FALSE,TRUE,FALSE,FALSE,FALSE,2026-03-13,portal,114157
LS-04971,Douala,Logpom,chambre moderne,1,1,24.6,2,2,FALSE,FALSE,FALSE,TRUE,FALSE,18/07/2026,informal,90585
LS-03424,Yaounde,Nsam,apartment,2,1,83.3,13,0,FALSE,FALSE,FALSE,TRUE,FALSE,2025-08-14,agency,212205
LS-02009,Douala,Bonamoussadi,duplex,1,2,43.9,12,1,TRUE,FALSE,FALSE,TRUE,TRUE,2026-02-19,agency,150211
LS-00634,Douala,Akwa,duplex,3,1,109.7,29,3,TRUE,TRUE,FALSE,TRUE,FALSE,2026-06-19,agency,300588
LS-01110,Yaounde,Biyem-Assi,studio,3,2,102.8,2,0,TRUE,FALSE,TRUE,FALSE,FALSE,2026-06-18,agency,257272
LS-05516,Douala,Makepe,duplex,0,1,20.8,3,1,TRUE,TRUE,FALSE,TRUE,TRUE,18/10/2025,informal,59998
LS-04960,Yaounde,Mendong,apartment,2,3,79.7,5,4,yes,TRUE,FALSE,FALSE,FALSE,2026-02-20,portal,191056
LS-02464,Yaounde,Etoudi,chambre moderne,1,2,65.8,20,1,FALSE,FALSE,FALSE,FALSE,FALSE,2026-07-19,informal,85181
LS-03545,Yaounde,Nsam,apartment,2,2,70.2,31,4,FALSE,FALSE,TRUE,FALSE,FALSE,2026-04-13,informal,129810
LS-00452,Douala,Logpom,apartment,5,3,160.9,24,0,TRUE,TRUE,FALSE,FALSE,FALSE,2026-06-18,agency,626621
LS-02874,Yaounde,Etoudi,chambre moderne,1,1,56.1,10,1,FALSE,TRUE,TRUE,FALSE,FALSE,2026-03-18,agency,89268
LS-05077,Yaounde,Omnisport,apartment,1,2,45.2,14,0,FALSE,TRUE,FALSE,FALSE,FALSE,2026-04-05,informal,169358
LS-01574,Yaounde,Etoudi,apartment,2,2,51.8,37,3,FALSE,FALSE,FALSE,FALSE,FALSE,2025-12-28,portal,89231
LS-04062,Yaounde,Golf,studio,2,1,53.8,16,0,FALSE,TRUE,TRUE,FALSE,FALSE,2025-08-09,portal,229626
LS-00885,Yaounde,Mvog-Betsi,chambre moderne,2,1,90.5,19,4,FALSE,FALSE,FALSE,FALSE,FALSE,2025-12-31,portal,122855
LS-04674,Douala,Bonanjo,villa,2,1,64.8,33,0,TRUE,TRUE,FALSE,FALSE,FALSE,2025-09-21,portal,240047
LS-01223,Douala,Bonamoussadi,chambre moderne,0,1,14.0,23,3,TRUE,FALSE,TRUE,FALSE,FALSE,2026-07-15,agency,51746
LS-00051,Douala,Logpom,apartment,4,3,114.3,11,4,TRUE,TRUE,TRUE,FALSE,FALSE,2026-01-29,portal,296842
LS-04248,Douala,Makepe,chambre moderne,4,3,119.2,0,4,FALSE,FALSE,TRUE,FALSE,FALSE,2026-08-12,informal,474118
LS-02985,Yaounde,Mvan,villa,1,1,52.0,0,0,FALSE,TRUE,FALSE,FALSE,FALSE,27/12/2025,agency,109537
LS-04339,Yaounde,Mendong,chambre moderne,5,3,152.3,16,2,FALSE,FALSE,FALSE,FALSE,FALSE,2026-04-20,agency,506074
LS-03405,Yaounde,Mvan,apartment,2,2,82.9 m2,33,2,FALSE,FALSE,FALSE,FALSE,FALSE,2025-12-30,portal,131604
LS-05829,Douala,Bonaberi,apartment,2,2,67.5,24,0,FALSE,FALSE,FALSE,FALSE,FALSE,10/04/2026,informal,83958
LS-06105,Yaounde,Nkolbisson,chambre moderne,3,3,108.3,25,2,FALSE,FALSE,TRUE,FALSE,FALSE,2025-09-18,agency,218733
LS-03068,Douala,New Bell,apartment,1,2,55.6,30,4,FALSE,FALSE,FALSE,FALSE,FALSE,2026-07-13,agency,53692
LS-03303,Douala,Bonamoussadi,studio,1,2,59.1,4,1,FALSE,FALSE,TRUE,FALSE,FALSE,2026-01-25,agency,222447
LS-02275,Douala,Bonamoussadi,studio,2,2,61.5,11,1,FALSE,TRUE,TRUE,FALSE,FALSE,2026-07-15,informal,166644
LS-05021,Douala,Ndokoti,duplex,2,1,81.6,12,3,FALSE,FALSE,TRUE,FALSE,FALSE,2026-02-20,agency,"115,841"
LS-05862,Douala,Logpom,duplex,2,2,77.2,29,0,TRUE,FALSE,TRUE,FALSE,FALSE,2025-10-19,portal,181801
LS-02774,Douala,PK14,apartment,2,2,78.7,17,3,FALSE,FALSE,FALSE,FALSE,TRUE,15/03/2026,portal,117454
LS-00078,Douala,PK14,villa,2,1,74.3,1,3,FALSE,TRUE,FALSE,FALSE,FALSE,2026-07-16,agency,108484
LS-03838,Douala,Bonapriso,apartment,1,1,50.7,8,2,FALSE,TRUE,TRUE,TRUE,FALSE,2025-11-01,agency,231216
LS-00918,Douala,PK14,apartment,2,3,67.3,28,2,FALSE,FALSE,FALSE,FALSE,FALSE,2026-01-03,informal,99113
LS-03818,Yaounde,Etoudi,chambre moderne,1,2,56.6,0,4,FALSE,FALSE,TRUE,FALSE,FALSE,2025-11-06,informal,130168
LS-01564,Douala,Deido,apartment,2,3,63.1,14,0,yes,FALSE,FALSE,TRUE,TRUE,2025-10-09,portal,124802
LS-05307,Yaounde,Nkolbisson,apartment,4,3,110.1,10,2,FALSE,FALSE,FALSE,FALSE,FALSE,2026-08-04,agency,281492
LS-02418,Douala,Akwa,apartment,2,3,70.6,13,1,yes,TRUE,TRUE,TRUE,FALSE,03/02/2026,informal,256653
LS-05526,Douala,Ndokoti,apartment,2,1,80.6,3,1,FALSE,FALSE,TRUE,FALSE,FALSE,2026-04-20,portal,134068
LS-03711,Yaounde,Nsam,apartment,3,1,89.3,0,3,FALSE,FALSE,FALSE,FALSE,FALSE,2026-04-13,agency,169232
LS-05718,Douala,Akwa,apartment,2,2,77.2,0,0,FALSE,TRUE,TRUE,TRUE,FALSE,2026-06-01,agency,480231
LS-01950,Yaounde,Mimboman,apartment,2,2,78.5,29,1,FALSE,FALSE,FALSE,FALSE,FALSE,2026-06-21,informal,
LS-04643,Yaounde,Bastos,studio,2,2,65.9,6,0,FALSE,TRUE,TRUE,FALSE,FALSE,2026-07-01,agency,168653
LS-04224,Douala,Ndokoti,duplex,2,1,85.4,13,0,no,TRUE,FALSE,FALSE,FALSE,2025-12-12,agency,126368
LS-00881,Yaounde,Mvan,apartment,2,2,84.4,23,0,FALSE,FALSE,FALSE,FALSE,FALSE,2026-01-18,agency,175291
LS-04185,Yaounde,Biyem-Assi,villa,3,3,91.4,34,0,no,FALSE,FALSE,FALSE,FALSE,2025-08-15,agency,147915
LS-04889,Douala,Ndokoti,studio,2,3,84.7,9,2,FALSE,TRUE,FALSE,FALSE,FALSE,2026-06-28,informal,
LS-02362,Yaounde,Nsam,chambre moderne,2,2,88.9,6,1,FALSE,FALSE,TRUE,FALSE,FALSE,2026-02-06,portal,208188
LS-05075,Douala,Bepanda,apartment,1,2,40.2,14,4,FALSE,FALSE,FALSE,FALSE,FALSE,2025-10-28,informal,
LS-02658,Yaounde,Mvan,studio,3,1,86.5,2,2,FALSE,FALSE,FALSE,FALSE,FALSE,2026-04-25,agency,"177,041"
LS-05416,Douala,Bonamoussadi,villa,2,2,79.3,21,2,FALSE,TRUE,FALSE,TRUE,FALSE,2025-08-22,portal,204802
LS-05640,Yaounde,Nkolbisson,apartment,1,1,36.0,6,2,FALSE,FALSE,FALSE,FALSE,FALSE,2025-10-15,agency,52432
LS-04437,Douala,Bonaberi,villa,3,4,106.2,9,0,FALSE,FALSE,TRUE,FALSE,FALSE,2026-04-03,portal,166563
LS-01396,Douala,Deido,apartment,2,3,93.6 m2,6,0,TRUE,FALSE,FALSE,FALSE,FALSE,2026-04-05,informal,317733
LS-06107,Douala,Bonaberi,apartment,3,2,101.4 m2,23,4,FALSE,FALSE,TRUE,FALSE,FALSE,2026-03-12,portal,160571
LS-04148,Yaounde,Mimboman,studio,1,2,58.3,0,2,FALSE,FALSE,TRUE,FALSE,FALSE,2026-05-13,portal,110058
LS-05410,Douala,New Bell,studio,5,4,143.9,23,1,TRUE,FALSE,FALSE,FALSE,FALSE,2025-07-29,agency,468056
LS-01539,Yaounde,Etoudi,apartment,2,2,76.5,13,1,FALSE,FALSE,FALSE,FALSE,FALSE,2025-08-22,informal,120769
LS-03504,Douala,Deido,apartment,3,2,111.3,16,0,TRUE,FALSE,FALSE,FALSE,FALSE,2025-08-19,portal,300925
LS-04747,Douala,Ndokoti,duplex,2,1,72.4,3,0,FALSE,FALSE,TRUE,FALSE,FALSE,18/07/2025,informal,
LS-03980,Yaounde,Bastos,apartment,2,2,68.8,19,3,TRUE,FALSE,TRUE,FALSE,FALSE,2026-05-18,portal,426562
LS-05996,Douala,Deido,duplex,4,4,125.7,22,1,FALSE,FALSE,FALSE,FALSE,TRUE,2025-08-01,agency,697632
LS-05132,Douala,Logpom,studio,2,2,60.7,29,3,FALSE,FALSE,TRUE,TRUE,FALSE,2026-06-07,agency,237298
LS-02583,Yaounde,Mimboman,chambre moderne,2,2,87.0,18,4,FALSE,FALSE,FALSE,FALSE,FALSE,2026-06-30,informal,122928
LS-05173,Douala,Bonamoussadi,apartment,2,2,65.9,9,2,FALSE,FALSE,FALSE,FALSE,FALSE,2025-10-28,agency,154544
LS-04425,Yaounde,Etoudi,duplex,2,1,47.9,3,0,TRUE,FALSE,FALSE,FALSE,TRUE,2026-06-17,portal,114055
LS-03964,Yaounde,Mvan,apartment,1,1,45.6 m2,18,1,no,FALSE,TRUE,FALSE,FALSE,27/10/2025,portal,"104,420"
LS-00348,Douala,Bepanda,duplex,1,2,55.2,21,2,no,TRUE,TRUE,TRUE,FALSE,2026-04-02,portal,117303
LS-05289,Yaounde,Emana,apartment,2,1,62.2,14,1,FALSE,FALSE,FALSE,FALSE,FALSE,16/09/2025,agency,87659
LS-05266,Yaounde,Mimboman,villa,3,2,93.6,0,1,FALSE,FALSE,TRUE,FALSE,FALSE,2026-02-11,agency,257240
LS-02311,Douala,Makepe,studio,0,1,42.2,26,0,TRUE,FALSE,TRUE,FALSE,FALSE,2026-01-17,agency,"87,053"
LS-04521,Douala,New Bell,apartment,4,2,127.7,24,2,TRUE,FALSE,FALSE,FALSE,FALSE,2025-07-06,agency,"325,577"
LS-04636,Yaounde,Mimboman,villa,2,1,71.6,23,0,FALSE,FALSE,TRUE,FALSE,TRUE,2026-01-30,informal,
LS-01225,Yaounde,Omnisport,apartment,1,2,47.7,12,1,TRUE,TRUE,FALSE,TRUE,FALSE,2025-12-07,agency,102889
LS-03481,Douala,Bonanjo,villa,2,2,92.1,4,1,TRUE,TRUE,FALSE,TRUE,FALSE,2025-07-24,agency,346521
LS-03283,Douala,Bonanjo,apartment,2,2,72.4,15,0,FALSE,FALSE,TRUE,FALSE,TRUE,2026-06-02,informal,206410
LS-04182,Douala,Ndokoti,studio,3,2,96.7 m2,21,3,FALSE,FALSE,FALSE,FALSE,FALSE,2025-10-22,informal,
LS-01639,Yaounde,Mvan,apartment,2,3,61.0 m2,23,2,FALSE,FALSE,TRUE,FALSE,TRUE,2025-09-18,portal,"147,284"
LS-01734,Yaounde,Mimboman,villa,2,3,67.3,0,2,FALSE,FALSE,FALSE,FALSE,FALSE,2026-07-31,agency,152308
LS-01182,Douala,New Bell,apartment,2,3,65.4,16,2,FALSE,TRUE,FALSE,FALSE,FALSE,2025-07-18,agency,164829
LS-05375,Douala,Logpom,villa,2,1,73.8,9,3,TRUE,TRUE,TRUE,FALSE,FALSE,2025-07-24,agency,185125
LS-03381,Douala,Bonapriso,apartment,0,1,23.7,24,2,FALSE,FALSE,FALSE,TRUE,FALSE,2025-08-09,agency,124837
LS-03195,Douala,Bonaberi,studio,4,3,143.4,29,1,FALSE,TRUE,TRUE,FALSE,FALSE,2026-03-16,informal,446545
LS-00036,Yaounde,Mvog-Betsi,duplex,4,2,121.7,9,1,FALSE,FALSE,TRUE,FALSE,FALSE,2025-11-08,portal,348400
LS-01268,Yaounde,Biyem-Assi,duplex,3,1,113.2,14,4,FALSE,FALSE,FALSE,FALSE,TRUE,2026-08-01,portal,348192
LS-01344,Yaounde,Mvan,apartment,3,2,102.0,13,3,FALSE,TRUE,FALSE,FALSE,FALSE,2025-10-28,portal,221181
LS-01659,Douala,Bonapriso,villa,3,3,113.5,11,2,TRUE,FALSE,TRUE,FALSE,FALSE,2025-09-27,informal,400002
LS-03185,Douala,Deido,apartment,3,3,93.1,14,3,FALSE,FALSE,FALSE,FALSE,FALSE,13/08/2025,informal,190997
LS-04274,Douala,Makepe,duplex,4,4,127.4,8,1,FALSE,FALSE,FALSE,FALSE,FALSE,2026-07-23,agency,594550
LS-05392,Yaounde,Golf,apartment,2,2,85.9,11,1,TRUE,TRUE,FALSE,FALSE,TRUE,18/11/2025,agency,257566
LS-02363,Douala,Akwa,duplex,4,4,120.0,18,0,FALSE,FALSE,TRUE,FALSE,FALSE,2026-04-15,agency,351574
LS-00049,Douala,Ndokoti,chambre moderne,3,2,104.7,20,4,FALSE,TRUE,FALSE,FALSE,FALSE,2026-04-22,agency,230275
LS-05820,Yaounde,Mvan,chambre moderne,1,1,39.0,29,3,FALSE,TRUE,TRUE,FALSE,FALSE,2025-12-31,informal,79892
LS-04257,Yaounde,Mimboman,apartment,1,1,59.9,2,0,FALSE,FALSE,FALSE,FALSE,FALSE,2026-01-04,agency,76894
LS-03369,Yaounde,Etoudi,villa,1,2,148.4,12,0,FALSE,TRUE,TRUE,FALSE,TRUE,2026-06-03,agency,473231
LS-04381,Douala,Bonaberi,apartment,1,1,47.7,1,3,FALSE,FALSE,FALSE,FALSE,FALSE,2025-10-28,agency,90112
LS-02728,Douala,New Bell,apartment,3,2,89.4,37,0,FALSE,TRUE,TRUE,FALSE,FALSE,2026-07-09,portal,147933
LS-03999,Douala,PK14,chambre moderne,3,2,109.4,7,0,FALSE,TRUE,FALSE,TRUE,FALSE,2026-07-01,agency,178695
LS-03158,Douala,Deido,duplex,4,3,117.1,11,3,FALSE,FALSE,TRUE,FALSE,FALSE,2026-06-26,portal,525422
LS-03653,Douala,Bonanjo,apartment,3,3,93.0,11,2,TRUE,TRUE,TRUE,TRUE,TRUE,2026-02-05,informal,278100
LS-02907,Yaounde,Omnisport,villa,3,2,117.8,21,1,FALSE,FALSE,FALSE,TRUE,FALSE,2025-10-07,agency,386266
LS-00150,Yaounde,Emana,villa,0,1,26.4,10,0,FALSE,TRUE,TRUE,FALSE,FALSE,2026-03-11,informal,36597
LS-02246,Douala,PK14,villa,2,2,69.2,10,0,FALSE,FALSE,FALSE,FALSE,FALSE,2026-07-18,agency,120400
LS-03804,Douala,PK14,villa,5,3,134.5,10,3,FALSE,TRUE,FALSE,FALSE,FALSE,2026-08-13,informal,
LS-05979,Yaounde,Mimboman,villa,0,1,44.0,12,1,FALSE,FALSE,FALSE,FALSE,FALSE,2026-06-13,agency,52480
LS-05896,Yaounde,Mvog-Betsi,chambre moderne,3,2,91.8,29,3,no,FALSE,FALSE,FALSE,FALSE,2026-06-17,agency,105963
LS-02147,Yaounde,Mendong,villa,1,2,38.4,41,4,FALSE,TRUE,TRUE,FALSE,FALSE,2026-04-30,portal,39315
LS-04082,Yaounde,Omnisport,chambre moderne,3,3,90.0 m2,9,2,FALSE,TRUE,TRUE,FALSE,FALSE,2026-04-23,portal,270619
LS-04791,Douala,Bonapriso,apartment,3,2,80.7,19,1,TRUE,TRUE,TRUE,FALSE,TRUE,09/07/2026,portal,297305
LS-04754,Yaounde,Nkolbisson,chambre moderne,2,1,80.3,8,4,FALSE,FALSE,FALSE,FALSE,FALSE,2026-06-13,agency,91233
LS-02399,Yaounde,Etoudi,duplex,3,3,91.6,15,3,FALSE,TRUE,TRUE,FALSE,FALSE,2026-02-19,portal,286335
LS-02041,Douala,Ndokoti,studio,1,1,51.9,14,1,FALSE,FALSE,FALSE,FALSE,FALSE,2026-02-12,portal,75657
LS-05992,Yaounde,Etoudi,apartment,2,2,77.2,1,4,FALSE,TRUE,FALSE,FALSE,FALSE,2026-03-07,portal,"215,204"
LS-04795,Yaounde,Golf,apartment,2,2,76.8,22,1,FALSE,TRUE,TRUE,TRUE,FALSE,2026-01-04,portal,262183
LS-04998,Douala,Logpom,villa,2,1,64.4,37,0,TRUE,TRUE,TRUE,FALSE,FALSE,2026-01-23,agency,95659
LS-04977,Douala,Deido,villa,3,2,103.9,5,4,FALSE,TRUE,FALSE,FALSE,FALSE,2026-06-10,portal,369427
LS-01953,Douala,PK14,apartment,2,2,63.7,17,4,FALSE,FALSE,FALSE,TRUE,FALSE,2026-05-24,informal,89811
LS-04779,Douala,Bonamoussadi,duplex,1,2,46.7,12,4,FALSE,FALSE,FALSE,FALSE,FALSE,2026-02-17,agency,158114
LS-00107,Douala,New Bell,apartment,2,2,53.8,28,3,FALSE,FALSE,FALSE,TRUE,FALSE,2026-02-28,agency,83047
LS-01934,Douala,PK14,apartment,0,1,24.1,27,3,FALSE,TRUE,FALSE,FALSE,FALSE,2026-04-28,portal,51050
LS-01270,Yaounde,Mendong,apartment,5,3,159.6,17,0,FALSE,TRUE,FALSE,TRUE,FALSE,2025-12-07,agency,432849
LS-04333,Yaounde,Omnisport,apartment,0,1,19.5,14,4,FALSE,FALSE,FALSE,TRUE,FALSE,2025-10-24,portal,50617
LS-00319,Douala,Akwa,chambre moderne,1,1,38.4,20,0,FALSE,FALSE,TRUE,FALSE,FALSE,26/01/2026,agency,"96,705"
LS-03575,Douala,Bonapriso,apartment,1,1,48.1,26,1,yes,FALSE,TRUE,TRUE,FALSE,2025-12-05,informal,
LS-02112,Douala,Makepe,duplex,1,1,67.5,7,0,TRUE,FALSE,FALSE,TRUE,FALSE,13/10/2025,portal,143677
LS-00558,Douala,New Bell,studio,1,1,40.2,9,4,FALSE,FALSE,FALSE,FALSE,FALSE,12/05/2026,portal,"75,266"
LS-03016,Yaounde,Biyem-Assi,villa,3,3,103.3,1,3,FALSE,FALSE,FALSE,TRUE,FALSE,2026-01-23,informal,299869
LS-02339,Yaounde,Nkolbisson,apartment,4,3,127.0,3,0,FALSE,FALSE,TRUE,FALSE,FALSE,2026-03-23,agency,313448
LS-02329,Yaounde,Bastos,apartment,2,3,68.1,21,2,TRUE,TRUE,TRUE,FALSE,FALSE,2025-07-26,portal,339629
LS-00995,Yaounde,Golf,villa,2,2,68.5,32,4,FALSE,TRUE,TRUE,TRUE,FALSE,20/04/2026,agency,208068
LS-01786,Douala,Akwa,studio,1,1,67.5,5,1,TRUE,FALSE,FALSE,TRUE,FALSE,2026-07-10,informal,
LS-03772,Yaounde,Mimboman,apartment,0,1,14.0,21,0,FALSE,FALSE,FALSE,FALSE,FALSE,2025-08-23,portal,34591
LS-03247,Yaounde,Omnisport,apartment,1,2,35.0,6,2,FALSE,TRUE,FALSE,TRUE,FALSE,2026-08-19,informal,
LS-01836,Douala,Logpom,apartment,2,1,88.0,14,1,FALSE,FALSE,TRUE,TRUE,FALSE,2026-05-10,informal,
LS-04589,Douala,Deido,duplex,3,2,117.6,3,1,FALSE,TRUE,TRUE,FALSE,FALSE,2025-12-16,agency,339315
LS-01946,Douala,Bonapriso,villa,3,3,115.5,0,4,TRUE,FALSE,FALSE,TRUE,FALSE,2026-01-12,agency,454563
LS-03177,Yaounde,Biyem-Assi,apartment,1,1,45.7,6,4,FALSE,FALSE,FALSE,TRUE,FALSE,2026-07-09,agency,107469
LS-00027,Douala,PK14,apartment,4,3,120.0,21,1,FALSE,FALSE,TRUE,FALSE,FALSE,2026-02-23,agency,338756
LS-05383,Douala,Bepanda,studio,3,2,97.9,15,3,TRUE,FALSE,FALSE,FALSE,FALSE,2025-09-15,informal,251826
LS-01144,Yaounde,Emana,studio,3,2,106.5,22,4,FALSE,FALSE,FALSE,FALSE,FALSE,2026-08-17,portal,186333
LS-04229,Yaounde,Etoudi,chambre moderne,1,1,51.2,2,1,FALSE,FALSE,FALSE,FALSE,FALSE,2026-03-03,agency,92495
LS-05183,Yaounde,Mimboman,apartment,3,3,102.1,2,4,FALSE,FALSE,FALSE,FALSE,FALSE,09/11/2025,agency,213865
LS-02322,Yaounde,Mvog-Betsi,duplex,2,2,80.3,15,4,no,TRUE,TRUE,FALSE,FALSE,2026-02-17,agency,131223
LS-05841,Yaounde,Etoudi,apartment,3,3,99.3,3,0,TRUE,FALSE,FALSE,FALSE,FALSE,2026-01-19,agency,175314
LS-02894,Douala,New Bell,chambre moderne,4,2,156.0,18,1,no,FALSE,FALSE,FALSE,FALSE,2026-07-14,agency,684704
LS-04047,Yaounde,Omnisport,apartment,2,2,67.3,18,2,FALSE,FALSE,TRUE,TRUE,FALSE,20/11/2025,informal,161389
LS-04516,Douala,Bonapriso,duplex,2,1,66.6,19,1,FALSE,TRUE,FALSE,FALSE,TRUE,2026-04-13,agency,128406
LS-00974,Yaounde,Omnisport,duplex,2,2,72.5,10,0,TRUE,FALSE,TRUE,FALSE,FALSE,2026-07-13,agency,183006
LS-01524,Yaounde,Emana,studio,2,3,67.5,12,4,FALSE,FALSE,FALSE,FALSE,FALSE,2025-12-26,informal,118542
LS-04821,Yaounde,Mvog-Betsi,studio,2,2,70.2,3,1,FALSE,FALSE,FALSE,FALSE,FALSE,30/07/2025,informal,153937
LS-01148,Douala,New Bell,studio,2,2,76.8,0,4,FALSE,FALSE,FALSE,FALSE,FALSE,2025-09-22,portal,93050
LS-03535,Yaounde,Biyem-Assi,apartment,1,1,62.5,17,1,FALSE,FALSE,FALSE,FALSE,FALSE,2025-12-09,agency,97209
LS-01808,Douala,Deido,apartment,3,3,123.1,13,0,FALSE,TRUE,FALSE,TRUE,FALSE,23/03/2026,agency,329820
LS-00480,Douala,Bonapriso,duplex,1,1,62.6,24,0,FALSE,TRUE,TRUE,FALSE,TRUE,2026-04-30,portal,203951
LS-05666,Douala,Makepe,chambre moderne,4,3,144.3,2,0,FALSE,TRUE,FALSE,TRUE,FALSE,2025-08-28,agency,913816
LS-00465,Yaounde,Nkolbisson,studio,2,2,60.3,24,1,FALSE,FALSE,FALSE,FALSE,FALSE,2026-05-12,informal,79650
LS-04978,Douala,Bepanda,apartment,1,2,55.5,8,0,FALSE,FALSE,FALSE,FALSE,FALSE,2026-05-08,portal,128528
LS-01094,Douala,Deido,studio,0,1,24.2,5,1,FALSE,FALSE,FALSE,FALSE,FALSE,2026-07-09,agency,85129
LS-05418,Yaounde,Omnisport,apartment,4,3,136.4,27,0,FALSE,FALSE,FALSE,TRUE,FALSE,2026-05-28,agency,408806
LS-03083,Yaounde,Omnisport,studio,2,1,65.8,36,2,FALSE,TRUE,FALSE,TRUE,FALSE,2025-08-10,agency,140156
LS-05933,Douala,Logpom,duplex,4,2,140.7,13,1,FALSE,FALSE,TRUE,TRUE,FALSE,05/07/2026,agency,713728
LS-06024,Yaounde,Bastos,villa,2,2,69.5,6,2,TRUE,TRUE,TRUE,FALSE,FALSE,2025-07-23,agency,250477
LS-03383,Yaounde,Etoudi,chambre moderne,4,3,127.3 m2,4,2,FALSE,FALSE,FALSE,FALSE,FALSE,2025-08-26,informal,304673
LS-00494,Yaounde,Biyem-Assi,chambre moderne,1,2,50.9,23,4,FALSE,TRUE,FALSE,TRUE,FALSE,2026-05-02,agency,83269
LS-00100,Yaounde,Nkolbisson,apartment,2,2,66.3,17,4,FALSE,FALSE,FALSE,FALSE,FALSE,2025-07-08,informal,106165
LS-05295,Yaounde,Emana,chambre moderne,3,2,86.7,22,0,FALSE,FALSE,FALSE,FALSE,FALSE,2025-10-01,informal,235132
LS-06143,Douala,Deido,villa,3,3,100.2,24,1,FALSE,FALSE,FALSE,FALSE,FALSE,16/04/2026,agency,"252,356"
LS-03153,Yaounde,Mvog-Betsi,duplex,2,1,78.9,5,4,no,FALSE,FALSE,FALSE,FALSE,2025-12-09,portal,201456
LS-01966,Yaounde,Mvan,apartment,3,1,93.3,31,1,FALSE,TRUE,FALSE,FALSE,FALSE,2026-08-21,agency,125244
LS-04567,Yaounde,Mvog-Betsi,chambre moderne,2,1,67.2,15,0,TRUE,FALSE,FALSE,FALSE,FALSE,2026-05-10,agency,137555
LS-01186,Yaounde,Mvog-Betsi,villa,3,3,99.4,21,1,FALSE,FALSE,FALSE,FALSE,FALSE,2026-05-28,portal,246577
LS-05366,Douala,Makepe,studio,2,1,74.5,14,2,FALSE,FALSE,FALSE,FALSE,TRUE,2026-01-05,informal,198616
LS-00692,Yaounde,Nsam,villa,3,3,95.5,20,2,FALSE,FALSE,FALSE,FALSE,FALSE,2026-07-24,agency,197522
LS-01436,Douala,Bonamoussadi,apartment,3,3,110.8,0,4,TRUE,FALSE,TRUE,TRUE,FALSE,25/08/2025,agency,"453,842"
LS-01845,Douala,Bonanjo,studio,3,3,110.0,17,0,FALSE,FALSE,FALSE,FALSE,FALSE,2025-08-12,agency,359829
LS-03309,Douala,Akwa,villa,3,2,103.3,15,4,no,FALSE,FALSE,FALSE,FALSE,2025-10-09,agency,231130
LS-04456,Douala,New Bell,apartment,4,2,109.5,18,1,FALSE,FALSE,FALSE,FALSE,TRUE,2026-02-06,portal,"295,876"
LS-00665,Yaounde,Nkolbisson,apartment,4,3,98.4,11,3,FALSE,TRUE,FALSE,FALSE,FALSE,2026-01-31,agency,341664
LS-01625,Yaounde,Nkolbisson,villa,2,2,70.8,12,0,FALSE,FALSE,TRUE,FALSE,FALSE,2025-12-06,agency,138711
LS-00302,Yaounde,Golf,apartment,1,2,36.2,0,1,FALSE,TRUE,TRUE,TRUE,FALSE,2025-08-10,agency,171786
LS-03626,Douala,New Bell,duplex,1,2,52.1,15,4,TRUE,TRUE,FALSE,FALSE,FALSE,2026-08-03,portal,82602
LS-04466,Yaounde,Biyem-Assi,apartment,4,3,131.9,7,0,TRUE,FALSE,FALSE,FALSE,FALSE,2025-08-17,agency,533797
LS-00889,Douala,Bonapriso,studio,2,1,89.6,6,0,TRUE,TRUE,TRUE,TRUE,FALSE,19/08/2025,informal,253862
LS-05727,Yaounde,Emana,apartment,3,2,105.0,7,4,FALSE,FALSE,FALSE,FALSE,FALSE,2025-10-19,agency,194683
LS-04228,Yaounde,Emana,studio,1,1,47.6,2,0,FALSE,FALSE,FALSE,FALSE,FALSE,2025-11-10,agency,"88,312"
LS-03742,Yaounde,Mvan,studio,3,3,98.0,9,4,FALSE,TRUE,TRUE,FALSE,FALSE,2026-06-08,informal,296580
LS-01054,Yaounde,Golf,chambre moderne,3,4,92.3,22,1,FALSE,FALSE,TRUE,TRUE,FALSE,2025-12-20,portal,244363
LS-05909,Douala,Bonanjo,duplex,4,3,125.1,18,0,TRUE,FALSE,FALSE,FALSE,FALSE,2025-09-10,informal,697789
LS-00693,Yaounde,Bastos,studio,2,1,77.1,11,4,FALSE,FALSE,TRUE,TRUE,FALSE,2025-09-11,agency,184066
LS-04988,Yaounde,Emana,apartment,3,4,89.9,23,1,FALSE,FALSE,FALSE,FALSE,FALSE,2025-11-07,agency,192646
LS-00095,Yaounde,Golf,villa,1,1,38.3 m2,17,1,TRUE,TRUE,FALSE,FALSE,TRUE,2026-05-22,informal,82246
LS-04286,Douala,PK14,apartment,2,3,55.4,9,1,yes,FALSE,FALSE,FALSE,TRUE,2025-08-28,agency,109466
LS-00790,Douala,Logpom,villa,4,3,112.7,9,4,FALSE,FALSE,TRUE,TRUE,FALSE,20/08/2025,informal,483840
LS-04563,Yaounde,Nkolbisson,duplex,2,2,68.3,23,1,FALSE,FALSE,FALSE,FALSE,FALSE,2026-02-19,portal,78427
LS-03341,Douala,PK14,duplex,2,3,77.4,13,1,no,FALSE,FALSE,FALSE,FALSE,2026-08-12,informal,
LS-05089,Yaounde,Omnisport,studio,2,2,75.5,9,4,FALSE,TRUE,FALSE,FALSE,FALSE,10/08/2025,agency,166506
LS-00061,Yaounde,Emana,villa,2,2,68.3,15,3,FALSE,FALSE,TRUE,FALSE,FALSE,2026-05-29,informal,128873
LS-01767,Yaounde,Etoudi,villa,1,2,60.5,2,0,FALSE,TRUE,TRUE,FALSE,FALSE,2026-01-01,agency,175506
LS-05742,Douala,Bonanjo,duplex,2,2,57.6,8,0,TRUE,TRUE,FALSE,TRUE,FALSE,2025-07-16,agency,242873
LS-02565,Douala,Bonanjo,apartment,2,2,74.3,0,0,TRUE,FALSE,TRUE,TRUE,FALSE,2026-06-06,informal,249554
LS-02523,Douala,PK14,duplex,2,2,81.0,8,1,FALSE,FALSE,FALSE,FALSE,FALSE,2026-04-13,portal,"123,300"
LS-04480,Yaounde,Emana,studio,2,2,87.7,13,0,FALSE,FALSE,FALSE,FALSE,FALSE,2026-04-14,agency,157926
LS-01980,Yaounde,Omnisport,chambre moderne,3,2,90.5,18,2,FALSE,TRUE,TRUE,FALSE,FALSE,2026-08-02,portal,219049
LS-03150,Yaounde,Biyem-Assi,studio,3,3,101.7,23,0,FALSE,TRUE,TRUE,TRUE,FALSE,2025-09-11,agency,157116
LS-04043,Yaounde,Mimboman,apartment,1,1,62.1,10,3,FALSE,TRUE,TRUE,FALSE,FALSE,2025-07-03,informal,65982
LS-01893,Yaounde,Golf,apartment,2,2,71.2 m2,0,4,FALSE,FALSE,FALSE,TRUE,TRUE,2026-03-30,portal,216574
LS-01413,Douala,Bonapriso,studio,3,3,119.4,6,0,FALSE,FALSE,TRUE,FALSE,TRUE,2025-11-17,informal,831367
LS-06168,Douala,Bonanjo,apartment,0,1,14.8,9,1,TRUE,FALSE,FALSE,TRUE,FALSE,2025-12-27,portal,84944
LS-00838,Yaounde,Mvog-Betsi,villa,3,2,104.3,10,4,FALSE,FALSE,TRUE,FALSE,FALSE,2025-09-22,portal,190715
LS-00850,Yaounde,Mvan,studio,2,2,74.3,1,1,FALSE,FALSE,FALSE,FALSE,TRUE,2026-01-16,agency,204007
LS-04005,Douala,Bonapriso,duplex,1,1,43.8 m2,4,0,TRUE,TRUE,TRUE,TRUE,FALSE,2026-08-12,agency,247177
LS-04522,Douala,Bonaberi,apartment,1,1,31.4,37,4,FALSE,FALSE,FALSE,FALSE,FALSE,2025-09-28,agency,60660
LS-01401,Yaounde,Omnisport,villa,1,1,50.5,26,4,TRUE,TRUE,TRUE,FALSE,FALSE,2026-02-15,agency,157836
LS-03032,Douala,PK14,apartment,3,2,102.3,5,0,FALSE,FALSE,FALSE,FALSE,FALSE,2025-12-30,agency,239076
LS-02377,Douala,Bonanjo,apartment,1,2,58.8,20,4,TRUE,TRUE,FALSE,FALSE,FALSE,2025-09-18,informal,148074
LS-04382,Yaounde,Biyem-Assi,apartment,2,2,65.9,5,1,FALSE,FALSE,FALSE,TRUE,FALSE,2025-11-30,portal,188595
LS-05165,Douala,Bonamoussadi,apartment,2,1,77.7,20,1,TRUE,FALSE,TRUE,FALSE,FALSE,2026-04-02,portal,211178
LS-04951,Yaounde,Bastos,chambre moderne,2,2,96.5,17,2,TRUE,TRUE,TRUE,TRUE,TRUE,2026-06-19,agency,597279
LS-04275,Douala,New Bell,duplex,2,2,51.0,18,0,FALSE,FALSE,FALSE,FALSE,FALSE,2025-08-14,portal,83950
LS-06008,Douala,Akwa,apartment,3,3,80.3,22,0,TRUE,TRUE,FALSE,FALSE,FALSE,2026-05-10,agency,317236
LS-01843,Yaounde,Mimboman,apartment,4,3,135.8,13,1,FALSE,TRUE,FALSE,FALSE,FALSE,2025-11-02,informal,308379
LS-01005,Douala,Bepanda,duplex,2,2,83.9,0,1,FALSE,FALSE,FALSE,FALSE,FALSE,2025-11-07,informal,232335
LS-04473,Douala,New Bell,apartment,2,2,88.7,14,4,TRUE,FALSE,FALSE,TRUE,FALSE,2026-07-02,informal,234395
LS-02955,Yaounde,Biyem-Assi,chambre moderne,4,2,125.7,21,1,TRUE,TRUE,FALSE,FALSE,FALSE,2026-02-09,agency,312853
LS-00973,Douala,Bonapriso,apartment,0,1,24.9,0,0,TRUE,FALSE,TRUE,FALSE,FALSE,2025-11-28,agency,149368
LS-04000,Douala,Logpom,apartment,3,4,71.3,0,3,FALSE,TRUE,TRUE,FALSE,FALSE,2026-02-20,portal,319516
LS-02243,Douala,Ndokoti,apartment,0,1,34.1,20,4,TRUE,FALSE,TRUE,TRUE,FALSE,2026-03-26,informal,52298
LS-05302,Yaounde,Nkolbisson,apartment,1,1,48.0,9,1,FALSE,FALSE,FALSE,FALSE,FALSE,2025-10-29,agency,66134
LS-04544,Yaounde,Golf,duplex,0,1,19.2,11,0,TRUE,FALSE,TRUE,FALSE,FALSE,2026-04-25,agency,120661
LS-02397,Douala,Bonamoussadi,villa,1,1,39.9,14,1,FALSE,FALSE,FALSE,FALSE,FALSE,2025-10-21,agency,164319
LS-03558,Douala,PK14,apartment,0,1,33.3,0,0,FALSE,FALSE,FALSE,FALSE,FALSE,12/06/2026,agency,48378
LS-01314,Yaounde,Nkolbisson,apartment,4,2,115.5,10,3,TRUE,FALSE,FALSE,FALSE,FALSE,2026-02-03,agency,163804
LS-00383,Yaounde,Emana,villa,0,1,28.0,25,0,FALSE,FALSE,FALSE,FALSE,FALSE,05/07/2026,agency,53591
LS-04071,Douala,New Bell,villa,2,2,72.8,15,4,FALSE,TRUE,FALSE,FALSE,FALSE,2025-08-27,agency,107807
LS-04123,Douala,Bonanjo,studio,4,3,127.0,10,0,FALSE,FALSE,FALSE,TRUE,FALSE,2026-03-26,portal,590862
LS-00003,Yaounde,Mimboman,apartment,2,1,68.1,18,4,FALSE,FALSE,FALSE,FALSE,FALSE,2025-10-15,agency,86830
LS-01965,Yaounde,Omnisport,duplex,3,3,96.6,12,1,FALSE,TRUE,FALSE,FALSE,FALSE,2026-01-07,agency,281018
LS-02156,Yaounde,Etoudi,duplex,3,2,90.8,15,0,TRUE,FALSE,TRUE,FALSE,FALSE,2025-12-06,informal,257700
LS-01635,Yaounde,Golf,villa,0,1,45.0,21,0,FALSE,FALSE,TRUE,FALSE,TRUE,04/07/2025,agency,121626
LS-01019,Yaounde,Mvog-Betsi,apartment,5,4,136.9,14,3,FALSE,TRUE,FALSE,FALSE,FALSE,06/07/2025,agency,410487
LS-01693,Douala,Bonaberi,apartment,3,3,97.1,16,0,FALSE,FALSE,TRUE,FALSE,FALSE,27/12/2025,agency,228924
LS-00524,Douala,Deido,duplex,0,1,14.0,18,0,FALSE,FALSE,FALSE,TRUE,FALSE,2025-10-03,informal,
LS-02028,Yaounde,Emana,apartment,4,4,133.1,13,4,FALSE,FALSE,FALSE,TRUE,FALSE,2025-12-20,agency,256315
LS-00900,Douala,Bonaberi,apartment,3,2,92.1,17,0,no,TRUE,FALSE,TRUE,FALSE,2026-01-11,portal,136926
LS-03703,Douala,Logpom,apartment,0,1,14.0,5,0,FALSE,FALSE,FALSE,FALSE,FALSE,24/11/2025,agency,82857
LS-02808,Yaounde,Bastos,villa,3,4,104.2,7,0,FALSE,FALSE,FALSE,FALSE,FALSE,2025-11-06,portal,599287
LS-04698,Douala,Logpom,chambre moderne,3,1,99.8,20,2,FALSE,TRUE,FALSE,FALSE,FALSE,2026-02-05,agency,213226
LS-02175,Douala,Akwa,chambre moderne,2,3,72.6,8,0,FALSE,TRUE,TRUE,FALSE,FALSE,2026-05-28,agency,188485
LS-01714,Yaounde,Nsam,studio,2,2,70.1,7,1,FALSE,FALSE,FALSE,FALSE,FALSE,2025-10-09,agency,162072
LS-03125,Douala,Ndokoti,studio,1,2,56.8,4,3,no,FALSE,FALSE,FALSE,FALSE,15/11/2025,agency,59380
LS-00912,Yaounde,Omnisport,chambre moderne,3,3,96.7,23,0,no,TRUE,FALSE,TRUE,FALSE,2026-02-18,agency,190197
LS-04358,Yaounde,Mvog-Betsi,duplex,1,2,49.5,20,1,FALSE,FALSE,FALSE,FALSE,TRUE,2026-06-12,informal,89538
LS-05303,Yaounde,Mvog-Betsi,chambre moderne,2,2,47.8,20,0,TRUE,TRUE,FALSE,FALSE,FALSE,2025-07-26,portal,121903
LS-05269,Douala,Makepe,chambre moderne,2,3,85.5,11,0,TRUE,FALSE,TRUE,FALSE,FALSE,2026-03-19,portal,361575
LS-01464,Yaounde,Nkolbisson,villa,1,2,33.8,20,1,FALSE,FALSE,TRUE,FALSE,FALSE,2026-04-22,portal,89365
LS-03983,Douala,Akwa,villa,4,3,124.3,25,2,FALSE,FALSE,FALSE,FALSE,FALSE,2026-04-25,agency,362826
LS-03000,Yaounde,Bastos,apartment,1,1,54.5,0,0,TRUE,TRUE,TRUE,TRUE,FALSE,2025-07-27,informal,252567
LS-04194,Yaounde,Mvog-Betsi,chambre moderne,3,3,104.4,0,3,TRUE,FALSE,TRUE,FALSE,FALSE,04/10/2025,informal,
LS-02626,Douala,Logpom,duplex,2,2,61.8,28,2,FALSE,TRUE,FALSE,FALSE,FALSE,08/07/2025,agency,171815
LS-04002,Yaounde,Mendong,chambre moderne,2,3,82.7,11,0,FALSE,FALSE,FALSE,FALSE,FALSE,2026-07-20,informal,
LS-01967,Yaounde,Mvog-Betsi,villa,2,2,71.5,23,3,FALSE,TRUE,FALSE,FALSE,FALSE,2026-01-18,agency,118808
LS-06084,Douala,Logpom,villa,3,3,73.0,13,3,FALSE,FALSE,FALSE,FALSE,FALSE,2025-11-29,agency,241504
LS-02437,Yaounde,Omnisport,apartment,1,2,41.9,11,0,FALSE,FALSE,FALSE,TRUE,FALSE,2025-10-15,agency,131465
LS-04379,Douala,Akwa,studio,1,2,56.2,14,0,TRUE,TRUE,FALSE,FALSE,FALSE,2026-07-28,portal,90345
LS-01131,Douala,Bonapriso,apartment,3,4,97.1,17,1,FALSE,FALSE,FALSE,FALSE,TRUE,2026-07-03,portal,328634
LS-02083,Yaounde,Golf,apartment,2,1,74.0,14,0,FALSE,FALSE,TRUE,FALSE,TRUE,2025-07-02,portal,"202,766"
LS-00129,Douala,Bepanda,apartment,1,1,50.6,5,3,FALSE,FALSE,FALSE,FALSE,FALSE,2025-11-04,agency,80810
LS-03851,Douala,Makepe,studio,2,3,76.5,14,0,TRUE,TRUE,FALSE,FALSE,FALSE,01/06/2026,informal,
LS-00743,Douala,Makepe,chambre moderne,4,2,127.5,23,3,FALSE,FALSE,TRUE,FALSE,FALSE,30/01/2026,informal,299629
LS-02589,Yaounde,Bastos,chambre moderne,2,2,69.8,10,1,TRUE,FALSE,TRUE,TRUE,TRUE,2025-09-27,informal,276042
LS-05803,Douala,New Bell,apartment,1,2,31.0,13,1,FALSE,FALSE,FALSE,FALSE,FALSE,2026-01-23,agency,57277
LS-03252,Yaounde,Nsam,apartment,3,3,109.8,16,0,FALSE,FALSE,FALSE,FALSE,FALSE,2026-03-19,agency,233135
LS-01479,Douala,Makepe,apartment,2,2,63.3,0,2,FALSE,TRUE,FALSE,FALSE,FALSE,24/06/2026,agency,140779
LS-00090,Yaounde,Etoudi,apartment,1,1,59.5,18,2,FALSE,FALSE,TRUE,FALSE,FALSE,02/05/2026,informal,96509
LS-01206,Douala,Ndokoti,duplex,0,1,14.0,28,0,FALSE,TRUE,FALSE,FALSE,FALSE,2025-12-17,informal,33319
LS-03559,Yaounde,Nsam,villa,1,1,53.5,0,1,FALSE,FALSE,TRUE,FALSE,FALSE,2026-07-18,agency,82541
LS-01339,Douala,Makepe,duplex,3,3,104.6,0,3,FALSE,TRUE,TRUE,TRUE,FALSE,26/03/2026,portal,471352
LS-05462,Douala,Bonamoussadi,apartment,3,3,103.1,17,2,FALSE,FALSE,FALSE,FALSE,FALSE,2026-03-04,agency,400712
LS-00165,Douala,Logpom,apartment,0,1,28.7,14,0,FALSE,TRUE,TRUE,FALSE,FALSE,2025-12-12,portal,98554
LS-05267,Yaounde,Omnisport,villa,3,3,106.5,16,3,FALSE,TRUE,TRUE,TRUE,FALSE,2025-12-12,agency,558083
LS-04162,Yaounde,Mendong,villa,2,3,66.7,16,3,TRUE,FALSE,FALSE,FALSE,FALSE,2025-07-05,agency,145547
LS-04132,Douala,New Bell,villa,2,2,88.0,20,2,TRUE,FALSE,FALSE,TRUE,FALSE,2025-09-15,agency,171184
LS-04264,Douala,New Bell,chambre moderne,3,2,98.6,0,0,FALSE,FALSE,FALSE,FALSE,FALSE,2025-12-30,portal,243367
LS-01235,Yaounde,Mimboman,duplex,1,2,43.8,18,2,FALSE,FALSE,TRUE,FALSE,FALSE,2026-04-23,agency,104596
LS-05915,Yaounde,Nsam,apartment,0,1,23.3,11,1,FALSE,TRUE,FALSE,TRUE,FALSE,2025-08-22,agency,63188
LS-02470,Yaounde,Nsam,apartment,1,1,45.0 m2,19,4,FALSE,FALSE,FALSE,FALSE,FALSE,31/07/2025,agency,79675
LS-03805,Yaounde,Nkolbisson,chambre moderne,2,2,58.0,18,3,TRUE,FALSE,TRUE,FALSE,FALSE,2026-02-20,agency,82812
LS-03762,Yaounde,Biyem-Assi,apartment,3,2,95.6,33,4,FALSE,FALSE,TRUE,FALSE,FALSE,2025-09-23,agency,125388
LS-04161,Douala,Makepe,studio,2,2,71.9,27,1,TRUE,FALSE,FALSE,TRUE,FALSE,2025-10-28,agency,133925
LS-00661,Douala,Bonanjo,apartment,3,2,101.1,25,0,FALSE,TRUE,FALSE,TRUE,FALSE,2026-04-02,portal,346487
LS-03442,Yaounde,Emana,studio,0,1,23.6,23,0,FALSE,FALSE,TRUE,FALSE,FALSE,2025-12-21,portal,"52,839"
LS-05885,Douala,Makepe,studio,2,2,96.2,7,1,FALSE,TRUE,TRUE,FALSE,TRUE,2026-04-30,agency,360944
LS-01068,Douala,Logpom,chambre moderne,2,3,78.6,19,4,FALSE,TRUE,TRUE,TRUE,FALSE,2025-10-03,informal,169753
LS-04314,Yaounde,Mendong,apartment,1,1,57.9,0,0,FALSE,TRUE,FALSE,FALSE,FALSE,2026-02-05,portal,87528
LS-03276,Douala,Akwa,apartment,1,1,43.1,14,1,TRUE,FALSE,TRUE,FALSE,TRUE,2026-06-25,agency,73013
LS-05779,Douala,Bonanjo,studio,2,2,71.3,14,4,TRUE,TRUE,TRUE,FALSE,FALSE,2026-06-14,agency,231152
LS-00728,Douala,PK14,apartment,3,2,100.2,10,1,FALSE,FALSE,FALSE,FALSE,FALSE,2025-12-24,agency,218000
LS-00750,Douala,New Bell,duplex,1,2,52.8,20,3,FALSE,FALSE,TRUE,FALSE,FALSE,2025-12-13,agency,63370
LS-01079,Yaounde,Etoudi,studio,0,1,23.2,16,1,FALSE,TRUE,FALSE,TRUE,TRUE,2025-11-05,agency,70572
LS-01911,Douala,Bepanda,studio,0,1,24.6,0,1,FALSE,FALSE,TRUE,FALSE,FALSE,2026-05-08,informal,81749
LS-01578,Yaounde,Bastos,apartment,1,2,47.2,7,1,TRUE,FALSE,TRUE,TRUE,FALSE,05/07/2025,informal,170125
LS-05065,Yaounde,Etoudi,apartment,5,3,137.7,21,2,FALSE,FALSE,FALSE,TRUE,FALSE,2026-02-25,portal,487053
LS-02981,Yaounde,Omnisport,apartment,4,3,144.2,12,3,FALSE,FALSE,FALSE,FALSE,FALSE,17/05/2026,agency,398094
LS-03585,Douala,Makepe,studio,1,2,69.3,13,2,FALSE,FALSE,TRUE,TRUE,FALSE,2026-05-12,informal,
LS-00815,Douala,Bepanda,apartment,2,2,64.1,16,1,no,FALSE,FALSE,TRUE,FALSE,2026-02-25,agency,95117
LS-01702,Yaounde,Nkolbisson,apartment,0,1,14.0,20,4,FALSE,FALSE,FALSE,TRUE,FALSE,2025-08-27,portal,47357
LS-00499,Douala,New Bell,studio,0,1,15.0,13,1,FALSE,FALSE,TRUE,FALSE,FALSE,2026-01-26,portal,68062
LS-00631,Douala,Deido,apartment,3,3,112.3,23,2,yes,FALSE,TRUE,FALSE,FALSE,2026-03-06,informal,
LS-03198,Yaounde,Omnisport,apartment,1,1,50.3,16,1,FALSE,FALSE,FALSE,FALSE,FALSE,2025-07-17,portal,81053
LS-02094,Yaounde,Emana,duplex,2,2,60.1,1,1,FALSE,FALSE,TRUE,FALSE,FALSE,2025-07-05,agency,134249
LS-01175,Douala,Bonaberi,chambre moderne,3,3,101.0,10,4,FALSE,TRUE,FALSE,FALSE,TRUE,2026-06-25,agency,280873
LS-02374,Douala,Bonamoussadi,apartment,2,2,96.0,0,1,FALSE,FALSE,FALSE,FALSE,FALSE,2025-07-03,portal,238041
LS-04806,Yaounde,Mvog-Betsi,apartment,2,2,76.8,7,3,FALSE,FALSE,FALSE,FALSE,FALSE,2025-12-01,agency,151342
LS-01167,Yaounde,Nkolbisson,apartment,2,2,75.4,0,3,FALSE,FALSE,FALSE,FALSE,FALSE,01/08/2025,agency,138614
LS-01083,Douala,Bonapriso,apartment,3,2,102.4,20,1,FALSE,FALSE,FALSE,TRUE,FALSE,2025-09-14,portal,366473
LS-04803,Yaounde,Bastos,studio,2,3,68.5,7,0,FALSE,TRUE,TRUE,FALSE,FALSE,2025-11-18,portal,366317
LS-00459,Douala,Makepe,studio,4,4,116.8,31,1,yes,FALSE,TRUE,FALSE,FALSE,20/12/2025,portal,553867
LS-03549,Yaounde,Mendong,chambre moderne,1,1,66.1,39,4,FALSE,FALSE,TRUE,FALSE,FALSE,2026-07-01,agency,107607
LS-04346,Yaounde,Emana,apartment,4,2,113.6,8,1,FALSE,FALSE,TRUE,FALSE,FALSE,2025-12-10,agency,290467
LS-05227,Douala,New Bell,apartment,1,2,61.8,23,2,TRUE,TRUE,FALSE,FALSE,FALSE,2026-07-23,informal,84818
LS-04890,Yaounde,Biyem-Assi,apartment,2,1,84.1,6,1,FALSE,FALSE,FALSE,FALSE,TRUE,2025-07-18,agency,186684
LS-00101,Douala,Logpom,apartment,2,2,77.5,18,3,TRUE,TRUE,TRUE,FALSE,FALSE,2025-07-12,agency,156143
LS-02968,Yaounde,Mendong,chambre moderne,2,3,68.1,12,2,no,FALSE,TRUE,FALSE,FALSE,10/08/2025,agency,199380
LS-03064,Yaounde,Emana,duplex,3,1,88.2,10,0,FALSE,FALSE,TRUE,FALSE,FALSE,2025-09-17,agency,123955
LS-01897,Douala,Bonaberi,studio,0,1,15.5,27,3,yes,FALSE,TRUE,FALSE,FALSE,2026-07-31,agency,57547
LS-05356,Yaounde,Mvog-Betsi,apartment,1,1,57.1,23,4,FALSE,TRUE,FALSE,TRUE,FALSE,2026-07-15,informal,
LS-05252,Yaounde,Omnisport,apartment,3,1,108.4,0,4,TRUE,FALSE,FALSE,TRUE,TRUE,2025-12-14,portal,368752
LS-04816,Douala,Makepe,chambre moderne,5,4,159.2,4,0,FALSE,TRUE,FALSE,FALSE,FALSE,2026-06-02,agency,1076865
LS-03974,Yaounde,Omnisport,studio,2,2,84.7,21,1,FALSE,FALSE,TRUE,FALSE,FALSE,2025-08-20,agency,188914
LS-03467,Douala,Deido,duplex,0,1,14.0,26,3,TRUE,FALSE,TRUE,TRUE,FALSE,2026-06-01,agency,58905
LS-05428,Douala,Akwa,apartment,2,3,87.6,25,2,FALSE,FALSE,TRUE,FALSE,TRUE,04/06/2026,agency,265804
LS-02748,Yaounde,Nkolbisson,villa,2,3,77.2,23,0,TRUE,FALSE,FALSE,FALSE,FALSE,2025-08-22,agency,84008
LS-03478,Douala,Bonamoussadi,apartment,2,2,66.2,21,3,FALSE,TRUE,TRUE,FALSE,TRUE,2025-07-10,agency,254232
LS-05748,Douala,Bepanda,apartment,2,1,73.7,11,0,FALSE,FALSE,FALSE,FALSE,FALSE,2026-01-05,agency,98101
LS-02542,Douala,Bonaberi,duplex,4,1,131.1,0,1,FALSE,TRUE,FALSE,FALSE,FALSE,07/09/2025,agency,502301
LS-04204,Yaounde,Mendong,chambre moderne,4,2,108.7,0,1,FALSE,TRUE,TRUE,FALSE,FALSE,2025-11-18,agency,355937
LS-05463,Douala,PK14,chambre moderne,1,2,42.5,11,1,FALSE,FALSE,FALSE,TRUE,FALSE,2026-03-05,portal,64710
LS-02765,Douala,Bepanda,apartment,3,2,87.7,19,1,FALSE,FALSE,FALSE,FALSE,FALSE,2025-12-02,agency,155544
LS-00265,Yaounde,Mvog-Betsi,villa,1,2,49.6,6,0,FALSE,FALSE,TRUE,FALSE,FALSE,27/03/2026,informal,"151,251"
LS-03894,Yaounde,Bastos,apartment,2,1,79.0,14,1,FALSE,TRUE,TRUE,FALSE,FALSE,2025-08-27,portal,304270
LS-04348,Douala,Logpom,apartment,3,2,100.5,9,3,TRUE,TRUE,TRUE,FALSE,FALSE,2026-04-08,informal,227893
LS-02732,Yaounde,Emana,apartment,3,3,112.1,18,0,FALSE,FALSE,FALSE,FALSE,FALSE,2026-08-14,agency,266944
LS-00167,Douala,Bonapriso,apartment,3,2,99.0,11,2,FALSE,FALSE,FALSE,TRUE,FALSE,2025-10-19,portal,437334
LS-00977,Yaounde,Mendong,studio,2,2,262.4,5,3,FALSE,FALSE,FALSE,FALSE,FALSE,2025-07-14,agency,391793
LS-05323,Yaounde,Nsam,apartment,4,4,132.0,36,1,FALSE,FALSE,FALSE,FALSE,FALSE,2026-05-26,agency,578911
LS-00261,Douala,Bonamoussadi,chambre moderne,1,1,46.3,4,4,FALSE,FALSE,FALSE,FALSE,TRUE,2025-07-12,informal,185975
LS-06063,Douala,Bepanda,chambre moderne,4,3,141.2,17,1,TRUE,FALSE,FALSE,FALSE,FALSE,2026-07-15,portal,455703
LS-00662,Yaounde,Mvan,apartment,3,3,110.5,6,0,FALSE,TRUE,FALSE,FALSE,FALSE,2026-07-18,portal,256888
LS-00784,Yaounde,Golf,chambre moderne,2,2,81.0,17,2,TRUE,TRUE,FALSE,TRUE,TRUE,2025-09-05,portal,175802
LS-05984,Yaounde,Mimboman,duplex,3,1,86.8,7,1,FALSE,FALSE,FALSE,FALSE,FALSE,2026-04-29,informal,270092
LS-04891,Douala,Bonapriso,studio,1,1,40.4,14,2,FALSE,FALSE,TRUE,FALSE,FALSE,27/11/2025,agency,136738
LS-02159,Douala,PK14,apartment,3,3,103.2,0,0,FALSE,FALSE,TRUE,FALSE,FALSE,2025-08-20,agency,156135
LS-05507,Yaounde,Nsam,studio,3,1,93.9,27,1,FALSE,FALSE,FALSE,FALSE,FALSE,2026-06-17,agency,182216
LS-01007,Douala,PK14,apartment,1,2,60.2,20,0,FALSE,FALSE,TRUE,FALSE,FALSE,2025-07-25,informal,71757
LS-02089,Douala,New Bell,apartment,2,2,52.8,0,2,TRUE,FALSE,FALSE,FALSE,FALSE,2026-01-14,agency,96644
LS-01307,Douala,Bonanjo,studio,1,1,45.6,18,1,TRUE,FALSE,FALSE,TRUE,FALSE,2026-04-19,portal,100262
LS-05169,Douala,Makepe,apartment,1,1,48.1 m2,15,0,TRUE,FALSE,FALSE,FALSE,FALSE,2026-08-06,informal,130488
LS-04962,Yaounde,Mimboman,apartment,1,1,43.7,3,3,FALSE,FALSE,TRUE,FALSE,FALSE,2026-03-29,informal,100752
LS-03365,Douala,Bonaberi,duplex,1,1,49.5,14,1,FALSE,TRUE,FALSE,FALSE,FALSE,2025-07-04,agency,118795
LS-01184,Yaounde,Mvan,villa,0,1,20.6,19,4,TRUE,FALSE,TRUE,FALSE,FALSE,2025-11-20,portal,74450
LS-03037,Douala,New Bell,apartment,2,3,87.3,0,0,FALSE,FALSE,FALSE,FALSE,FALSE,2025-11-25,portal,258356
LS-03240,Douala,Bonapriso,duplex,1,1,14.0,9,1,TRUE,FALSE,TRUE,FALSE,FALSE,2026-04-08,agency,165029
LS-01364,Douala,Makepe,duplex,3,2,107.3,12,4,FALSE,FALSE,FALSE,FALSE,TRUE,2026-06-05,agency,320827
LS-04144,Douala,Ndokoti,studio,2,3,70.4,7,0,FALSE,FALSE,FALSE,FALSE,FALSE,2026-01-14,agency,127715
LS-00004,Douala,Akwa,villa,3,2,94.4,8,0,FALSE,FALSE,TRUE,FALSE,FALSE,28/02/2026,informal,409599
LS-01783,Douala,Bonapriso,apartment,4,3,119.0,14,3,FALSE,FALSE,TRUE,TRUE,TRUE,2026-08-03,portal,619696
LS-02381,Douala,PK14,apartment,3,2,130.5,18,1,FALSE,FALSE,FALSE,FALSE,FALSE,2026-06-26,agency,239238
LS-02400,Douala,Deido,apartment,4,3,139.7,17,1,FALSE,FALSE,TRUE,FALSE,FALSE,2026-03-24,agency,306248
LS-04927,Douala,Bonamoussadi,studio,3,2,114.7,0,0,TRUE,FALSE,FALSE,TRUE,TRUE,2025-07-26,portal,415426
LS-02653,Douala,Bonamoussadi,studio,4,4,124.4,13,0,FALSE,TRUE,TRUE,FALSE,TRUE,2026-03-15,portal,707165
LS-05621,Yaounde,Mvan,apartment,3,3,103.7,6,2,TRUE,FALSE,FALSE,FALSE,FALSE,2026-07-03,agency,178468
LS-05760,Yaounde,Mendong,apartment,5,3,166.1,29,2,no,FALSE,FALSE,FALSE,FALSE,2026-05-06,portal,663376
LS-03107,Yaounde,Etoudi,chambre moderne,2,2,70.7,32,2,FALSE,TRUE,TRUE,FALSE,FALSE,2026-06-21,agency,101792
LS-03320,Douala,Bonapriso,apartment,3,2,101.4,12,0,FALSE,TRUE,TRUE,FALSE,FALSE,2026-03-27,informal,
LS-01361,Yaounde,Emana,apartment,2,2,80.5,10,1,FALSE,FALSE,FALSE,FALSE,FALSE,2026-06-04,informal,76642
LS-03492,Yaounde,Mvog-Betsi,villa,3,2,103.0,38,1,FALSE,FALSE,FALSE,FALSE,FALSE,2025-09-07,agency,143042
LS-02722,Yaounde,Etoudi,villa,2,2,64.3,24,4,FALSE,TRUE,TRUE,FALSE,FALSE,2025-07-21,agency,84841
LS-01135,Douala,Logpom,apartment,2,2,65.4,1,0,FALSE,FALSE,FALSE,FALSE,TRUE,2025-11-29,portal,164548
LS-00453,Yaounde,Mendong,apartment,4,4,137.5,13,0,TRUE,FALSE,FALSE,FALSE,FALSE,2025-12-04,agency,476011
LS-01402,Yaounde,Nsam,villa,2,2,80.5,6,0,FALSE,FALSE,TRUE,TRUE,FALSE,2026-04-19,portal,169444
LS-06097,Yaounde,Mvog-Betsi,chambre moderne,2,3,72.3,13,1,FALSE,TRUE,FALSE,FALSE,FALSE,2026-02-28,agency,156670
LS-01533,Douala,Bepanda,villa,1,1,62.9,0,0,FALSE,FALSE,TRUE,FALSE,FALSE,25/07/2026,portal,92686
LS-03945,Douala,PK14,studio,2,2,63.3,13,1,FALSE,TRUE,TRUE,FALSE,FALSE,2026-03-18,informal,
LS-05042,Yaounde,Omnisport,apartment,0,1,23.0,18,1,TRUE,FALSE,TRUE,FALSE,FALSE,2025-12-19,agency,"47,783"
LS-03273,Douala,Bonamoussadi,apartment,1,2,72.4,35,3,FALSE,FALSE,TRUE,FALSE,FALSE,2025-10-28,portal,175204
LS-01676,Douala,Bonamoussadi,villa,2,2,93.0,19,1,TRUE,FALSE,TRUE,TRUE,FALSE,23/08/2025,agency,270811
LS-02540,Yaounde,Mvog-Betsi,apartment,2,2,106.0,17,1,TRUE,TRUE,FALSE,FALSE,FALSE,2026-02-12,portal,216095
LS-05253,Yaounde,Mimboman,apartment,4,2,110.8,31,3,FALSE,TRUE,FALSE,FALSE,FALSE,04/02/2026,informal,
LS-04876,Douala,Akwa,apartment,1,2,63.2 m2,13,2,FALSE,TRUE,TRUE,FALSE,FALSE,27/02/2026,portal,189616
LS-04882,Douala,Ndokoti,apartment,3,4,115.2,20,3,FALSE,TRUE,TRUE,FALSE,FALSE,2025-09-16,portal,206158
LS-05063,Douala,Bonamoussadi,studio,2,2,68.6,21,0,FALSE,FALSE,TRUE,TRUE,TRUE,2025-11-12,agency,163517
LS-05326,Yaounde,Golf,apartment,2,2,66.0,20,3,TRUE,FALSE,FALSE,TRUE,TRUE,2026-07-18,agency,348210
LS-04525,Douala,Bepanda,apartment,2,2,79.3,23,4,TRUE,FALSE,FALSE,FALSE,FALSE,2026-02-14,informal,"113,090"
LS-03220,Douala,Logpom,villa,2,2,71.4,10,4,FALSE,FALSE,FALSE,FALSE,TRUE,2025-11-25,agency,160830
LS-04380,Douala,Bonapriso,apartment,3,2,97.9,12,3,TRUE,FALSE,FALSE,TRUE,FALSE,2025-08-01,agency,430731
LS-02013,Douala,Deido,studio,2,2,70.8,10,1,FALSE,FALSE,TRUE,TRUE,FALSE,2025-09-08,agency,106890
LS-03167,Douala,Akwa,chambre moderne,1,2,48.8,12,0,TRUE,FALSE,TRUE,TRUE,TRUE,2026-01-19,portal,128948
LS-00941,Douala,Bonanjo,apartment,3,3,111.2,3,0,TRUE,TRUE,FALSE,TRUE,FALSE,2025-09-04,portal,372011
LS-05088,Douala,Bonapriso,apartment,2,2,71.4,7,2,TRUE,TRUE,TRUE,FALSE,TRUE,2025-10-10,agency,234222
LS-00908,Yaounde,Nkolbisson,villa,4,3,130.1,22,1,TRUE,FALSE,FALSE,FALSE,FALSE,2026-01-26,agency,282696
LS-05024,Yaounde,Mendong,chambre moderne,1,2,48.0,26,1,FALSE,FALSE,TRUE,FALSE,FALSE,2026-08-07,agency,61389
LS-04421,Yaounde,Omnisport,studio,2,1,67.1,22,2,TRUE,FALSE,TRUE,TRUE,FALSE,2026-06-04,agency,300478
LS-03768,Douala,Bonapriso,apartment,2,1,89.2,16,0,TRUE,FALSE,FALSE,TRUE,FALSE,2025-11-21,agency,366702
LS-02642,Douala,PK14,apartment,3,2,83.4,24,2,FALSE,FALSE,FALSE,FALSE,FALSE,2025-11-23,agency,149263
LS-02122,Yaounde,Mvog-Betsi,chambre moderne,3,2,140.4,4,2,no,FALSE,FALSE,TRUE,FALSE,2026-02-26,agency,230933
LS-00873,Yaounde,Nsam,chambre moderne,3,2,109.6,14,0,FALSE,FALSE,TRUE,FALSE,FALSE,22/05/2026,agency,270484
LS-05498,Douala,Bonanjo,apartment,1,2,65.5,1,4,TRUE,FALSE,TRUE,TRUE,TRUE,2025-07-17,informal,201703
LS-03254,Yaounde,Biyem-Assi,apartment,4,3,142.2,18,0,TRUE,TRUE,TRUE,FALSE,FALSE,2025-08-04,portal,633238
LS-02562,Yaounde,Omnisport,apartment,3,2,94.4,0,2,TRUE,FALSE,TRUE,FALSE,TRUE,2025-11-19,agency,302758
LS-01365,Douala,Bonaberi,duplex,2,2,84.8,19,1,FALSE,FALSE,TRUE,FALSE,FALSE,2026-01-20,portal,146142
LS-02531,Douala,Bonaberi,duplex,2,1,72.3,8,0,FALSE,FALSE,TRUE,FALSE,TRUE,2026-07-27,informal,132688
LS-01128,Douala,Bonapriso,apartment,2,3,80.8 m2,16,0,TRUE,TRUE,TRUE,TRUE,TRUE,2026-03-16,informal,408467
LS-03073,Yaounde,Bastos,apartment,0,1,23.3,24,4,TRUE,TRUE,FALSE,TRUE,FALSE,2025-07-21,agency,118504
LS-06163,Yaounde,Omnisport,duplex,3,3,99.3,23,3,FALSE,FALSE,TRUE,FALSE,FALSE,2026-07-10,agency,248937
LS-06120,Douala,Bonanjo,villa,2,2,64.1,11,0,no,TRUE,FALSE,FALSE,FALSE,2025-08-15,agency,"254,518"
LS-03835,Douala,Deido,apartment,3,1,90.7,29,4,FALSE,TRUE,FALSE,TRUE,FALSE,2025-07-29,agency,250732
LS-00178,Yaounde,Nkolbisson,studio,0,1,30.2,10,4,FALSE,FALSE,FALSE,FALSE,TRUE,2025-07-29,agency,61212
LS-00160,Douala,Ndokoti,apartment,4,3,120.4,28,3,FALSE,FALSE,FALSE,FALSE,FALSE,2026-06-03,portal,317082
LS-03386,Douala,Akwa,villa,2,2,79.3,0,2,no,FALSE,FALSE,FALSE,FALSE,2025-09-22,agency,298957
LS-04153,Yaounde,Emana,apartment,2,2,55.0,14,0,FALSE,FALSE,FALSE,FALSE,FALSE,25/03/2026,agency,138999
LS-04410,Yaounde,Mimboman,apartment,4,2,127.1,12,0,FALSE,FALSE,TRUE,FALSE,FALSE,2026-04-24,agency,401568
LS-03096,Yaounde,Omnisport,chambre moderne,4,4,124.0,0,0,FALSE,FALSE,FALSE,TRUE,FALSE,2026-03-05,agency,749478
LS-02286,Yaounde,Emana,apartment,1,1,34.2,27,1,FALSE,FALSE,FALSE,FALSE,FALSE,2026-07-30,agency,45816
LS-01296,Douala,New Bell,apartment,5,4,145.2,13,0,FALSE,FALSE,TRUE,FALSE,FALSE,2026-04-05,agency,503736
LS-03311,Yaounde,Omnisport,apartment,2,3,68.0,4,4,TRUE,FALSE,TRUE,FALSE,FALSE,2025-12-10,agency,190228
LS-03215,Douala,Ndokoti,chambre moderne,2,2,94.4,0,0,FALSE,FALSE,TRUE,FALSE,FALSE,2026-04-22,agency,"171,955"
LS-03878,Yaounde,Nsam,apartment,3,2,102.2,32,4,FALSE,FALSE,FALSE,TRUE,FALSE,2026-04-09,agency,141193
LS-02804,Douala,Bonamoussadi,apartment,1,2,54.3,30,0,FALSE,FALSE,FALSE,TRUE,FALSE,2025-07-11,informal,143035
LS-03308,Douala,Ndokoti,apartment,2,2,86.0,6,1,TRUE,FALSE,FALSE,FALSE,FALSE,2026-02-03,agency,112536
LS-02235,Douala,Makepe,studio,2,3,64.3,11,4,no,FALSE,TRUE,FALSE,TRUE,2026-06-09,portal,267067
LS-05012,Yaounde,Mvog-Betsi,studio,2,2,76.2,15,2,TRUE,TRUE,FALSE,FALSE,FALSE,2025-08-29,agency,112962
LS-01810,Douala,New Bell,studio,1,2,35.2,26,2,FALSE,TRUE,FALSE,TRUE,FALSE,2026-01-05,agency,77482
LS-00682,Yaounde,Nkolbisson,villa,2,1,78.2,5,4,FALSE,TRUE,FALSE,FALSE,FALSE,2025-07-29,informal,100300
LS-02422,Douala,Logpom,villa,3,1,100.6,28,2,TRUE,TRUE,TRUE,FALSE,TRUE,22/11/2025,agency,"232,118"
LS-04669,Douala,Logpom,chambre moderne,5,2,144.9,22,1,FALSE,FALSE,TRUE,TRUE,FALSE,30/06/2026,portal,567711
LS-03480,Douala,Bonamoussadi,villa,1,1,69.8,0,4,FALSE,TRUE,TRUE,FALSE,FALSE,2026-08-07,portal,215633
LS-05223,Yaounde,Mendong,villa,2,1,78.7,8,2,FALSE,FALSE,TRUE,FALSE,FALSE,2025-12-03,informal,
LS-01445,Yaounde,Mendong,apartment,1,2,38.9,22,1,FALSE,FALSE,FALSE,FALSE,FALSE,19/06/2026,informal,37961
LS-04528,Douala,Deido,duplex,3,3,103.9,3,3,FALSE,FALSE,FALSE,TRUE,FALSE,2025-11-21,agency,394185
LS-04944,Douala,Akwa,villa,1,1,31.3,7,0,FALSE,TRUE,FALSE,TRUE,FALSE,2026-07-03,portal,92483
LS-03457,Yaounde,Etoudi,apartment,0,1,18.2,16,2,FALSE,FALSE,TRUE,FALSE,FALSE,2025-11-05,agency,74655
LS-01532,Yaounde,Etoudi,studio,1,2,46.9,9,1,FALSE,FALSE,FALSE,FALSE,FALSE,2025-11-22,portal,95107
LS-05556,Yaounde,Emana,apartment,2,2,85.5,9,0,FALSE,TRUE,FALSE,FALSE,FALSE,2026-08-04,informal,122881
LS-02396,Yaounde,Mvog-Betsi,duplex,2,1,65.7,17,4,TRUE,FALSE,FALSE,FALSE,FALSE,2025-07-12,agency,95490
LS-02389,Yaounde,Mvog-Betsi,apartment,2,2,73.4,15,0,FALSE,FALSE,FALSE,FALSE,TRUE,2026-01-02,agency,90552
LS-03952,Yaounde,Mvan,studio,2,2,82.6,15,3,FALSE,TRUE,FALSE,FALSE,TRUE,2025-07-11,agency,233997
LS-01390,Douala,Bonanjo,apartment,2,1,60.4,13,1,FALSE,TRUE,TRUE,TRUE,TRUE,2026-07-30,informal,
LS-04419,Yaounde,Emana,villa,0,1,27.1,37,2,TRUE,FALSE,FALSE,FALSE,FALSE,2025-12-29,agency,34944
LS-05705,Yaounde,Mimboman,apartment,3,3,92.4,36,1,TRUE,FALSE,FALSE,TRUE,FALSE,2025-07-29,agency,134897
LS-05562,Yaounde,Bastos,studio,2,3,80.1,25,2,TRUE,TRUE,TRUE,FALSE,TRUE,2025-08-06,agency,"474,301"
LS-04954,Douala,Deido,villa,5,4,145.3,0,3,FALSE,TRUE,FALSE,FALSE,FALSE,2026-07-13,portal,"510,882"
LS-02163,Douala,New Bell,villa,2,2,95.9,17,4,FALSE,TRUE,FALSE,FALSE,TRUE,26/12/2025,portal,211516
LS-04531,Yaounde,Emana,apartment,1,1,49.0,0,1,FALSE,FALSE,TRUE,TRUE,FALSE,2025-08-03,portal,170221
LS-05459,Yaounde,Mendong,apartment,2,2,66.2,6,0,TRUE,FALSE,TRUE,FALSE,FALSE,2025-07-20,informal,79721
LS-01922,Yaounde,Bastos,duplex,3,3,99.7,0,2,FALSE,TRUE,FALSE,FALSE,TRUE,2025-11-30,agency,422579
LS-00512,Yaounde,Etoudi,villa,3,3,88.6,0,4,FALSE,FALSE,FALSE,FALSE,FALSE,13/07/2026,informal,
